season,level,sport,fy,metric,value,raw,is_numeric,cell
Fall,HS,Boys CC,2024,2nd Sibling,1.0,1,1,H6
Fall,HS,Boys CC,2024,Coaches,2234.5,2234.5,1,AO6
Fall,HS,Boys CC,2024,Costs for all 3 Seasons,,MIAA 1/3 4550. -1516.67,0,AX6
Fall,HS,Boys CC,2024,Due,0.0,0,1,Z6
Fall,HS,Boys CC,2024,Dues & Fees,693.0,693,1,BA6
Fall,HS,Boys CC,2024,Expected Fees Received,2140.0,2140,1,W6
Fall,HS,Boys CC,2024,Full Pay,8.0,8,1,E6
Fall,HS,Boys CC,2024,Full Waiver,1.0,1,1,N6
Fall,HS,Boys CC,2024,Misc,350.4,350.4,1,BJ6
Fall,HS,Boys CC,2024,Official,344.0,344,1,AF6
Fall,HS,Boys CC,2024,Total Athletes,10.0,10,1,B6
Fall,HS,Boys CC,2024,Total Expenses,5675.65,5675.65,1,BM6
Fall,HS,Boys CC,2024,Total Received,2140.0,2140,1,AC6
Fall,HS,Boys CC,2024,Transportation,2053.75,2053.75,1,AR6
Fall,HS,Boys CC,2025,2nd Sibling,0.0,0,1,I6
Fall,HS,Boys CC,2025,3rd sibling,0.0,0,1,L6
Fall,HS,Boys CC,2025,Coaches,2290.5,2290.5,1,AP6
Fall,HS,Boys CC,2025,Costs for all 3 Seasons,,MSSADA 1/3 250 - 83.33,0,AY6
Fall,HS,Boys CC,2025,Due,0.0,0,1,AA6
Fall,HS,Boys CC,2025,Dues & Fees,447.0,447,1,BB6
Fall,HS,Boys CC,2025,Expected Fees Received,1782.5,1782.5,1,X6
Fall,HS,Boys CC,2025,Full Pay,7.0,7,1,F6
Fall,HS,Boys CC,2025,Full Waiver,1.0,1,1,O6
Fall,HS,Boys CC,2025,HS Red Fee,1.0,1,1,R6
Fall,HS,Boys CC,2025,MS Red Fee,0.0,0,1,U6
Fall,HS,Boys CC,2025,Misc,252.0,252,1,BK6
Fall,HS,Boys CC,2025,Official,132.0,132,1,AG6
Fall,HS,Boys CC,2025,Total Athletes,9.0,9,1,C6
Fall,HS,Boys CC,2025,Total Expenses,4865.875,4865.875,1,BN6
Fall,HS,Boys CC,2025,Total Received,1782.5,1782.5,1,AD6
Fall,HS,Boys CC,2025,Transportation,1744.375,1744.375,1,AS6
Fall,HS,Boys CC,2026,Total Athletes,4.0,4,1,D6
Fall,HS,Boys Soccer,2024,2nd Sibling,4.0,4,1,H11
Fall,HS,Boys Soccer,2024,Assignor,256.0,256,1,AI11
Fall,HS,Boys Soccer,2024,Coaches,4469.0,4469,1,AO11
Fall,HS,Boys Soccer,2024,Costs for all 3 Seasons,,Letters & Pins 1/3 1005.50 -353.16,0,AX11
Fall,HS,Boys Soccer,2024,Due,0.0,0,1,Z11
Fall,HS,Boys Soccer,2024,Equipment,378.48,378.48,1,BG11
Fall,HS,Boys Soccer,2024,Expected Fees Received,7310.0,7310,1,W11
Fall,HS,Boys Soccer,2024,Full Pay,27.0,27,1,E11
Fall,HS,Boys Soccer,2024,Full Waiver,6.0,6,1,N11
Fall,HS,Boys Soccer,2024,Official,3648.32,3648.32,1,AF11
Fall,HS,Boys Soccer,2024,Total Athletes,37.0,37,1,B11
Fall,HS,Boys Soccer,2024,Total Expenses,14637.8,14637.8,1,BM11
Fall,HS,Boys Soccer,2024,Total Received,7310.0,7310,1,AC11
Fall,HS,Boys Soccer,2024,Transportation,5886.0,5886,1,AR11
Fall,HS,Boys Soccer,2025,2nd Sibling,1.0,1,1,I11
Fall,HS,Boys Soccer,2025,3rd sibling,0.0,0,1,L11
Fall,HS,Boys Soccer,2025,Assignor,220.0,220,1,AJ11
Fall,HS,Boys Soccer,2025,Coaches,6519.0,6519,1,AP11
Fall,HS,Boys Soccer,2025,Costs for all 3 Seasons,,coach passes 1/3 35 - 11.66,0,AY11
Fall,HS,Boys Soccer,2025,Due,0.0,0,1,AA11
Fall,HS,Boys Soccer,2025,Equipment,411.3,411.3,1,BH11
Fall,HS,Boys Soccer,2025,Expected Fees Received,6922.5,6922.5,1,X11
Fall,HS,Boys Soccer,2025,Full Pay,27.0,27,1,F11
Fall,HS,Boys Soccer,2025,Full Waiver,6.0,6,1,O11
Fall,HS,Boys Soccer,2025,HS Red Fee,1.0,1,1,R11
Fall,HS,Boys Soccer,2025,MS Red Fee,0.0,0,1,U11
Fall,HS,Boys Soccer,2025,Official,3266.16,3266.16,1,AG11
Fall,HS,Boys Soccer,2025,Total Athletes,35.0,35,1,C11
Fall,HS,Boys Soccer,2025,Total Expenses,15628.84,15628.84,1,BN11
Fall,HS,Boys Soccer,2025,Total Received,6922.5,6922.5,1,AD11
Fall,HS,Boys Soccer,2025,Transportation,5212.38,5212.38,1,AS11
Fall,HS,Boys Soccer,2026,Total Athletes,33.0,33,1,D11
Fall,HS,Cheer,2024,Coaches,945.5,945.5,1,AO5
Fall,HS,Cheer,2024,Costs for all 3 Seasons,,NATA Trainer 1/3 81.66,0,AX5
Fall,HS,Cheer,2024,Due,0.0,0,1,Z5
Fall,HS,Cheer,2024,Dues & Fees,525.0,525,1,BA5
Fall,HS,Cheer,2024,Expected Fees Received,2250.0,2250,1,W5
Fall,HS,Cheer,2024,Full Pay,9.0,9,1,E5
Fall,HS,Cheer,2024,Full Waiver,5.0,5,1,N5
Fall,HS,Cheer,2024,Official,0.0,0,1,AF5
Fall,HS,Cheer,2024,Total Athletes,14.0,14,1,B5
Fall,HS,Cheer,2024,Total Expenses,5906.0,5906,1,BM5
Fall,HS,Cheer,2024,Total Received,2250.0,2250,1,AC5
Fall,HS,Cheer,2024,Transportation,4435.5,4435.5,1,AR5
Fall,HS,Cheer,2025,2nd Sibling,0.0,0,1,I5
Fall,HS,Cheer,2025,3rd sibling,0.0,0,1,L5
Fall,HS,Cheer,2025,Coaches,2439.0,2439,1,AP5
Fall,HS,Cheer,2025,Costs for all 3 Seasons,,MIAA 1/3 4550. -1516.67,0,AY5
Fall,HS,Cheer,2025,Due,0.0,0,1,AA5
Fall,HS,Cheer,2025,Dues & Fees,385.0,385,1,BB5
Fall,HS,Cheer,2025,Expected Fees Received,3250.0,3250,1,X5
Fall,HS,Cheer,2025,Full Pay,13.0,13,1,F5
Fall,HS,Cheer,2025,Full Waiver,5.0,5,1,O5
Fall,HS,Cheer,2025,HS Red Fee,0.0,0,1,R5
Fall,HS,Cheer,2025,MS Red Fee,0.0,0,1,U5
Fall,HS,Cheer,2025,Official,0.0,0,1,AG5
Fall,HS,Cheer,2025,Total Athletes,18.0,18,1,C5
Fall,HS,Cheer,2025,Total Expenses,6535.25,6535.25,1,BN5
Fall,HS,Cheer,2025,Total Received,3250.0,3250,1,AD5
Fall,HS,Cheer,2025,Transportation,3711.25,3711.25,1,AS5
Fall,HS,Cheer,2026,Total Athletes,15.0,15,1,D5
Fall,HS,Field Hockey,2024,2nd Sibling,3.0,3,1,H8
Fall,HS,Field Hockey,2024,Assignor,191.0,191,1,AI8
Fall,HS,Field Hockey,2024,Coaches,1497.0,1497,1,AO8
Fall,HS,Field Hockey,2024,Costs for all 3 Seasons,,Trainer Supplies 1/3 2627.53 -- 875.84,0,AX8
Fall,HS,Field Hockey,2024,Due,250.0,250,1,Z8
Fall,HS,Field Hockey,2024,Equipment,648.77,648.77,1,BG8
Fall,HS,Field Hockey,2024,Expected Fees Received,6670.0,6670,1,W8
Fall,HS,Field Hockey,2024,Full Pay,25.0,25,1,E8
Fall,HS,Field Hockey,2024,Full Waiver,2.0,2,1,N8
Fall,HS,Field Hockey,2024,Official,5329.51,5329.51,1,AF8
Fall,HS,Field Hockey,2024,Total Athletes,30.0,30,1,B8
Fall,HS,Field Hockey,2024,Total Expenses,12004.28,12004.28,1,BM8
Fall,HS,Field Hockey,2024,Total Received,6420.0,6420,1,AC8
Fall,HS,Field Hockey,2024,Transportation,4338.0,4338,1,AR8
Fall,HS,Field Hockey,2025,2nd Sibling,4.0,4,1,I8
Fall,HS,Field Hockey,2025,3rd sibling,0.0,0,1,L8
Fall,HS,Field Hockey,2025,Assignor,220.0,220,1,AJ8
Fall,HS,Field Hockey,2025,Coaches,1736.0,1736,1,AP8
Fall,HS,Field Hockey,2025,Costs for all 3 Seasons,,VARSITY FEE 1/3 3675 - 1225,0,AY8
Fall,HS,Field Hockey,2025,Due,0.0,0,1,AA8
Fall,HS,Field Hockey,2025,Equipment,1106.3,1106.3,1,BH8
Fall,HS,Field Hockey,2025,Expected Fees Received,5260.0,5260,1,X8
Fall,HS,Field Hockey,2025,Full Pay,18.0,18,1,F8
Fall,HS,Field Hockey,2025,Full Waiver,0.0,0,1,O8
Fall,HS,Field Hockey,2025,HS Red Fee,200.0,200,1,R8
Fall,HS,Field Hockey,2025,MS Red Fee,0.0,0,1,U8
Fall,HS,Field Hockey,2025,Official,2530.67,2530.67,1,AG8
Fall,HS,Field Hockey,2025,Total Athletes,22.0,22,1,C8
Fall,HS,Field Hockey,2025,Total Expenses,10227.349999999999,10227.349999999999,1,BN8
Fall,HS,Field Hockey,2025,Total Received,5260.0,5260,1,AD8
Fall,HS,Field Hockey,2025,Transportation,4634.38,4634.38,1,AS8
Fall,HS,Field Hockey,2026,Total Athletes,28.0,28,1,D8
Fall,HS,Football,2024,2nd Sibling,3.0,3,1,H9
Fall,HS,Football,2024,Assignor,231.0,231,1,AI9
Fall,HS,Football,2024,Coaches,7409.5,7409.5,1,AO9
Fall,HS,Football,2024,Costs for all 3 Seasons,,Socks 1/3 1278.78 - 426.26,0,AX9
Fall,HS,Football,2024,Due,100.0,100,1,Z9
Fall,HS,Football,2024,Equipment Recon,6132.01,6132.01,1,AU9
Fall,HS,Football,2024,Expected Fees Received,5170.0,5170,1,W9
Fall,HS,Football,2024,Full Pay,19.0,19,1,E9
Fall,HS,Football,2024,Full Waiver,9.0,9,1,N9
Fall,HS,Football,2024,Misc,306.0,306,1,BJ9
Fall,HS,Football,2024,Official,4541.33,4541.33,1,AF9
Fall,HS,Football,2024,Police/ EMS,2415.9,2415.9,1,AL9
Fall,HS,Football,2024,Total Athletes,32.0,32,1,B9
Fall,HS,Football,2024,Total Expenses,30114.239999999998,30114.239999999998,1,BM9
Fall,HS,Football,2024,Total Received,5070.0,5070,1,AC9
Fall,HS,Football,2024,Transportation,9078.5,9078.5,1,AR9
Fall,HS,Football,2025,2nd Sibling,2.0,2,1,I9
Fall,HS,Football,2025,3rd sibling,0.0,0,1,L9
Fall,HS,Football,2025,Assignor,235.0,235,1,AJ9
Fall,HS,Football,2025,Coaches,17289.0,17289,1,AP9
Fall,HS,Football,2025,Costs for all 3 Seasons,,MSTCA 1/3 75- 25,0,AY9
Fall,HS,Football,2025,Due,750.0,750,1,AA9
Fall,HS,Football,2025,Equipment,1319.47,1319.47,1,BH9
Fall,HS,Football,2025,Equipment Recon,7189.849999999999,7189.849999999999,1,AV9
Fall,HS,Football,2025,Expected Fees Received,6530.0,6530,1,X9
Fall,HS,Football,2025,Full Pay,25.0,25,1,F9
Fall,HS,Football,2025,Full Waiver,12.0,12,1,O9
Fall,HS,Football,2025,HS Red Fee,0.0,0,1,R9
Fall,HS,Football,2025,MS Red Fee,0.0,0,1,U9
Fall,HS,Football,2025,Official,6895.0,6895,1,AG9
Fall,HS,Football,2025,Police/ EMS,1707.17,1707.17,1,AM9
Fall,HS,Football,2025,Total Athletes,39.0,39,1,C9
Fall,HS,Football,2025,Total Expenses,41920.29,41920.29,1,BN9
Fall,HS,Football,2025,Total Received,5780.0,5780,1,AD9
Fall,HS,Football,2025,Transportation,7284.8,7284.8,1,AS9
Fall,HS,Football,2026,Total Athletes,44.0,44,1,D9
Fall,HS,Girls CC,2024,2nd Sibling,3.0,3,1,H7
Fall,HS,Girls CC,2024,Coaches,2234.5,2234.5,1,AO7
Fall,HS,Girls CC,2024,Costs for all 3 Seasons,,CPR 240/3 80,0,AX7
Fall,HS,Girls CC,2024,Due,0.0,0,1,Z7
Fall,HS,Girls CC,2024,Dues & Fees,693.0,693,1,BA7
Fall,HS,Girls CC,2024,Expected Fees Received,2670.0,2670,1,W7
Fall,HS,Girls CC,2024,Full Pay,9.0,9,1,E7
Fall,HS,Girls CC,2024,Official,344.0,344,1,AF7
Fall,HS,Girls CC,2024,Total Athletes,12.0,12,1,B7
Fall,HS,Girls CC,2024,Total Expenses,5325.25,5325.25,1,BM7
Fall,HS,Girls CC,2024,Total Received,2670.0,2670,1,AC7
Fall,HS,Girls CC,2024,Transportation,2053.75,2053.75,1,AR7
Fall,HS,Girls CC,2025,2nd Sibling,2.0,2,1,I7
Fall,HS,Girls CC,2025,3rd sibling,0.0,0,1,L7
Fall,HS,Girls CC,2025,Coaches,2290.5,2290.5,1,AP7
Fall,HS,Girls CC,2025,Costs for all 3 Seasons,,BASE FEE 1/3 1050 -350,0,AY7
Fall,HS,Girls CC,2025,Due,0.0,0,1,AA7
Fall,HS,Girls CC,2025,Dues & Fees,447.0,447,1,BB7
Fall,HS,Girls CC,2025,Expected Fees Received,2780.0,2780,1,X7
Fall,HS,Girls CC,2025,Full Pay,10.0,10,1,F7
Fall,HS,Girls CC,2025,Full Waiver,3.0,3,1,O7
Fall,HS,Girls CC,2025,HS Red Fee,0.0,0,1,R7
Fall,HS,Girls CC,2025,MS Red Fee,0.0,0,1,U7
Fall,HS,Girls CC,2025,Official,132.0,132,1,AG7
Fall,HS,Girls CC,2025,Total Athletes,15.0,15,1,C7
Fall,HS,Girls CC,2025,Total Expenses,4613.875,4613.875,1,BN7
Fall,HS,Girls CC,2025,Total Received,2780.0,2780,1,AD7
Fall,HS,Girls CC,2025,Transportation,1744.375,1744.375,1,AS7
Fall,HS,Girls CC,2026,Total Athletes,15.0,15,1,D7
Fall,HS,Girls Soccer,2024,2nd Sibling,3.0,3,1,H12
Fall,HS,Girls Soccer,2024,Assignor,232.0,232,1,AI12
Fall,HS,Girls Soccer,2024,Coaches,7004.0,7004,1,AO12
Fall,HS,Girls Soccer,2024,Costs for all 3 Seasons,,Coach Jackets 1/3 756 - 252,0,AX12
Fall,HS,Girls Soccer,2024,Due,0.0,0,1,Z12
Fall,HS,Girls Soccer,2024,Equipment,378.48,378.48,1,BG12
Fall,HS,Girls Soccer,2024,Expected Fees Received,7702.5,7702.5,1,W12
Fall,HS,Girls Soccer,2024,Full Pay,29.0,29,1,E12
Fall,HS,Girls Soccer,2024,Full Waiver,2.0,2,1,N12
Fall,HS,Girls Soccer,2024,HS Red Fee,1.0,1,1,Q12
Fall,HS,Girls Soccer,2024,Official,4383.33,4383.33,1,AF12
Fall,HS,Girls Soccer,2024,Total Athletes,35.0,35,1,B12
Fall,HS,Girls Soccer,2024,Total Expenses,19659.81,19659.81,1,BM12
Fall,HS,Girls Soccer,2024,Total Received,7702.5,7702.5,1,AC12
Fall,HS,Girls Soccer,2024,Transportation,7662.0,7662,1,AR12
Fall,HS,Girls Soccer,2025,2nd Sibling,5.0,5,1,I12
Fall,HS,Girls Soccer,2025,3rd sibling,0.0,0,1,L12
Fall,HS,Girls Soccer,2025,Assignor,456.0,456,1,AJ12
Fall,HS,Girls Soccer,2025,Coaches,7751.0,7751,1,AP12
Fall,HS,Girls Soccer,2025,Costs for all 3 Seasons,,Trainer supplies 1/3 2542.21 - 847.40,0,AY12
Fall,HS,Girls Soccer,2025,Due,0.0,0,1,AA12
Fall,HS,Girls Soccer,2025,Equipment,411.3,411.3,1,BH12
Fall,HS,Girls Soccer,2025,Expected Fees Received,7450.0,7450,1,X12
Fall,HS,Girls Soccer,2025,Full Pay,27.0,27,1,F12
Fall,HS,Girls Soccer,2025,Full Waiver,2.0,2,1,O12
Fall,HS,Girls Soccer,2025,HS Red Fee,0.0,0,1,R12
Fall,HS,Girls Soccer,2025,MS Red Fee,0.0,0,1,U12
Fall,HS,Girls Soccer,2025,Official,3054.17,3054.17,1,AG12
Fall,HS,Girls Soccer,2025,Total Athletes,34.0,34,1,C12
Fall,HS,Girls Soccer,2025,Total Expenses,19521.969999999998,19521.969999999998,1,BN12
Fall,HS,Girls Soccer,2025,Total Received,7450.0,7450,1,AD12
Fall,HS,Girls Soccer,2025,Transportation,7849.5,7849.5,1,AS12
Fall,HS,Girls Soccer,2026,Total Athletes,36.0,36,1,D12
Fall,HS,Golf,2024,2nd Sibling,1.0,1,1,H10
Fall,HS,Golf,2024,Assignor,0.0,0,1,AI10
Fall,HS,Golf,2024,Coaches,1891.0,1891,1,AO10
Fall,HS,Golf,2024,Costs for all 3 Seasons,,coach passes 1/3 of 35 - 11.67,0,AX10
Fall,HS,Golf,2024,Due,0.0,0,1,Z10
Fall,HS,Golf,2024,Dues & Fees,1190.0,1190,1,BA10
Fall,HS,Golf,2024,Expected Fees Received,2890.0,2890,1,W10
Fall,HS,Golf,2024,Full Pay,11.0,11,1,E10
Fall,HS,Golf,2024,Full Waiver,1.0,1,1,N10
Fall,HS,Golf,2024,Misc,77.57,77.57,1,BJ10
Fall,HS,Golf,2024,Official,0.0,0,1,AF10
Fall,HS,Golf,2024,Police/ EMS,0.0,0,1,AL10
Fall,HS,Golf,2024,Total Athletes,13.0,13,1,B10
Fall,HS,Golf,2024,Total Expenses,7936.969999999999,7936.969999999999,1,BM10
Fall,HS,Golf,2024,Total Received,2890.0,2890,1,AC10
Fall,HS,Golf,2024,Transportation,4100.0,4100,1,AR10
Fall,HS,Golf,2024,Uniforms,678.4,678.4,1,BD10
Fall,HS,Golf,2025,2nd Sibling,1.0,1,1,I10
Fall,HS,Golf,2025,3rd sibling,0.0,0,1,L10
Fall,HS,Golf,2025,Assignor,0.0,0,1,AJ10
Fall,HS,Golf,2025,Coaches,3123.0,3123,1,AP10
Fall,HS,Golf,2025,Costs for all 3 Seasons,,MIDWACH - 1/3 7000 - 2333.33,0,AY10
Fall,HS,Golf,2025,Due,0.0,0,1,AA10
Fall,HS,Golf,2025,Dues & Fees,730.0,730,1,BB10
Fall,HS,Golf,2025,Expected Fees Received,3465.0,3465,1,X10
Fall,HS,Golf,2025,Full Pay,13.0,13,1,F10
Fall,HS,Golf,2025,Full Waiver,2.0,2,1,O10
Fall,HS,Golf,2025,HS Red Fee,75.0,75,1,R10
Fall,HS,Golf,2025,MS Red Fee,0.0,0,1,U10
Fall,HS,Golf,2025,Official,0.0,0,1,AG10
Fall,HS,Golf,2025,Total Athletes,16.0,16,1,C10
Fall,HS,Golf,2025,Total Expenses,11266.0,11266,1,BN10
Fall,HS,Golf,2025,Total Received,3465.0,3465,1,AD10
Fall,HS,Golf,2025,Transportation,6565.0,6565,1,AS10
Fall,HS,Golf,2025,Uniforms,848.0,848,1,BE10
Fall,HS,Golf,2026,Total Athletes,15.0,15,1,D10
Fall,HS,Unified Basketball $100,2024,Coaches,1200.0,1200,1,AO14
Fall,HS,Unified Basketball $100,2024,Costs for all 3 Seasons,,Final Forms 2315/3 -711.67,0,AX14
Fall,HS,Unified Basketball $100,2024,Due,0.0,0,1,Z14
Fall,HS,Unified Basketball $100,2024,Expected Fees Received,1265.0,1265,1,W14
Fall,HS,Unified Basketball $100,2024,Full Pay,12.0,12,1,E14
Fall,HS,Unified Basketball $100,2024,HS Red Fee,2.0,2,1,Q14
Fall,HS,Unified Basketball $100,2024,Misc,90.0,90,1,BJ14
Fall,HS,Unified Basketball $100,2024,Official,190.0,190,1,AF14
Fall,HS,Unified Basketball $100,2024,Total Athletes,14.0,14,1,B14
Fall,HS,Unified Basketball $100,2024,Total Expenses,3122.82,3122.82,1,BM14
Fall,HS,Unified Basketball $100,2024,Total Received,1265.0,1265,1,AC14
Fall,HS,Unified Basketball $100,2024,Transportation,1275.0,1275,1,AR14
Fall,HS,Unified Basketball $100,2024,Uniforms,367.82,367.82,1,BD14
Fall,HS,Unified Basketball $100,2025,2nd Sibling,0.0,0,1,I14
Fall,HS,Unified Basketball $100,2025,3rd sibling,0.0,0,1,L14
Fall,HS,Unified Basketball $100,2025,Coaches,1832.0,1832,1,AP14
Fall,HS,Unified Basketball $100,2025,Costs for all 3 Seasons,,Arbiter 1/.3 2783 - 927.67,0,AY14
Fall,HS,Unified Basketball $100,2025,Due,100.0,100,1,AA14
Fall,HS,Unified Basketball $100,2025,Expected Fees Received,1600.0,1600,1,X14
Fall,HS,Unified Basketball $100,2025,Full Pay,16.0,16,1,F14
Fall,HS,Unified Basketball $100,2025,Full Waiver,3.0,3,1,O14
Fall,HS,Unified Basketball $100,2025,HS Red Fee,0.0,0,1,R14
Fall,HS,Unified Basketball $100,2025,MS Red Fee,0.0,0,1,U14
Fall,HS,Unified Basketball $100,2025,Total Athletes,19.0,19,1,C14
Fall,HS,Unified Basketball $100,2025,Total Expenses,2995.5,2995.5,1,BN14
Fall,HS,Unified Basketball $100,2025,Total Received,1500.0,1500,1,AD14
Fall,HS,Unified Basketball $100,2025,Transportation,907.5,907.5,1,AS14
Fall,HS,Unified Basketball $100,2025,Uniforms,256.0,256,1,BE14
Fall,HS,Unified Basketball $100,2026,Total Athletes,23.0,23,1,D14
Fall,MS,Cross Country,2024,2nd Sibling,2.0,2,1,H22
Fall,MS,Cross Country,2024,Assignor,96.0,96,1,AI22
Fall,MS,Cross Country,2024,Coaches,3826.2,3826.2,1,AO22
Fall,MS,Cross Country,2024,Due,200.0,200,1,Z22
Fall,MS,Cross Country,2024,Dues & Fees,356.0,356,1,BA22
Fall,MS,Cross Country,2024,Expected Fees Received,5680.0,5680,1,W22
Fall,MS,Cross Country,2024,Full Pay,27.0,27,1,E22
Fall,MS,Cross Country,2024,Full Waiver,1.0,1,1,N22
Fall,MS,Cross Country,2024,MS Red Fee,0.0,0,1,T22
Fall,MS,Cross Country,2024,Official,172.0,172,1,AF22
Fall,MS,Cross Country,2024,Police/ EMS,0.0,0,1,AL22
Fall,MS,Cross Country,2024,Total Athletes,30.0,30,1,B22
Fall,MS,Cross Country,2024,Total Expenses,6805.2,6805.2,1,BM22
Fall,MS,Cross Country,2024,Total Received,5480.0,5480,1,AC22
Fall,MS,Cross Country,2024,Transportation,1595.0,1595,1,AR22
Fall,MS,Cross Country,2024,Uniforms,760.0,760,1,BD22
Fall,MS,Cross Country,2025,2nd Sibling,1.0,1,1,I22
Fall,MS,Cross Country,2025,3rd sibling,2.0,2,1,L22
Fall,MS,Cross Country,2025,Coaches,2992.0,2992,1,AP22
Fall,MS,Cross Country,2025,Due,200.0,200,1,AA22
Fall,MS,Cross Country,2025,Dues & Fees,140.0,140,1,BB22
Fall,MS,Cross Country,2025,Expected Fees Received,3536.0,3536,1,X22
Fall,MS,Cross Country,2025,Full Pay,16.0,16,1,F22
Fall,MS,Cross Country,2025,Full Waiver,2.0,2,1,O22
Fall,MS,Cross Country,2025,HS Red Fee,0.0,0,1,R22
Fall,MS,Cross Country,2025,MS Red Fee,1.0,1,1,U22
Fall,MS,Cross Country,2025,Official,105.0,105,1,AG22
Fall,MS,Cross Country,2025,Total Athletes,21.0,21,1,C22
Fall,MS,Cross Country,2025,Total Expenses,4470.5,4470.5,1,BN22
Fall,MS,Cross Country,2025,Total Received,3336.0,3336,1,AD22
Fall,MS,Cross Country,2025,Transportation,1233.5,1233.5,1,AS22
Fall,MS,Cross Country,2026,Total Athletes,27.0,27,1,D22
Fall,MS,Field Hockey,2024,2nd Sibling,2.0,2,1,H23
Fall,MS,Field Hockey,2024,3rd sibling,1.0,1,1,K23
Fall,MS,Field Hockey,2024,Coaches,3797.2,3797.2,1,AO23
Fall,MS,Field Hockey,2024,Due,150.0,150,1,Z23
Fall,MS,Field Hockey,2024,Dues & Fees,55.0,55,1,BA23
Fall,MS,Field Hockey,2024,Equipment,623.78,623.78,1,BG23
Fall,MS,Field Hockey,2024,Expected Fees Received,4565.0,4565,1,W23
Fall,MS,Field Hockey,2024,Full Pay,21.0,21,1,E23
Fall,MS,Field Hockey,2024,Full Waiver,1.0,1,1,N23
Fall,MS,Field Hockey,2024,MS Red Fee,0.0,0,1,T23
Fall,MS,Field Hockey,2024,Official,603.55,603.55,1,AF23
Fall,MS,Field Hockey,2024,Police/ EMS,0.0,0,1,AL23
Fall,MS,Field Hockey,2024,Total Athletes,25.0,25,1,B23
Fall,MS,Field Hockey,2024,Total Expenses,7229.53,7229.53,1,BM23
Fall,MS,Field Hockey,2024,Total Received,4415.0,4415,1,AC23
Fall,MS,Field Hockey,2024,Transportation,2150.0,2150,1,AR23
Fall,MS,Field Hockey,2024,Uniforms,0.0,0,1,BD23
Fall,MS,Field Hockey,2025,2nd Sibling,3.0,3,1,I23
Fall,MS,Field Hockey,2025,3rd sibling,1.0,1,1,L23
Fall,MS,Field Hockey,2025,Assignor,73.0,73,1,AJ23
Fall,MS,Field Hockey,2025,Coaches,4124.0,4124,1,AP23
Fall,MS,Field Hockey,2025,Due,0.0,0,1,AA23
Fall,MS,Field Hockey,2025,Dues & Fees,55.0,55,1,BB23
Fall,MS,Field Hockey,2025,Expected Fees Received,4731.0,4731,1,X23
Fall,MS,Field Hockey,2025,Full Pay,21.0,21,1,F23
Fall,MS,Field Hockey,2025,Full Waiver,1.0,1,1,O23
Fall,MS,Field Hockey,2025,HS Red Fee,0.0,0,1,R23
Fall,MS,Field Hockey,2025,MS Red Fee,1.0,1,1,U23
Fall,MS,Field Hockey,2025,Official,949.0,949,1,AG23
Fall,MS,Field Hockey,2025,Total Athletes,27.0,27,1,C23
Fall,MS,Field Hockey,2025,Total Expenses,7760.0,7760,1,BN23
Fall,MS,Field Hockey,2025,Total Received,4731.0,4731,1,AD23
Fall,MS,Field Hockey,2025,Transportation,2559.0,2559,1,AS23
Fall,MS,Field Hockey,2026,Total Athletes,17.0,17,1,D23
Winter,HS,HS BasketBall - Boys,2024,2nd Sibling,1.0,1,1,H7
Winter,HS,HS BasketBall - Boys,2024,3rd sibling,0.0,0,1,K7
Winter,HS,HS BasketBall - Boys,2024,Assignor,132.0,132,1,AJ7
Winter,HS,HS BasketBall - Boys,2024,Coaches,8758.0,8758,1,AP7
Winter,HS,HS BasketBall - Boys,2024,Costs for all 3 Seasons,,CPR 240/3 80,0,AY7
Winter,HS,HS BasketBall - Boys,2024,Due,0.0,0,1,Z7
Winter,HS,HS BasketBall - Boys,2024,Equipment,636.0,636,1,BH7
Winter,HS,HS BasketBall - Boys,2024,Expected Fees Received,4840.0,4840,1,W7
Winter,HS,HS BasketBall - Boys,2024,Fee Received,4840.0,4840,1,AC7
Winter,HS,HS BasketBall - Boys,2024,Full Pay,18.0,18,1,E7
Winter,HS,HS BasketBall - Boys,2024,Full Waiver,1.0,1,1,N7
Winter,HS,HS BasketBall - Boys,2024,HS Red Fee,200.0,200,1,Q7
Winter,HS,HS BasketBall - Boys,2024,MS Red Fee,0.0,0,1,T7
Winter,HS,HS BasketBall - Boys,2024,Official,6639.0,6639,1,AG7
Winter,HS,HS BasketBall - Boys,2024,Total Athletes,21.0,21,1,B7
Winter,HS,HS BasketBall - Boys,2024,Total Expenses,28027.46,28027.46,1,BN7
Winter,HS,HS BasketBall - Boys,2024,Transportation,7817.5,7817.5,1,AS7
Winter,HS,HS BasketBall - Boys,2024,Uniforms,4044.96,4044.96,1,BE7
Winter,HS,HS BasketBall - Boys,2025,2nd Sibling,2.0,2,1,I7
Winter,HS,HS BasketBall - Boys,2025,3rd sibling,0.0,0,1,L7
Winter,HS,HS BasketBall - Boys,2025,Assignor,110.0,110,1,AK7
Winter,HS,HS BasketBall - Boys,2025,Coaches,8978.0,8978,1,AQ7
Winter,HS,HS BasketBall - Boys,2025,Costs for all 3 Seasons,,BASE FEE 1/3 1050 -350,0,AZ7
Winter,HS,HS BasketBall - Boys,2025,Due,1000.0,1000,1,AA7
Winter,HS,HS BasketBall - Boys,2025,Dues & Fees,250.0,250,1,BC7
Winter,HS,HS BasketBall - Boys,2025,Equipment,530.0,530,1,BI7
Winter,HS,HS BasketBall - Boys,2025,Expected Fees Received,5512.5,5512.5,1,X7
Winter,HS,HS BasketBall - Boys,2025,Fee Received,4512.5,4512.5,1,AD7
Winter,HS,HS BasketBall - Boys,2025,Full Pay,20.0,20,1,F7
Winter,HS,HS BasketBall - Boys,2025,Full Waiver,3.0,3,1,O7
Winter,HS,HS BasketBall - Boys,2025,HS Red Fee,232.5,232.5,1,R7
Winter,HS,HS BasketBall - Boys,2025,MS Red Fee,0.0,0,1,U7
Winter,HS,HS BasketBall - Boys,2025,Official,7707.0,7707,1,AH7
Winter,HS,HS BasketBall - Boys,2025,Total Athletes,27.0,27,1,C7
Winter,HS,HS BasketBall - Boys,2025,Total Expenses,23602.5,23602.5,1,BO7
Winter,HS,HS BasketBall - Boys,2025,Transportation,6027.5,6027.5,1,AT7
Winter,HS,HS BasketBall - Boys,2026,Total Athletes,24.0,24,1,D7
Winter,HS,HS Basketball - Girls,2024,2nd Sibling,5.0,5,1,H8
Winter,HS,HS Basketball - Girls,2024,3rd sibling,0.0,0,1,K8
Winter,HS,HS Basketball - Girls,2024,Assignor,108.0,108,1,AJ8
Winter,HS,HS Basketball - Girls,2024,Coaches,7227.0,7227,1,AP8
Winter,HS,HS Basketball - Girls,2024,Costs for all 3 Seasons,,Trainer Supplies 1/3 2627.53 -- 875.84,0,AY8
Winter,HS,HS Basketball - Girls,2024,Due,0.0,0,1,Z8
Winter,HS,HS Basketball - Girls,2024,Equipment,636.0,636,1,BH8
Winter,HS,HS Basketball - Girls,2024,Expected Fees Received,4732.5,4732.5,1,W8
Winter,HS,HS Basketball - Girls,2024,Fee Received,4732.5,4732.5,1,AC8
Winter,HS,HS Basketball - Girls,2024,Full Pay,16.0,16,1,E8
Winter,HS,HS Basketball - Girls,2024,Full Waiver,0.0,0,1,N8
Winter,HS,HS Basketball - Girls,2024,HS Red Fee,1.0,1,1,Q8
Winter,HS,HS Basketball - Girls,2024,Official,5862.0,5862,1,AG8
Winter,HS,HS Basketball - Girls,2024,Total Athletes,23.0,23,1,B8
Winter,HS,HS Basketball - Girls,2024,Total Expenses,21296.0,21296,1,BN8
Winter,HS,HS Basketball - Girls,2024,Transportation,7463.0,7463,1,AS8
Winter,HS,HS Basketball - Girls,2025,2nd Sibling,3.0,3,1,I8
Winter,HS,HS Basketball - Girls,2025,3rd sibling,0.0,0,1,L8
Winter,HS,HS Basketball - Girls,2025,Assignor,110.0,110,1,AK8
Winter,HS,HS Basketball - Girls,2025,Coaches,5226.0,5226,1,AQ8
Winter,HS,HS Basketball - Girls,2025,Costs for all 3 Seasons,,VARSITY FEE 1/3 3675 - 1225,0,AZ8
Winter,HS,HS Basketball - Girls,2025,Due,250.0,250,1,AA8
Winter,HS,HS Basketball - Girls,2025,Dues & Fees,250.0,250,1,BC8
Winter,HS,HS Basketball - Girls,2025,Equipment,530.0,530,1,BI8
Winter,HS,HS Basketball - Girls,2025,Expected Fees Received,5170.0,5170,1,X8
Winter,HS,HS Basketball - Girls,2025,Fee Received,4920.0,4920,1,AD8
Winter,HS,HS Basketball - Girls,2025,Full Pay,19.0,19,1,F8
Winter,HS,HS Basketball - Girls,2025,Full Waiver,1.0,1,1,O8
Winter,HS,HS Basketball - Girls,2025,HS Red Fee,0.0,0,1,R8
Winter,HS,HS Basketball - Girls,2025,MS Red Fee,0.0,0,1,U8
Winter,HS,HS Basketball - Girls,2025,Official,8690.0,8690,1,AH8
Winter,HS,HS Basketball - Girls,2025,Total Athletes,23.0,23,1,C8
Winter,HS,HS Basketball - Girls,2025,Total Expenses,25535.25,25535.25,1,BO8
Winter,HS,HS Basketball - Girls,2025,Transportation,5641.25,5641.25,1,AT8
Winter,HS,HS Basketball - Girls,2025,Uniforms,5088.0,5088,1,BF8
Winter,HS,HS Basketball - Girls,2026,Total Athletes,15.0,15,1,D8
Winter,HS,Ice Hockey - Boys,2024,2nd Sibling,3.0,3,1,H9
Winter,HS,Ice Hockey - Boys,2024,3rd sibling,0.0,0,1,K9
Winter,HS,Ice Hockey - Boys,2024,Assignor,332.5,332.5,1,AJ9
Winter,HS,Ice Hockey - Boys,2024,Coaches,8758.0,8758,1,AP9
Winter,HS,Ice Hockey - Boys,2024,Costs for all 3 Seasons,,Socks 1/3 1278.78 - 426.26,0,AY9
Winter,HS,Ice Hockey - Boys,2024,Due,32.5,32.5,1,Z9
Winter,HS,Ice Hockey - Boys,2024,Equipment,1295.2,1295.2,1,BH9
Winter,HS,Ice Hockey - Boys,2024,Expected Fees Received,5452.5,5452.5,1,W9
Winter,HS,Ice Hockey - Boys,2024,Fee Received,5420.0,5420,1,AC9
Winter,HS,Ice Hockey - Boys,2024,Full Pay,20.0,20,1,E9
Winter,HS,Ice Hockey - Boys,2024,Full Waiver,6.0,6,1,N9
Winter,HS,Ice Hockey - Boys,2024,HS Red Fee,1.0,1,1,Q9
Winter,HS,Ice Hockey - Boys,2024,MS Red Fee,0.0,0,1,T9
Winter,HS,Ice Hockey - Boys,2024,Official,5474.5,5474.5,1,AG9
Winter,HS,Ice Hockey - Boys,2024,Police/ EMS,639.0,639,1,AM9
Winter,HS,Ice Hockey - Boys,2024,Total Athletes,40.0,40,1,B9
Winter,HS,Ice Hockey - Boys,2024,Total Expenses,23700.7,23700.7,1,BN9
Winter,HS,Ice Hockey - Boys,2024,Transportation,6681.5,6681.5,1,AS9
Winter,HS,Ice Hockey - Boys,2024,Uniforms,520.0,520,1,BE9
Winter,HS,Ice Hockey - Boys,2025,2nd Sibling,4.0,4,1,I9
Winter,HS,Ice Hockey - Boys,2025,3rd sibling,0.0,0,1,L9
Winter,HS,Ice Hockey - Boys,2025,Assignor,436.5,436.5,1,AK9
Winter,HS,Ice Hockey - Boys,2025,Coaches,8978.0,8978,1,AQ9
Winter,HS,Ice Hockey - Boys,2025,Costs for all 3 Seasons,,MSTCA 1/3 75- 25,0,AZ9
Winter,HS,Ice Hockey - Boys,2025,Due,250.0,250,1,AA9
Winter,HS,Ice Hockey - Boys,2025,Equipment,708.5,708.5,1,BI9
Winter,HS,Ice Hockey - Boys,2025,Expected Fees Received,4960.0,4960,1,X9
Winter,HS,Ice Hockey - Boys,2025,Fee Received,4710.0,4710,1,AD9
Winter,HS,Ice Hockey - Boys,2025,Full Pay,17.0,17,1,F9
Winter,HS,Ice Hockey - Boys,2025,Full Waiver,7.0,7,1,O9
Winter,HS,Ice Hockey - Boys,2025,HS Red Fee,150.0,150,1,R9
Winter,HS,Ice Hockey - Boys,2025,MS Red Fee,0.0,0,1,U9
Winter,HS,Ice Hockey - Boys,2025,Official,3467.0,3467,1,AH9
Winter,HS,Ice Hockey - Boys,2025,Police/ EMS,268.4,268.4,1,AN9
Winter,HS,Ice Hockey - Boys,2025,Total Athletes,39.0,39,1,C9
Winter,HS,Ice Hockey - Boys,2025,Total Expenses,20723.4,20723.4,1,BO9
Winter,HS,Ice Hockey - Boys,2025,Transportation,6215.0,6215,1,AT9
Winter,HS,Ice Hockey - Boys,2025,Uniforms,650.0,650,1,BF9
Winter,HS,Ice Hockey - Boys,2026,Total Athletes,37.0,37,1,D9
Winter,HS,Ice Hockey - Girls,2024,2nd Sibling,1.0,1,1,H11
Winter,HS,Ice Hockey - Girls,2024,3rd sibling,0.0,0,1,K11
Winter,HS,Ice Hockey - Girls,2024,Costs for all 3 Seasons,,Letters & Pins 1/3 1005.50 -353.16,0,AY11
Winter,HS,Ice Hockey - Girls,2024,Due,0.0,0,1,Z11
Winter,HS,Ice Hockey - Girls,2024,Dues & Fees,2117.48,2117.48,1,BB11
Winter,HS,Ice Hockey - Girls,2024,Expected Fees Received,390.0,390,1,W11
Winter,HS,Ice Hockey - Girls,2024,Fee Received,390.0,390,1,AC11
Winter,HS,Ice Hockey - Girls,2024,Full Pay,1.0,1,1,E11
Winter,HS,Ice Hockey - Girls,2024,Full Waiver,0.0,0,1,N11
Winter,HS,Ice Hockey - Girls,2024,HS Red Fee,0.0,0,1,Q11
Winter,HS,Ice Hockey - Girls,2024,MS Red Fee,0.0,0,1,T11
Winter,HS,Ice Hockey - Girls,2024,Total Athletes,2.0,2,1,B11
Winter,HS,Ice Hockey - Girls,2024,Total Expenses,2117.48,2117.48,1,BN11
Winter,HS,Ice Hockey - Girls,2024,Transportation,0.0,0,1,AS11
Winter,HS,Ice Hockey - Girls,2025,2nd Sibling,1.0,1,1,I11
Winter,HS,Ice Hockey - Girls,2025,3rd sibling,0.0,0,1,L11
Winter,HS,Ice Hockey - Girls,2025,Costs for all 3 Seasons,,coach passes 1/3 35 - 11.66,0,AZ11
Winter,HS,Ice Hockey - Girls,2025,Due,0.0,0,1,AA11
Winter,HS,Ice Hockey - Girls,2025,Dues & Fees,5121.36,5121.36,1,BC11
Winter,HS,Ice Hockey - Girls,2025,Expected Fees Received,1140.0,1140,1,X11
Winter,HS,Ice Hockey - Girls,2025,Fee Received,1140.0,1140,1,AD11
Winter,HS,Ice Hockey - Girls,2025,Full Pay,4.0,4,1,F11
Winter,HS,Ice Hockey - Girls,2025,Full Waiver,0.0,0,1,O11
Winter,HS,Ice Hockey - Girls,2025,HS Red Fee,0.0,0,1,R11
Winter,HS,Ice Hockey - Girls,2025,MS Red Fee,0.0,0,1,U11
Winter,HS,Ice Hockey - Girls,2025,Total Athletes,5.0,5,1,C11
Winter,HS,Ice Hockey - Girls,2025,Total Expenses,5121.36,5121.36,1,BO11
Winter,HS,Ice Hockey - Girls,2026,Total Athletes,3.0,3,1,D11
Winter,HS,Indoor Track - Boys,2024,2nd Sibling,3.0,3,1,H5
Winter,HS,Indoor Track - Boys,2024,Coaches,5914.5,5914.5,1,AP5
Winter,HS,Indoor Track - Boys,2024,Costs for all 3 Seasons,,NATA Trainer 1/3 81.66,0,AY5
Winter,HS,Indoor Track - Boys,2024,Due,0.0,0,1,Z5
Winter,HS,Indoor Track - Boys,2024,Dues & Fees,1954.0,1954,1,BB5
Winter,HS,Indoor Track - Boys,2024,Expected Fees Received,5670.0,5670,1,W5
Winter,HS,Indoor Track - Boys,2024,Fee Received,5670.0,5670,1,AC5
Winter,HS,Indoor Track - Boys,2024,Full Pay,21.0,21,1,E5
Winter,HS,Indoor Track - Boys,2024,Full Waiver,3.0,3,1,N5
Winter,HS,Indoor Track - Boys,2024,Total Athletes,27.0,27,1,B5
Winter,HS,Indoor Track - Boys,2024,Total Expenses,14800.25,14800.25,1,BN5
Winter,HS,Indoor Track - Boys,2024,Transportation,6931.75,6931.75,1,AS5
Winter,HS,Indoor Track - Boys,2025,2nd Sibling,1.0,1,1,I5
Winter,HS,Indoor Track - Boys,2025,3rd sibling,0.0,0,1,L5
Winter,HS,Indoor Track - Boys,2025,Coaches,5253.5,5253.5,1,AQ5
Winter,HS,Indoor Track - Boys,2025,Costs for all 3 Seasons,,MIAA 1/3 4550. -1516.67,0,AZ5
Winter,HS,Indoor Track - Boys,2025,Due,250.0,250,1,AA5
Winter,HS,Indoor Track - Boys,2025,Dues & Fees,1841.5,1841.5,1,BC5
Winter,HS,Indoor Track - Boys,2025,Expected Fees Received,4922.5,4922.5,1,X5
Winter,HS,Indoor Track - Boys,2025,Fee Received,4672.5,4672.5,1,AD5
Winter,HS,Indoor Track - Boys,2025,Full Pay,19.0,19,1,F5
Winter,HS,Indoor Track - Boys,2025,Full Waiver,4.0,4,1,O5
Winter,HS,Indoor Track - Boys,2025,HS Red Fee,1.0,1,1,R5
Winter,HS,Indoor Track - Boys,2025,MS Red Fee,0.0,0,1,U5
Winter,HS,Indoor Track - Boys,2025,Total Athletes,25.0,25,1,C5
Winter,HS,Indoor Track - Boys,2025,Total Expenses,11362.5,11362.5,1,BO5
Winter,HS,Indoor Track - Boys,2025,Transportation,4267.5,4267.5,1,AT5
Winter,HS,Indoor Track - Boys,2026,Total Athletes,30.0,30,1,D5
Winter,HS,Indoor Track - Girls,2024,2nd Sibling,3.0,3,1,H6
Winter,HS,Indoor Track - Girls,2024,3rd sibling,1.0,1,1,K6
Winter,HS,Indoor Track - Girls,2024,Coaches,5914.5,5914.5,1,AP6
Winter,HS,Indoor Track - Girls,2024,Costs for all 3 Seasons,,MIAA 1/3 4550. -1516.67,0,AY6
Winter,HS,Indoor Track - Girls,2024,Due,0.0,0,1,Z6
Winter,HS,Indoor Track - Girls,2024,Dues & Fees,1954.0,1954,1,BB6
Winter,HS,Indoor Track - Girls,2024,Expected Fees Received,8320.0,8320,1,W6
Winter,HS,Indoor Track - Girls,2024,Fee Received,8320.0,8320,1,AC6
Winter,HS,Indoor Track - Girls,2024,Full Pay,31.0,31,1,E6
Winter,HS,Indoor Track - Girls,2024,Full Waiver,6.0,6,1,N6
Winter,HS,Indoor Track - Girls,2024,HS Red Fee,2.0,2,1,Q6
Winter,HS,Indoor Track - Girls,2024,Total Athletes,43.0,43,1,B6
Winter,HS,Indoor Track - Girls,2024,Total Expenses,14800.25,14800.25,1,BN6
Winter,HS,Indoor Track - Girls,2024,Transportation,6931.75,6931.75,1,AS6
Winter,HS,Indoor Track - Girls,2025,2nd Sibling,2.0,2,1,I6
Winter,HS,Indoor Track - Girls,2025,3rd sibling,1.0,1,1,L6
Winter,HS,Indoor Track - Girls,2025,Coaches,5253.5,5253.5,1,AQ6
Winter,HS,Indoor Track - Girls,2025,Costs for all 3 Seasons,,MSSADA 1/3 250 - 83.33,0,AZ6
Winter,HS,Indoor Track - Girls,2025,Due,250.0,250,1,AA6
Winter,HS,Indoor Track - Girls,2025,Dues & Fees,1841.5,1841.5,1,BC6
Winter,HS,Indoor Track - Girls,2025,Expected Fees Received,6115.0,6115,1,X6
Winter,HS,Indoor Track - Girls,2025,Fee Received,5865.0,5865,1,AD6
Winter,HS,Indoor Track - Girls,2025,Full Pay,23.0,23,1,F6
Winter,HS,Indoor Track - Girls,2025,Full Waiver,3.0,3,1,O6
Winter,HS,Indoor Track - Girls,2025,HS Red Fee,0.0,0,1,R6
Winter,HS,Indoor Track - Girls,2025,MS Red Fee,0.0,0,1,U6
Winter,HS,Indoor Track - Girls,2025,Total Athletes,29.0,29,1,C6
Winter,HS,Indoor Track - Girls,2025,Total Expenses,11362.5,11362.5,1,BO6
Winter,HS,Indoor Track - Girls,2025,Transportation,4267.5,4267.5,1,AT6
Winter,HS,Indoor Track - Girls,2026,Total Athletes,34.0,34,1,D6
Winter,HS,Out of District,2024,Costs for all 3 Seasons,,coach passes 1/3 of 35 - 11.67,0,AY10
Winter,HS,Out of District,2024,Costs for all 3 Seasons,,End of year trophy 887/3=295.66,0,AY13
Winter,HS,Out of District,2024,Fee Received,0.0,0,1,AC10
Winter,HS,Out of District,2024,Total Athletes,-10.0,-10,1,B10
Winter,HS,Out of District,2024,Total Expenses,0.0,0,1,BN10
Winter,HS,Out of District,2025,Costs for all 3 Seasons,,MIDWACH - 1/3 7000 - 2333.33,0,AZ10
Winter,HS,Out of District,2025,Costs for all 3 Seasons,,Final Forms 1/3 2080- 693.33,0,AZ13
Winter,HS,Out of District,2025,Fee Received,0.0,0,1,AD10
Winter,HS,Out of District,2025,Total Athletes,-12.0,-12,1,C10
Winter,HS,Out of District,2025,Total Expenses,0.0,0,1,BO10
Winter,HS,Out of District,2026,Total Athletes,-9.0,-9,1,D10
Winter,HS,Out of District,2026,Total Athletes,-11.0,-11,1,D13
Winter,HS,Ski Team,2024,2nd Sibling,3.0,3,1,H12
Winter,HS,Ski Team,2024,3rd sibling,0.0,0,1,K12
Winter,HS,Ski Team,2024,Coaches,2385.0,2385,1,AP12
Winter,HS,Ski Team,2024,Costs for all 3 Seasons,,Coach Jackets 1/3 756 - 252,0,AY12
Winter,HS,Ski Team,2024,Due,0.0,0,1,Z12
Winter,HS,Ski Team,2024,Dues & Fees,8575.0,8575,1,BB12
Winter,HS,Ski Team,2024,Expected Fees Received,3170.0,3170,1,W12
Winter,HS,Ski Team,2024,Fee Received,3170.0,3170,1,AC12
Winter,HS,Ski Team,2024,Full Pay,11.0,11,1,E12
Winter,HS,Ski Team,2024,Full Waiver,0.0,0,1,N12
Winter,HS,Ski Team,2024,HS Red Fee,0.0,0,1,Q12
Winter,HS,Ski Team,2024,MS Red Fee,0.0,0,1,T12
Winter,HS,Ski Team,2024,Total Athletes,14.0,14,1,B12
Winter,HS,Ski Team,2024,Total Expenses,10960.0,10960,1,BN12
Winter,HS,Ski Team,2024,Transportation,0.0,0,1,AS12
Winter,HS,Ski Team,2025,2nd Sibling,3.0,3,1,I12
Winter,HS,Ski Team,2025,3rd sibling,0.0,0,1,L12
Winter,HS,Ski Team,2025,Coaches,2444.0,2444,1,AQ12
Winter,HS,Ski Team,2025,Costs for all 3 Seasons,,Trainer supplies 1/3 2542.21 - 847.40,0,AZ12
Winter,HS,Ski Team,2025,Due,0.0,0,1,AA12
Winter,HS,Ski Team,2025,Dues & Fees,10540.0,10540,1,BC12
Winter,HS,Ski Team,2025,Expected Fees Received,2170.0,2170,1,X12
Winter,HS,Ski Team,2025,Fee Received,2170.0,2170,1,AD12
Winter,HS,Ski Team,2025,Full Pay,7.0,7,1,F12
Winter,HS,Ski Team,2025,Full Waiver,0.0,0,1,O12
Winter,HS,Ski Team,2025,HS Red Fee,0.0,0,1,R12
Winter,HS,Ski Team,2025,MS Red Fee,0.0,0,1,U12
Winter,HS,Ski Team,2025,Total Athletes,10.0,10,1,C12
Winter,HS,Ski Team,2025,Total Expenses,12984.0,12984,1,BO12
Winter,HS,Ski Team,2026,Total Athletes,14.0,14,1,D12
Winter,HS,Winter Cheer,2024,Costs for all 3 Seasons,,Final Forms 2315/3 -711.67,0,AY14
Winter,HS,Winter Cheer,2025,Costs for all 3 Seasons,,Arbiter 1/.3 2783 - 927.67,0,AZ14
Winter,HS,Winter Cheer,2026,Total Athletes,19.0,19,1,D14
Winter,MS,Basketball - Boys,2024,2nd Sibling,0.0,0,1,H19
Winter,MS,Basketball - Boys,2024,3rd sibling,0.0,0,1,K19
Winter,MS,Basketball - Boys,2024,Coaches,3911.0,3911,1,AP19
Winter,MS,Basketball - Boys,2024,Due,0.0,0,1,Z19
Winter,MS,Basketball - Boys,2024,Expected Fees Received,2400.0,2400,1,W19
Winter,MS,Basketball - Boys,2024,Fee Received,2400.0,2400,1,AC19
Winter,MS,Basketball - Boys,2024,Full Pay,12.0,12,1,E19
Winter,MS,Basketball - Boys,2024,Full Waiver,2.0,2,1,N19
Winter,MS,Basketball - Boys,2024,HS Red Fee,0.0,0,1,Q19
Winter,MS,Basketball - Boys,2024,MS Red Fee,0.0,0,1,T19
Winter,MS,Basketball - Boys,2024,Official,1136.0,1136,1,AG19
Winter,MS,Basketball - Boys,2024,Total Athletes,14.0,14,1,B19
Winter,MS,Basketball - Boys,2024,Total Expenses,7788.25,7788.25,1,BN19
Winter,MS,Basketball - Boys,2024,Transportation,1893.25,1893.25,1,AS19
Winter,MS,Basketball - Boys,2024,Uniforms,848.0,848,1,BE19
Winter,MS,Basketball - Boys,2025,2nd Sibling,1.0,1,1,I19
Winter,MS,Basketball - Boys,2025,3rd sibling,0.0,0,1,L19
Winter,MS,Basketball - Boys,2025,Assignor,85.5,85.5,1,AK19
Winter,MS,Basketball - Boys,2025,Coaches,1535.0,1535,1,AQ19
Winter,MS,Basketball - Boys,2025,Due,1000.0,1000,1,AA19
Winter,MS,Basketball - Boys,2025,Expected Fees Received,3140.0,3140,1,X19
Winter,MS,Basketball - Boys,2025,Fee Received,2140.0,2140,1,AD19
Winter,MS,Basketball - Boys,2025,Full Pay,15.0,15,1,F19
Winter,MS,Basketball - Boys,2025,Full Waiver,2.0,2,1,O19
Winter,MS,Basketball - Boys,2025,HS Red Fee,0.0,0,1,R19
Winter,MS,Basketball - Boys,2025,MS Red Fee,0.0,0,1,U19
Winter,MS,Basketball - Boys,2025,Official,876.0,876,1,AH19
Winter,MS,Basketball - Boys,2025,Total Athletes,18.0,18,1,C19
Winter,MS,Basketball - Boys,2025,Total Expenses,3975.875,3975.875,1,BO19
Winter,MS,Basketball - Boys,2025,Transportation,1479.375,1479.375,1,AT19
Winter,MS,Basketball - Boys,2026,Total Athletes,14.0,14,1,D19
Winter,MS,Basketball - Girls,2024,2nd Sibling,0.0,0,1,H20
Winter,MS,Basketball - Girls,2024,3rd sibling,0.0,0,1,K20
Winter,MS,Basketball - Girls,2024,Coaches,3911.0,3911,1,AP20
Winter,MS,Basketball - Girls,2024,Due,0.0,0,1,Z20
Winter,MS,Basketball - Girls,2024,Expected Fees Received,2400.0,2400,1,W20
Winter,MS,Basketball - Girls,2024,Fee Received,2400.0,2400,1,AC20
Winter,MS,Basketball - Girls,2024,Full Pay,12.0,12,1,E20
Winter,MS,Basketball - Girls,2024,Full Waiver,0.0,0,1,N20
Winter,MS,Basketball - Girls,2024,HS Red Fee,0.0,0,1,Q20
Winter,MS,Basketball - Girls,2024,MS Red Fee,0.0,0,1,T20
Winter,MS,Basketball - Girls,2024,Official,1136.0,1136,1,AG20
Winter,MS,Basketball - Girls,2024,Total Athletes,13.0,13,1,B20
Winter,MS,Basketball - Girls,2024,Total Expenses,7268.25,7268.25,1,BN20
Winter,MS,Basketball - Girls,2024,Transportation,1373.25,1373.25,1,AS20
Winter,MS,Basketball - Girls,2024,Uniforms,848.0,848,1,BE20
Winter,MS,Basketball - Girls,2025,2nd Sibling,1.0,1,1,I20
Winter,MS,Basketball - Girls,2025,3rd sibling,0.0,0,1,L20
Winter,MS,Basketball - Girls,2025,Assignor,85.5,85.5,1,AK20
Winter,MS,Basketball - Girls,2025,Coaches,1535.0,1535,1,AQ20
Winter,MS,Basketball - Girls,2025,Due,0.0,0,1,AA20
Winter,MS,Basketball - Girls,2025,Expected Fees Received,2740.0,2740,1,X20
Winter,MS,Basketball - Girls,2025,Fee Received,2740.0,2740,1,AD20
Winter,MS,Basketball - Girls,2025,Full Pay,13.0,13,1,F20
Winter,MS,Basketball - Girls,2025,Full Waiver,1.0,1,1,O20
Winter,MS,Basketball - Girls,2025,HS Red Fee,0.0,0,1,R20
Winter,MS,Basketball - Girls,2025,MS Red Fee,0.0,0,1,U20
Winter,MS,Basketball - Girls,2025,Official,876.0,876,1,AH20
Winter,MS,Basketball - Girls,2025,Total Athletes,15.0,15,1,C20
Winter,MS,Basketball - Girls,2025,Total Expenses,3975.875,3975.875,1,BO20
Winter,MS,Basketball - Girls,2025,Transportation,1479.375,1479.375,1,AT20
Winter,MS,Basketball - Girls,2026,Total Athletes,12.0,12,1,D20
Spring,HS,Baseball,2024,2nd Sibling,1.0,1,1,H6
Spring,HS,Baseball,2024,Coaches,7562.0,7562,1,AP6
Spring,HS,Baseball,2024,Costs for all 3 Seasons,,MIAA 1/3 4550. -1516.67,0,AY6
Spring,HS,Baseball,2024,Due,0.0,0,1,Z6
Spring,HS,Baseball,2024,Equipment,849.5,849.5,1,BH6
Spring,HS,Baseball,2024,Expected Fees Received,2922.5,2922.5,1,W6
Spring,HS,Baseball,2024,Full Pay,11.0,11,1,E6
Spring,HS,Baseball,2024,Full Waiver,1.0,1,1,N6
Spring,HS,Baseball,2024,HS Red Fee,1.0,1,1,Q6
Spring,HS,Baseball,2024,Official,1571.5,1571.5,1,AG6
Spring,HS,Baseball,2024,Police/ EMS,0.0,0,1,AM6
Spring,HS,Baseball,2024,Total Athletes,14.0,14,1,B6
Spring,HS,Baseball,2024,Total Expenses,19295.36,19295.36,1,BN6
Spring,HS,Baseball,2024,Total Fees Received,2922.5,2922.5,1,AC6
Spring,HS,Baseball,2024,Transportation,4354.0,4354,1,AS6
Spring,HS,Baseball,2024,Uniforms,4958.36,4958.36,1,BE6
Spring,HS,Baseball,2025,2nd Sibling,4.0,4,1,I6
Spring,HS,Baseball,2025,3rd sibling,0.0,0,1,L6
Spring,HS,Baseball,2025,Costs for all 3 Seasons,,MSSADA 1/3 250 - 83.33,0,AZ6
Spring,HS,Baseball,2025,Due,250.0,250,1,AA6
Spring,HS,Baseball,2025,Equipment,562.0,562,1,BI6
Spring,HS,Baseball,2025,Expected Fees Received,4592.5,4592.5,1,X6
Spring,HS,Baseball,2025,Full Pay,16.0,16,1,F6
Spring,HS,Baseball,2025,Full Waiver,4.0,4,1,O6
Spring,HS,Baseball,2025,HS Red Fee,1.0,1,1,R6
Spring,HS,Baseball,2025,MS Red Fee,0.0,0,1,U6
Spring,HS,Baseball,2025,Official,2808.5,2808.5,1,AH6
Spring,HS,Baseball,2025,Police/ EMS,0.0,0,1,AN6
Spring,HS,Baseball,2025,Total Athletes,25.0,25,1,C6
Spring,HS,Baseball,2025,Total Expenses,7220.5,7220.5,1,BO6
Spring,HS,Baseball,2025,Total Fees Received,4342.5,4342.5,1,AD6
Spring,HS,Baseball,2025,Transportation,3260.0,3260,1,AT6
Spring,HS,Baseball,2025,Uniforms,590.0,590,1,BF6
Spring,HS,Baseball,2026,Total Athletes,24.0,24,1,D6
Spring,HS,Boys Lax,2024,2nd Sibling,5.0,5,1,H9
Spring,HS,Boys Lax,2024,3rd sibling,0.0,0,1,K9
Spring,HS,Boys Lax,2024,Coaches,7043.0,7043,1,AP9
Spring,HS,Boys Lax,2024,Costs for all 3 Seasons,,Trainer Supplies 1/3 2627.53 -- 875.84,0,AY9
Spring,HS,Boys Lax,2024,Due,0.0,0,1,Z9
Spring,HS,Boys Lax,2024,Equipment,829.93,829.93,1,BH9
Spring,HS,Boys Lax,2024,Expected Fees Received,5350.0,5350,1,W9
Spring,HS,Boys Lax,2024,Full Pay,18.0,18,1,E9
Spring,HS,Boys Lax,2024,Full Waiver,5.0,5,1,N9
Spring,HS,Boys Lax,2024,HS Red Fee,,1 (150),0,Q9
Spring,HS,Boys Lax,2024,MS Red Fee,0.0,0,1,T9
Spring,HS,Boys Lax,2024,Official,2185.75,2185.75,1,AG9
Spring,HS,Boys Lax,2024,Police/ EMS,0.0,0,1,AM9
Spring,HS,Boys Lax,2024,Total Athletes,29.0,29,1,B9
Spring,HS,Boys Lax,2024,Total Expenses,14189.18,14189.18,1,BN9
Spring,HS,Boys Lax,2024,Total Fees Received,5350.0,5350,1,AC9
Spring,HS,Boys Lax,2024,Transportation,4130.5,4130.5,1,AS9
Spring,HS,Boys Lax,2025,2nd Sibling,2.0,2,1,I9
Spring,HS,Boys Lax,2025,3rd sibling,0.0,0,1,L9
Spring,HS,Boys Lax,2025,Assignor,220.0,220,1,AK9
Spring,HS,Boys Lax,2025,Costs for all 3 Seasons,,VARSITY FEE 1/3 3675 - 1225,0,AZ9
Spring,HS,Boys Lax,2025,Due,2000.0,2000,1,AA9
Spring,HS,Boys Lax,2025,Equipment,240.0,240,1,BI9
Spring,HS,Boys Lax,2025,Expected Fees Received,6280.0,6280,1,X9
Spring,HS,Boys Lax,2025,Full Pay,24.0,24,1,F9
Spring,HS,Boys Lax,2025,Full Waiver,3.0,3,1,O9
Spring,HS,Boys Lax,2025,HS Red Fee,0.0,0,1,R9
Spring,HS,Boys Lax,2025,MS Red Fee,0.0,0,1,U9
Spring,HS,Boys Lax,2025,Official,2330.0,2330,1,AH9
Spring,HS,Boys Lax,2025,Police/ EMS,0.0,0,1,AN9
Spring,HS,Boys Lax,2025,Total Athletes,29.0,29,1,C9
Spring,HS,Boys Lax,2025,Total Expenses,4252.5,4252.5,1,BO9
Spring,HS,Boys Lax,2025,Total Fees Received,4280.0,4280,1,AD9
Spring,HS,Boys Lax,2025,Transportation,1462.5,1462.5,1,AT9
Spring,HS,Boys Lax,2026,Total Athletes,32.0,32,1,D9
Spring,HS,Boys Track,2024,2nd Sibling,4.0,4,1,H11
Spring,HS,Boys Track,2024,3rd sibling,0.0,0,1,K11
Spring,HS,Boys Track,2024,Coaches,4469.0,4469,1,AP11
Spring,HS,Boys Track,2024,Costs for all 3 Seasons,,Socks 1/3 1278.78 - 426.26,0,AY11
Spring,HS,Boys Track,2024,Due,0.0,0,1,Z11
Spring,HS,Boys Track,2024,Dues & Fees,408.75,408.75,1,BB11
Spring,HS,Boys Track,2024,Expected Fees Received,6060.0,6060,1,W11
Spring,HS,Boys Track,2024,Full Pay,22.0,22,1,E11
Spring,HS,Boys Track,2024,Full Waiver,0.0,0,1,N11
Spring,HS,Boys Track,2024,HS Red Fee,0.0,0,1,Q11
Spring,HS,Boys Track,2024,Official,1158.75,1158.75,1,AG11
Spring,HS,Boys Track,2024,Police/ EMS,0.0,0,1,AM11
Spring,HS,Boys Track,2024,Total Athletes,30.0,30,1,B11
Spring,HS,Boys Track,2024,Total Expenses,9873.5,9873.5,1,BN11
Spring,HS,Boys Track,2024,Total Fees Received,6060.0,6060,1,AC11
Spring,HS,Boys Track,2024,Transportation,3837.0,3837,1,AS11
Spring,HS,Boys Track,2025,2nd Sibling,1.0,1,1,I11
Spring,HS,Boys Track,2025,3rd sibling,0.0,0,1,L11
Spring,HS,Boys Track,2025,Assignor,65.16,65.16,1,AK11
Spring,HS,Boys Track,2025,Costs for all 3 Seasons,,MIDWACH - 1/3 7000 - 2333.33,0,AZ11
Spring,HS,Boys Track,2025,Due,850.0,850,1,AA11
Spring,HS,Boys Track,2025,Dues & Fees,360.0,360,1,BC11
Spring,HS,Boys Track,2025,Expected Fees Received,4092.5,4092.5,1,X11
Spring,HS,Boys Track,2025,Full Pay,28.0,28,1,F11
Spring,HS,Boys Track,2025,Full Waiver,4.0,4,1,O11
Spring,HS,Boys Track,2025,HS Red Fee,1.0,1,1,R11
Spring,HS,Boys Track,2025,MS Red Fee,0.0,0,1,U11
Spring,HS,Boys Track,2025,Official,553.5,553.5,1,AH11
Spring,HS,Boys Track,2025,Police/ EMS,0.0,0,1,AN11
Spring,HS,Boys Track,2025,Total Athletes,34.0,34,1,C11
Spring,HS,Boys Track,2025,Total Expenses,2263.66,2263.66,1,BO11
Spring,HS,Boys Track,2025,Total Fees Received,3242.5,3242.5,1,AD11
Spring,HS,Boys Track,2025,Transportation,1285.0,1285,1,AT11
Spring,HS,Boys Track,2026,Total Athletes,28.0,28,1,D11
Spring,HS,Girls LAx oOD,2026,Total Athletes,-2.0,-2,1,D8
Spring,HS,Girls Lax,2024,2nd Sibling,,1 (130) 2 ( 140),0,H7
Spring,HS,Girls Lax,2024,3rd sibling,2.0,2,1,K7
Spring,HS,Girls Lax,2024,Coaches,4886.0,4886,1,AP7
Spring,HS,Girls Lax,2024,Costs for all 3 Seasons,,CPR 240/3 80,0,AY7
Spring,HS,Girls Lax,2024,Due,0.0,0,1,Z7
Spring,HS,Girls Lax,2024,Equipment,829.91,829.91,1,BH7
Spring,HS,Girls Lax,2024,Expected Fees Received,7080.0,7080,1,W7
Spring,HS,Girls Lax,2024,Full Pay,26.0,26,1,E7
Spring,HS,Girls Lax,2024,Full Waiver,0.0,0,1,N7
Spring,HS,Girls Lax,2024,HS Red Fee,0.0,0,1,Q7
Spring,HS,Girls Lax,2024,MS Red Fee,0.0,0,1,T7
Spring,HS,Girls Lax,2024,Official,2709.75,2709.75,1,AG7
Spring,HS,Girls Lax,2024,Police/ EMS,0.0,0,1,AM7
Spring,HS,Girls Lax,2024,Total Athletes,31.0,31,1,B7
Spring,HS,Girls Lax,2024,Total Expenses,14061.16,14061.16,1,BN7
Spring,HS,Girls Lax,2024,Total Fees Received,7080.0,7080,1,AC7
Spring,HS,Girls Lax,2024,Transportation,5635.5,5635.5,1,AS7
Spring,HS,Girls Lax,2025,2nd Sibling,4.0,4,1,I7
Spring,HS,Girls Lax,2025,3rd sibling,1.0,1,1,L7
Spring,HS,Girls Lax,2025,Assignor,212.5,212.5,1,AK7
Spring,HS,Girls Lax,2025,Costs for all 3 Seasons,,BASE FEE 1/3 1050 -350,0,AZ7
Spring,HS,Girls Lax,2025,Due,500.0,500,1,AA7
Spring,HS,Girls Lax,2025,Equipment,360.0,360,1,BI7
Spring,HS,Girls Lax,2025,Expected Fees Received,4645.0,4645,1,X7
Spring,HS,Girls Lax,2025,Full Pay,16.0,16,1,F7
Spring,HS,Girls Lax,2025,Full Waiver,1.0,1,1,O7
Spring,HS,Girls Lax,2025,HS Red Fee,0.0,0,1,R7
Spring,HS,Girls Lax,2025,MS Red Fee,0.0,0,1,U7
Spring,HS,Girls Lax,2025,Official,2487.5,2487.5,1,AH7
Spring,HS,Girls Lax,2025,Police/ EMS,0.0,0,1,AN7
Spring,HS,Girls Lax,2025,Total Athletes,22.0,22,1,C7
Spring,HS,Girls Lax,2025,Total Expenses,7407.49,7407.49,1,BO7
Spring,HS,Girls Lax,2025,Total Fees Received,4145.0,4145,1,AD7
Spring,HS,Girls Lax,2025,Transportation,4222.5,4222.5,1,AT7
Spring,HS,Girls Lax,2025,Uniforms,124.99,124.99,1,BF7
Spring,HS,Girls Lax,2026,Total Athletes,12.0,12,1,D7
Spring,HS,Girls Track,2024,2nd Sibling,9.0,9,1,H12
Spring,HS,Girls Track,2024,3rd sibling,1.0,1,1,K12
Spring,HS,Girls Track,2024,Coaches,7562.0,7562,1,AP12
Spring,HS,Girls Track,2024,Costs for all 3 Seasons,,coach passes 1/3 of 35 - 11.67,0,AY12
Spring,HS,Girls Track,2024,Due,250.0,250,1,Z12
Spring,HS,Girls Track,2024,Dues & Fees,408.75,408.75,1,BB12
Spring,HS,Girls Track,2024,Expected Fees Received,10127.5,10127.5,1,W12
Spring,HS,Girls Track,2024,Full Pay,35.0,35,1,E12
Spring,HS,Girls Track,2024,Full Waiver,4.0,4,1,N12
Spring,HS,Girls Track,2024,HS Red Fee,1.0,1,1,Q12
Spring,HS,Girls Track,2024,Official,1158.75,1158.75,1,AG12
Spring,HS,Girls Track,2024,Police/ EMS,0.0,0,1,AM12
Spring,HS,Girls Track,2024,Total Athletes,50.0,50,1,B12
Spring,HS,Girls Track,2024,Total Expenses,12966.5,12966.5,1,BN12
Spring,HS,Girls Track,2024,Total Fees Received,9877.5,9877.5,1,AC12
Spring,HS,Girls Track,2024,Transportation,3837.0,3837,1,AS12
Spring,HS,Girls Track,2025,2nd Sibling,2.0,2,1,I12
Spring,HS,Girls Track,2025,3rd sibling,1.0,1,1,L12
Spring,HS,Girls Track,2025,Assignor,65.17,65.17,1,AK12
Spring,HS,Girls Track,2025,Costs for all 3 Seasons,,coach passes 1/3 35 - 11.66,0,AZ12
Spring,HS,Girls Track,2025,Due,250.0,250,1,AA12
Spring,HS,Girls Track,2025,Dues & Fees,360.0,360,1,BC12
Spring,HS,Girls Track,2025,Expected Fees Received,6865.0,6865,1,X12
Spring,HS,Girls Track,2025,Full Pay,26.0,26,1,F12
Spring,HS,Girls Track,2025,Full Waiver,3.0,3,1,O12
Spring,HS,Girls Track,2025,HS Red Fee,0.0,0,1,R12
Spring,HS,Girls Track,2025,MS Red Fee,0.0,0,1,U12
Spring,HS,Girls Track,2025,Official,311.0,311,1,AH12
Spring,HS,Girls Track,2025,Police/ EMS,0.0,0,1,AN12
Spring,HS,Girls Track,2025,Total Athletes,32.0,32,1,C12
Spring,HS,Girls Track,2025,Total Expenses,2021.17,2021.17,1,BO12
Spring,HS,Girls Track,2025,Total Fees Received,6615.0,6615,1,AD12
Spring,HS,Girls Track,2025,Transportation,1285.0,1285,1,AT12
Spring,HS,Girls Track,2026,Total Athletes,34.0,34,1,D12
Spring,HS,OOD LAX,2024,Costs for all 3 Seasons,,MIDWACH - 1/3 7000 - 2333.33,0,AY10
Spring,HS,OOD LAX,2024,Due,0.0,0,1,Z10
Spring,HS,OOD LAX,2024,Police/ EMS,0.0,0,1,AM10
Spring,HS,OOD LAX,2024,Total Athletes,6.0,6,1,B10
Spring,HS,OOD LAX,2024,Total Fees Received,0.0,0,1,AC10
Spring,HS,OOD LAX,2025,Costs for all 3 Seasons,,MSTCA 1/3 75- 25,0,AZ10
Spring,HS,OOD LAX,2025,Police/ EMS,0.0,0,1,AN10
Spring,HS,OOD LAX,2025,Total Athletes,0.0,0,1,C10
Spring,HS,OOD LAX,2025,Total Fees Received,0.0,0,1,AD10
Spring,HS,OOD LAX,2026,Total Athletes,4.0,4,1,D10
Spring,HS,Softball,2024,2nd Sibling,5.0,5,1,H5
Spring,HS,Softball,2024,3rd sibling,1.0,1,1,K5
Spring,HS,Softball,2024,Coaches,8055.0,8055,1,AP5
Spring,HS,Softball,2024,Costs for all 3 Seasons,,NATA Trainer 1/3 81.66,0,AY5
Spring,HS,Softball,2024,Due,0.0,0,1,Z5
Spring,HS,Softball,2024,Dues & Fees,641.0,641,1,BB5
Spring,HS,Softball,2024,Equipment,869.5,869.5,1,BH5
Spring,HS,Softball,2024,Expected Fees Received,5382.5,5382.5,1,W5
Spring,HS,Softball,2024,Full Pay,18.0,18,1,E5
Spring,HS,Softball,2024,Full Waiver,3.0,3,1,N5
Spring,HS,Softball,2024,HS Red Fee,3.0,3,1,Q5
Spring,HS,Softball,2024,Official,2982.0,2982,1,AG5
Spring,HS,Softball,2024,Police/ EMS,0.0,0,1,AM5
Spring,HS,Softball,2024,Total Athletes,31.0,31,1,B5
Spring,HS,Softball,2024,Total Expenses,22684.5,22684.5,1,BN5
Spring,HS,Softball,2024,Total Fees Received,5382.5,5382.5,1,AC5
Spring,HS,Softball,2024,Transportation,7222.0,7222,1,AS5
Spring,HS,Softball,2024,Uniforms,2915.0,2915,1,BE5
Spring,HS,Softball,2025,2nd Sibling,3.0,3,1,I5
Spring,HS,Softball,2025,3rd sibling,1.0,1,1,L5
Spring,HS,Softball,2025,Assignor,195.0,195,1,AK5
Spring,HS,Softball,2025,Costs for all 3 Seasons,,MIAA 1/3 4550. -1516.67,0,AZ5
Spring,HS,Softball,2025,Due,250.0,250,1,AA5
Spring,HS,Softball,2025,Dues & Fees,720.0,720,1,BC5
Spring,HS,Softball,2025,Equipment,607.0,607,1,BI5
Spring,HS,Softball,2025,Expected Fees Received,5755.0,5755,1,X5
Spring,HS,Softball,2025,Full Pay,21.0,21,1,F5
Spring,HS,Softball,2025,Full Waiver,1.0,1,1,O5
Spring,HS,Softball,2025,HS Red Fee,0.0,0,1,R5
Spring,HS,Softball,2025,MS Red Fee,0.0,0,1,U5
Spring,HS,Softball,2025,Official,2893.0,2893,1,AH5
Spring,HS,Softball,2025,Police/ EMS,0.0,0,1,AN5
Spring,HS,Softball,2025,Total Athletes,26.0,26,1,C5
Spring,HS,Softball,2025,Total Expenses,7540.0,7540,1,BO5
Spring,HS,Softball,2025,Total Fees Received,5505.0,5505,1,AD5
Spring,HS,Softball,2025,Transportation,3125.0,3125,1,AT5
Spring,HS,Softball,2026,Total Athletes,32.0,32,1,D5
Spring,HS,Unified Track ($100),2024,2nd Sibling,0.0,0,1,H14
Spring,HS,Unified Track ($100),2024,3rd sibling,0.0,0,1,K14
Spring,HS,Unified Track ($100),2024,Coaches,1200.0,1200,1,AP14
Spring,HS,Unified Track ($100),2024,Costs for all 3 Seasons,,Coach Jackets 1/3 756 - 252,0,AY14
Spring,HS,Unified Track ($100),2024,Due,32.5,32.5,1,Z14
Spring,HS,Unified Track ($100),2024,Expected Fees Received,932.5,932.5,1,W14
Spring,HS,Unified Track ($100),2024,Full Pay,9.0,9,1,E14
Spring,HS,Unified Track ($100),2024,Full Waiver,2.0,2,1,N14
Spring,HS,Unified Track ($100),2024,HS Red Fee,1.0,1,1,Q14
Spring,HS,Unified Track ($100),2024,MS Red Fee,0.0,0,1,T14
Spring,HS,Unified Track ($100),2024,Total Athletes,12.0,12,1,B14
Spring,HS,Unified Track ($100),2024,Total Expenses,2583.0,2583,1,BN14
Spring,HS,Unified Track ($100),2024,Total Fees Received,900.0,900,1,AC14
Spring,HS,Unified Track ($100),2024,Transportation,1030.0,1030,1,AS14
Spring,HS,Unified Track ($100),2024,Uniforms,353.0,353,1,BE14
Spring,HS,Unified Track ($100),2025,2nd Sibling,0.0,0,1,I14
Spring,HS,Unified Track ($100),2025,3rd sibling,0.0,0,1,L14
Spring,HS,Unified Track ($100),2025,Costs for all 3 Seasons,,Final Forms 1/3 2080- 693.33,0,AZ14
Spring,HS,Unified Track ($100),2025,Due,400.0,400,1,AA14
Spring,HS,Unified Track ($100),2025,Expected Fees Received,1000.0,1000,1,X14
Spring,HS,Unified Track ($100),2025,Full Pay,10.0,10,1,F14
Spring,HS,Unified Track ($100),2025,Full Waiver,1.0,1,1,O14
Spring,HS,Unified Track ($100),2025,HS Red Fee,0.0,0,1,R14
Spring,HS,Unified Track ($100),2025,MS Red Fee,0.0,0,1,U14
Spring,HS,Unified Track ($100),2025,Total Athletes,11.0,11,1,C14
Spring,HS,Unified Track ($100),2025,Total Expenses,500.95,500.95,1,BO14
Spring,HS,Unified Track ($100),2025,Total Fees Received,600.0,600,1,AD14
Spring,HS,Unified Track ($100),2025,Transportation,355.0,355,1,AT14
Spring,HS,Unified Track ($100),2025,Uniforms,145.95,145.95,1,BF14
Spring,HS,Unified Track ($100),2026,Total Athletes,0.0,0,1,D14
Spring,MS,Softball,2024,Coaches,1512.0,1512,1,AP22
Spring,MS,Softball,2024,Due,0.0,0,1,Z22
Spring,MS,Softball,2024,Expected Fees Received,1300.0,1300,1,W22
Spring,MS,Softball,2024,Full Pay,6.0,6,1,E22
Spring,MS,Softball,2024,Full Waiver,1.0,1,1,N22
Spring,MS,Softball,2024,HS Red Fee,,1 (100),0,Q22
Spring,MS,Softball,2024,Total Athletes,8.0,8,1,B22
Spring,MS,Softball,2024,Total Expenses,2497.5,2497.5,1,BN22
Spring,MS,Softball,2024,Total Fees Received,1300.0,1300,1,AC22
Spring,MS,Softball,2024,Transportation,985.5,985.5,1,AS22
Spring,MS,Softball,2025,2nd Sibling,,1 (140),0,I22
Spring,MS,Softball,2025,3rd sibling,0.0,0,1,L22
Spring,MS,Softball,2025,Assignor,98.0,98,1,AK22
Spring,MS,Softball,2025,Due,200.0,200,1,AA22
Spring,MS,Softball,2025,Expected Fees Received,2166.0,2166,1,X22
Spring,MS,Softball,2025,Full Pay,10.0,10,1,F22
Spring,MS,Softball,2025,Full Waiver,0.0,0,1,O22
Spring,MS,Softball,2025,MS Red Fee,1.0,1,1,U22
Spring,MS,Softball,2025,Official,438.0,438,1,AH22
Spring,MS,Softball,2025,Total Athletes,12.0,12,1,C22
Spring,MS,Softball,2025,Total Expenses,1213.5,1213.5,1,BO22
Spring,MS,Softball,2025,Total Fees Received,1966.0,1966,1,AD22
Spring,MS,Softball,2025,Transportation,677.5,677.5,1,AT22
Spring,MS,Softball,2026,Total Athletes,0.0,0,1,D22
Spring,MS,Track,2024,2nd Sibling,1.0,1,1,H21
Spring,MS,Track,2024,3rd sibling,1.0,1,1,K21
Spring,MS,Track,2024,Coaches,1512.0,1512,1,AP21
Spring,MS,Track,2024,Due,0.0,0,1,Z21
Spring,MS,Track,2024,Expected Fees Received,4425.0,4425,1,W21
Spring,MS,Track,2024,Full Pay,21.0,21,1,E21
Spring,MS,Track,2024,Full Waiver,2.0,2,1,N21
Spring,MS,Track,2024,Total Athletes,25.0,25,1,B21
Spring,MS,Track,2024,Total Expenses,4316.0,4316,1,BN21
Spring,MS,Track,2024,Total Fees Received,4425.0,4425,1,AC21
Spring,MS,Track,2024,Transportation,2804.0,2804,1,AS21
Spring,MS,Track,2025,2nd Sibling,3.0,3,1,I21
Spring,MS,Track,2025,3rd sibling,0.0,0,1,L21
Spring,MS,Track,2025,Assignor,88.67,88.67,1,AK21
Spring,MS,Track,2025,Due,200.0,200,1,AA21
Spring,MS,Track,2025,Expected Fees Received,7446.0,7446,1,X21
Spring,MS,Track,2025,Full Pay,35.0,35,1,F21
Spring,MS,Track,2025,Full Waiver,5.0,5,1,O21
Spring,MS,Track,2025,HS Red Fee,0.0,0,1,R21
Spring,MS,Track,2025,MS Red Fee,1.0,1,1,U21
Spring,MS,Track,2025,Official,194.0,194,1,AH21
Spring,MS,Track,2025,Total Athletes,44.0,44,1,C21
Spring,MS,Track,2025,Total Expenses,2852.67,2852.67,1,BO21
Spring,MS,Track,2025,Total Fees Received,7246.0,7246,1,AD21
Spring,MS,Track,2025,Transportation,2570.0,2570,1,AT21
Spring,MS,Track,2026,Total Athletes,46.0,46,1,D21
