town,year,line,amount,role,source_file,source_ref
Ayer,2021,Free Cash Certified Prior Year,1553607.00,prior_year_certified,dls/free-cash-proof-ayer.xlsx,Sheet1!A4
Ayer,2021,Current Year Calculation,2528927.00,certified,dls/free-cash-proof-ayer.xlsx,Sheet1!A5
Ayer,2021,Revenue Deficits,0.00,component,dls/free-cash-proof-ayer.xlsx,Sheet1!A6
Ayer,2021,Excess/Shortfall Local Receipts (CL#6),553813.00,component,dls/free-cash-proof-ayer.xlsx,Sheet1!A7
Ayer,2021,Add Actual Revenue Received but not Estimated (CL#7),45683.00,component,dls/free-cash-proof-ayer.xlsx,Sheet1!A8
Ayer,2021,Excess/Shortfall Cherry Sheet Receipts (CL#8),19884.00,component,dls/free-cash-proof-ayer.xlsx,Sheet1!A9
Ayer,2021,Add Unencumbered/Unexpended Appropriations (CL#11),1295416.00,component,dls/free-cash-proof-ayer.xlsx,Sheet1!A10
Ayer,2021,Subtract Negative Free Cash Certified July 1 Prior Year,0.00,component,dls/free-cash-proof-ayer.xlsx,Sheet1!A11
Ayer,2021,Add Prior Year Free Cash Not Appropriated (CL#12),0.00,component,dls/free-cash-proof-ayer.xlsx,Sheet1!A12
Ayer,2021,Add Overlay Surplus Closed (CL#13),402770.00,component,dls/free-cash-proof-ayer.xlsx,Sheet1!A13
Ayer,2021,Prior & Current Year Outstanding Receivables Total,69006.00,component,dls/free-cash-proof-ayer.xlsx,Sheet1!A14
Ayer,2021,Net Change in Adjustment to Free Cash,42759.00,component,dls/free-cash-proof-ayer.xlsx,Sheet1!A15
Ayer,2021,Other Adjustments,0.00,component,dls/free-cash-proof-ayer.xlsx,Sheet1!A16
Ayer,2021,"Identified Free Cash July 1,",2429331.00,identified_total,dls/free-cash-proof-ayer.xlsx,Sheet1!A17
Ayer,2022,Free Cash Certified Prior Year,2528927.00,prior_year_certified,dls/free-cash-proof-ayer.xlsx,Sheet1!A4
Ayer,2022,Current Year Calculation,1936459.00,certified,dls/free-cash-proof-ayer.xlsx,Sheet1!A5
Ayer,2022,Revenue Deficits,0.00,component,dls/free-cash-proof-ayer.xlsx,Sheet1!A6
Ayer,2022,Excess/Shortfall Local Receipts (CL#6),449508.00,component,dls/free-cash-proof-ayer.xlsx,Sheet1!A7
Ayer,2022,Add Actual Revenue Received but not Estimated (CL#7),36966.00,component,dls/free-cash-proof-ayer.xlsx,Sheet1!A8
Ayer,2022,Excess/Shortfall Cherry Sheet Receipts (CL#8),14088.00,component,dls/free-cash-proof-ayer.xlsx,Sheet1!A9
Ayer,2022,Add Unencumbered/Unexpended Appropriations (CL#11),903752.00,component,dls/free-cash-proof-ayer.xlsx,Sheet1!A10
Ayer,2022,Subtract Negative Free Cash Certified July 1 Prior Year,0.00,component,dls/free-cash-proof-ayer.xlsx,Sheet1!A11
Ayer,2022,Add Prior Year Free Cash Not Appropriated (CL#12),0.00,component,dls/free-cash-proof-ayer.xlsx,Sheet1!A12
Ayer,2022,Add Overlay Surplus Closed (CL#13),315302.00,component,dls/free-cash-proof-ayer.xlsx,Sheet1!A13
Ayer,2022,Prior & Current Year Outstanding Receivables Total,-171121.00,component,dls/free-cash-proof-ayer.xlsx,Sheet1!A14
Ayer,2022,Net Change in Adjustment to Free Cash,43830.00,component,dls/free-cash-proof-ayer.xlsx,Sheet1!A15
Ayer,2022,Other Adjustments,0.00,component,dls/free-cash-proof-ayer.xlsx,Sheet1!A16
Ayer,2022,"Identified Free Cash July 1,",1592325.00,identified_total,dls/free-cash-proof-ayer.xlsx,Sheet1!A17
Ayer,2023,Free Cash Certified Prior Year,1936459.00,prior_year_certified,dls/free-cash-proof-ayer.xlsx,Sheet1!A4
Ayer,2023,Current Year Calculation,1677665.00,certified,dls/free-cash-proof-ayer.xlsx,Sheet1!A5
Ayer,2023,Revenue Deficits,0.00,component,dls/free-cash-proof-ayer.xlsx,Sheet1!A6
Ayer,2023,Excess/Shortfall Local Receipts (CL#6),280959.00,component,dls/free-cash-proof-ayer.xlsx,Sheet1!A7
Ayer,2023,Add Actual Revenue Received but not Estimated (CL#7),21686.00,component,dls/free-cash-proof-ayer.xlsx,Sheet1!A8
Ayer,2023,Excess/Shortfall Cherry Sheet Receipts (CL#8),-28162.00,component,dls/free-cash-proof-ayer.xlsx,Sheet1!A9
Ayer,2023,Add Unencumbered/Unexpended Appropriations (CL#11),1337566.00,component,dls/free-cash-proof-ayer.xlsx,Sheet1!A10
Ayer,2023,Subtract Negative Free Cash Certified July 1 Prior Year,0.00,component,dls/free-cash-proof-ayer.xlsx,Sheet1!A11
Ayer,2023,Add Prior Year Free Cash Not Appropriated (CL#12),0.00,component,dls/free-cash-proof-ayer.xlsx,Sheet1!A12
Ayer,2023,Add Overlay Surplus Closed (CL#13),250000.00,component,dls/free-cash-proof-ayer.xlsx,Sheet1!A13
Ayer,2023,Prior & Current Year Outstanding Receivables Total,66435.00,component,dls/free-cash-proof-ayer.xlsx,Sheet1!A14
Ayer,2023,Net Change in Adjustment to Free Cash,-131210.00,component,dls/free-cash-proof-ayer.xlsx,Sheet1!A15
Ayer,2023,Other Adjustments,0.00,component,dls/free-cash-proof-ayer.xlsx,Sheet1!A16
Ayer,2023,"Identified Free Cash July 1,",1797274.00,identified_total,dls/free-cash-proof-ayer.xlsx,Sheet1!A17
Ayer,2024,Free Cash Certified Prior Year,1677665.00,prior_year_certified,dls/free-cash-proof-ayer.xlsx,Sheet1!A4
Ayer,2024,Current Year Calculation,3261808.00,certified,dls/free-cash-proof-ayer.xlsx,Sheet1!A5
Ayer,2024,Revenue Deficits,0.00,component,dls/free-cash-proof-ayer.xlsx,Sheet1!A6
Ayer,2024,Excess/Shortfall Local Receipts (CL#6),1293060.00,component,dls/free-cash-proof-ayer.xlsx,Sheet1!A7
Ayer,2024,Add Actual Revenue Received but not Estimated (CL#7),0.00,component,dls/free-cash-proof-ayer.xlsx,Sheet1!A8
Ayer,2024,Excess/Shortfall Cherry Sheet Receipts (CL#8),-36221.00,component,dls/free-cash-proof-ayer.xlsx,Sheet1!A9
Ayer,2024,Add Unencumbered/Unexpended Appropriations (CL#11),1474696.00,component,dls/free-cash-proof-ayer.xlsx,Sheet1!A10
Ayer,2024,Subtract Negative Free Cash Certified July 1 Prior Year,0.00,component,dls/free-cash-proof-ayer.xlsx,Sheet1!A11
Ayer,2024,Add Prior Year Free Cash Not Appropriated (CL#12),0.00,component,dls/free-cash-proof-ayer.xlsx,Sheet1!A12
Ayer,2024,Add Overlay Surplus Closed (CL#13),250000.00,component,dls/free-cash-proof-ayer.xlsx,Sheet1!A13
Ayer,2024,Prior & Current Year Outstanding Receivables Total,43488.00,component,dls/free-cash-proof-ayer.xlsx,Sheet1!A14
Ayer,2024,Net Change in Adjustment to Free Cash,80162.00,component,dls/free-cash-proof-ayer.xlsx,Sheet1!A15
Ayer,2024,Other Adjustments,0.00,component,dls/free-cash-proof-ayer.xlsx,Sheet1!A16
Ayer,2024,"Identified Free Cash July 1,",3105185.00,identified_total,dls/free-cash-proof-ayer.xlsx,Sheet1!A17
Ayer,2025,Free Cash Certified Prior Year,3261808.00,prior_year_certified,dls/free-cash-proof-ayer.xlsx,Sheet1!A4
Ayer,2025,Current Year Calculation,2912510.00,certified,dls/free-cash-proof-ayer.xlsx,Sheet1!A5
Ayer,2025,Revenue Deficits,0.00,component,dls/free-cash-proof-ayer.xlsx,Sheet1!A6
Ayer,2025,Excess/Shortfall Local Receipts (CL#6),1376844.00,component,dls/free-cash-proof-ayer.xlsx,Sheet1!A7
Ayer,2025,Add Actual Revenue Received but not Estimated (CL#7),0.00,component,dls/free-cash-proof-ayer.xlsx,Sheet1!A8
Ayer,2025,Excess/Shortfall Cherry Sheet Receipts (CL#8),29052.00,component,dls/free-cash-proof-ayer.xlsx,Sheet1!A9
Ayer,2025,Add Unencumbered/Unexpended Appropriations (CL#11),1799389.00,component,dls/free-cash-proof-ayer.xlsx,Sheet1!A10
Ayer,2025,Subtract Negative Free Cash Certified July 1 Prior Year,0.00,component,dls/free-cash-proof-ayer.xlsx,Sheet1!A11
Ayer,2025,Add Prior Year Free Cash Not Appropriated (CL#12),0.00,component,dls/free-cash-proof-ayer.xlsx,Sheet1!A12
Ayer,2025,Add Overlay Surplus Closed (CL#13),0.00,component,dls/free-cash-proof-ayer.xlsx,Sheet1!A13
Ayer,2025,Prior & Current Year Outstanding Receivables Total,-249498.00,component,dls/free-cash-proof-ayer.xlsx,Sheet1!A14
Ayer,2025,Net Change in Adjustment to Free Cash,24466.00,component,dls/free-cash-proof-ayer.xlsx,Sheet1!A15
Ayer,2025,Other Adjustments,0.00,component,dls/free-cash-proof-ayer.xlsx,Sheet1!A16
Ayer,2025,"Identified Free Cash July 1,",2980253.00,identified_total,dls/free-cash-proof-ayer.xlsx,Sheet1!A17
Groton,2021,Free Cash Certified Prior Year,1087033.00,prior_year_certified,dls/free-cash-proof-groton.xlsx,Sheet1!A4
Groton,2021,Current Year Calculation,2347087.00,certified,dls/free-cash-proof-groton.xlsx,Sheet1!A5
Groton,2021,Revenue Deficits,0.00,component,dls/free-cash-proof-groton.xlsx,Sheet1!A6
Groton,2021,Excess/Shortfall Local Receipts (CL#6),1392012.00,component,dls/free-cash-proof-groton.xlsx,Sheet1!A7
Groton,2021,Add Actual Revenue Received but not Estimated (CL#7),0.00,component,dls/free-cash-proof-groton.xlsx,Sheet1!A8
Groton,2021,Excess/Shortfall Cherry Sheet Receipts (CL#8),43149.00,component,dls/free-cash-proof-groton.xlsx,Sheet1!A9
Groton,2021,Add Unencumbered/Unexpended Appropriations (CL#11),687043.00,component,dls/free-cash-proof-groton.xlsx,Sheet1!A10
Groton,2021,Subtract Negative Free Cash Certified July 1 Prior Year,0.00,component,dls/free-cash-proof-groton.xlsx,Sheet1!A11
Groton,2021,Add Prior Year Free Cash Not Appropriated (CL#12),387596.00,component,dls/free-cash-proof-groton.xlsx,Sheet1!A12
Groton,2021,Add Overlay Surplus Closed (CL#13),0.00,component,dls/free-cash-proof-groton.xlsx,Sheet1!A13
Groton,2021,Prior & Current Year Outstanding Receivables Total,-10142.00,component,dls/free-cash-proof-groton.xlsx,Sheet1!A14
Groton,2021,Net Change in Adjustment to Free Cash,-37.00,component,dls/free-cash-proof-groton.xlsx,Sheet1!A15
Groton,2021,Other Adjustments,0.00,component,dls/free-cash-proof-groton.xlsx,Sheet1!A16
Groton,2021,"Identified Free Cash July 1,",2499621.00,identified_total,dls/free-cash-proof-groton.xlsx,Sheet1!A17
Groton,2022,Free Cash Certified Prior Year,2347087.00,prior_year_certified,dls/free-cash-proof-groton.xlsx,Sheet1!A4
Groton,2022,Current Year Calculation,2115125.00,certified,dls/free-cash-proof-groton.xlsx,Sheet1!A5
Groton,2022,Revenue Deficits,0.00,component,dls/free-cash-proof-groton.xlsx,Sheet1!A6
Groton,2022,Excess/Shortfall Local Receipts (CL#6),1173510.00,component,dls/free-cash-proof-groton.xlsx,Sheet1!A7
Groton,2022,Add Actual Revenue Received but not Estimated (CL#7),0.00,component,dls/free-cash-proof-groton.xlsx,Sheet1!A8
Groton,2022,Excess/Shortfall Cherry Sheet Receipts (CL#8),47452.00,component,dls/free-cash-proof-groton.xlsx,Sheet1!A9
Groton,2022,Add Unencumbered/Unexpended Appropriations (CL#11),403150.00,component,dls/free-cash-proof-groton.xlsx,Sheet1!A10
Groton,2022,Subtract Negative Free Cash Certified July 1 Prior Year,0.00,component,dls/free-cash-proof-groton.xlsx,Sheet1!A11
Groton,2022,Add Prior Year Free Cash Not Appropriated (CL#12),440717.00,component,dls/free-cash-proof-groton.xlsx,Sheet1!A12
Groton,2022,Add Overlay Surplus Closed (CL#13),0.00,component,dls/free-cash-proof-groton.xlsx,Sheet1!A13
Groton,2022,Prior & Current Year Outstanding Receivables Total,165759.00,component,dls/free-cash-proof-groton.xlsx,Sheet1!A14
Groton,2022,Net Change in Adjustment to Free Cash,-53715.00,component,dls/free-cash-proof-groton.xlsx,Sheet1!A15
Groton,2022,Other Adjustments,0.00,component,dls/free-cash-proof-groton.xlsx,Sheet1!A16
Groton,2022,"Identified Free Cash July 1,",2176873.00,identified_total,dls/free-cash-proof-groton.xlsx,Sheet1!A17
Groton,2023,Free Cash Certified Prior Year,2115125.00,prior_year_certified,dls/free-cash-proof-groton.xlsx,Sheet1!A4
Groton,2023,Current Year Calculation,2423442.00,certified,dls/free-cash-proof-groton.xlsx,Sheet1!A5
Groton,2023,Revenue Deficits,0.00,component,dls/free-cash-proof-groton.xlsx,Sheet1!A6
Groton,2023,Excess/Shortfall Local Receipts (CL#6),1890417.00,component,dls/free-cash-proof-groton.xlsx,Sheet1!A7
Groton,2023,Add Actual Revenue Received but not Estimated (CL#7),0.00,component,dls/free-cash-proof-groton.xlsx,Sheet1!A8
Groton,2023,Excess/Shortfall Cherry Sheet Receipts (CL#8),104155.00,component,dls/free-cash-proof-groton.xlsx,Sheet1!A9
Groton,2023,Add Unencumbered/Unexpended Appropriations (CL#11),439040.00,component,dls/free-cash-proof-groton.xlsx,Sheet1!A10
Groton,2023,Subtract Negative Free Cash Certified July 1 Prior Year,0.00,component,dls/free-cash-proof-groton.xlsx,Sheet1!A11
Groton,2023,Add Prior Year Free Cash Not Appropriated (CL#12),121648.00,component,dls/free-cash-proof-groton.xlsx,Sheet1!A12
Groton,2023,Add Overlay Surplus Closed (CL#13),0.00,component,dls/free-cash-proof-groton.xlsx,Sheet1!A13
Groton,2023,Prior & Current Year Outstanding Receivables Total,109481.00,component,dls/free-cash-proof-groton.xlsx,Sheet1!A14
Groton,2023,Net Change in Adjustment to Free Cash,32108.00,component,dls/free-cash-proof-groton.xlsx,Sheet1!A15
Groton,2023,Other Adjustments,0.00,component,dls/free-cash-proof-groton.xlsx,Sheet1!A16
Groton,2023,"Identified Free Cash July 1,",2696849.00,identified_total,dls/free-cash-proof-groton.xlsx,Sheet1!A17
Groton,2024,Free Cash Certified Prior Year,2423442.00,prior_year_certified,dls/free-cash-proof-groton.xlsx,Sheet1!A4
Groton,2024,Current Year Calculation,2757118.00,certified,dls/free-cash-proof-groton.xlsx,Sheet1!A5
Groton,2024,Revenue Deficits,0.00,component,dls/free-cash-proof-groton.xlsx,Sheet1!A6
Groton,2024,Excess/Shortfall Local Receipts (CL#6),2124838.00,component,dls/free-cash-proof-groton.xlsx,Sheet1!A7
Groton,2024,Add Actual Revenue Received but not Estimated (CL#7),0.00,component,dls/free-cash-proof-groton.xlsx,Sheet1!A8
Groton,2024,Excess/Shortfall Cherry Sheet Receipts (CL#8),-8472.00,component,dls/free-cash-proof-groton.xlsx,Sheet1!A9
Groton,2024,Add Unencumbered/Unexpended Appropriations (CL#11),476416.00,component,dls/free-cash-proof-groton.xlsx,Sheet1!A10
Groton,2024,Subtract Negative Free Cash Certified July 1 Prior Year,0.00,component,dls/free-cash-proof-groton.xlsx,Sheet1!A11
Groton,2024,Add Prior Year Free Cash Not Appropriated (CL#12),214164.00,component,dls/free-cash-proof-groton.xlsx,Sheet1!A12
Groton,2024,Add Overlay Surplus Closed (CL#13),0.00,component,dls/free-cash-proof-groton.xlsx,Sheet1!A13
Groton,2024,Prior & Current Year Outstanding Receivables Total,-156051.00,component,dls/free-cash-proof-groton.xlsx,Sheet1!A14
Groton,2024,Net Change in Adjustment to Free Cash,-2651.00,component,dls/free-cash-proof-groton.xlsx,Sheet1!A15
Groton,2024,Other Adjustments,0.00,component,dls/free-cash-proof-groton.xlsx,Sheet1!A16
Groton,2024,"Identified Free Cash July 1,",2648244.00,identified_total,dls/free-cash-proof-groton.xlsx,Sheet1!A17
Groton,2025,Free Cash Certified Prior Year,2757118.00,prior_year_certified,dls/free-cash-proof-groton.xlsx,Sheet1!A4
Groton,2025,Current Year Calculation,2641998.00,certified,dls/free-cash-proof-groton.xlsx,Sheet1!A5
Groton,2025,Revenue Deficits,0.00,component,dls/free-cash-proof-groton.xlsx,Sheet1!A6
Groton,2025,Excess/Shortfall Local Receipts (CL#6),2082079.00,component,dls/free-cash-proof-groton.xlsx,Sheet1!A7
Groton,2025,Add Actual Revenue Received but not Estimated (CL#7),0.00,component,dls/free-cash-proof-groton.xlsx,Sheet1!A8
Groton,2025,Excess/Shortfall Cherry Sheet Receipts (CL#8),17756.00,component,dls/free-cash-proof-groton.xlsx,Sheet1!A9
Groton,2025,Add Unencumbered/Unexpended Appropriations (CL#11),689054.00,component,dls/free-cash-proof-groton.xlsx,Sheet1!A10
Groton,2025,Subtract Negative Free Cash Certified July 1 Prior Year,0.00,component,dls/free-cash-proof-groton.xlsx,Sheet1!A11
Groton,2025,Add Prior Year Free Cash Not Appropriated (CL#12),280301.00,component,dls/free-cash-proof-groton.xlsx,Sheet1!A12
Groton,2025,Add Overlay Surplus Closed (CL#13),0.00,component,dls/free-cash-proof-groton.xlsx,Sheet1!A13
Groton,2025,Prior & Current Year Outstanding Receivables Total,-125653.00,component,dls/free-cash-proof-groton.xlsx,Sheet1!A14
Groton,2025,Net Change in Adjustment to Free Cash,2690.00,component,dls/free-cash-proof-groton.xlsx,Sheet1!A15
Groton,2025,Other Adjustments,0.00,component,dls/free-cash-proof-groton.xlsx,Sheet1!A16
Groton,2025,"Identified Free Cash July 1,",2946227.00,identified_total,dls/free-cash-proof-groton.xlsx,Sheet1!A17
Littleton,2021,Free Cash Certified Prior Year,7346585.00,prior_year_certified,dls/free-cash-proof-littleton.xlsx,Sheet1!A4
Littleton,2021,Current Year Calculation,9428814.00,certified,dls/free-cash-proof-littleton.xlsx,Sheet1!A5
Littleton,2021,Revenue Deficits,0.00,component,dls/free-cash-proof-littleton.xlsx,Sheet1!A6
Littleton,2021,Excess/Shortfall Local Receipts (CL#6),3016103.00,component,dls/free-cash-proof-littleton.xlsx,Sheet1!A7
Littleton,2021,Add Actual Revenue Received but not Estimated (CL#7),0.00,component,dls/free-cash-proof-littleton.xlsx,Sheet1!A8
Littleton,2021,Excess/Shortfall Cherry Sheet Receipts (CL#8),-43335.00,component,dls/free-cash-proof-littleton.xlsx,Sheet1!A9
Littleton,2021,Add Unencumbered/Unexpended Appropriations (CL#11),4010832.00,component,dls/free-cash-proof-littleton.xlsx,Sheet1!A10
Littleton,2021,Subtract Negative Free Cash Certified July 1 Prior Year,0.00,component,dls/free-cash-proof-littleton.xlsx,Sheet1!A11
Littleton,2021,Add Prior Year Free Cash Not Appropriated (CL#12),3771020.00,component,dls/free-cash-proof-littleton.xlsx,Sheet1!A12
Littleton,2021,Add Overlay Surplus Closed (CL#13),0.00,component,dls/free-cash-proof-littleton.xlsx,Sheet1!A13
Littleton,2021,Prior & Current Year Outstanding Receivables Total,-403901.00,component,dls/free-cash-proof-littleton.xlsx,Sheet1!A14
Littleton,2021,Net Change in Adjustment to Free Cash,55811.00,component,dls/free-cash-proof-littleton.xlsx,Sheet1!A15
Littleton,2021,Other Adjustments,0.00,component,dls/free-cash-proof-littleton.xlsx,Sheet1!A16
Littleton,2021,"Identified Free Cash July 1,",10406530.00,identified_total,dls/free-cash-proof-littleton.xlsx,Sheet1!A17
Littleton,2022,Free Cash Certified Prior Year,9428814.00,prior_year_certified,dls/free-cash-proof-littleton.xlsx,Sheet1!A4
Littleton,2022,Current Year Calculation,9458083.00,certified,dls/free-cash-proof-littleton.xlsx,Sheet1!A5
Littleton,2022,Revenue Deficits,0.00,component,dls/free-cash-proof-littleton.xlsx,Sheet1!A6
Littleton,2022,Excess/Shortfall Local Receipts (CL#6),2478602.00,component,dls/free-cash-proof-littleton.xlsx,Sheet1!A7
Littleton,2022,Add Actual Revenue Received but not Estimated (CL#7),0.00,component,dls/free-cash-proof-littleton.xlsx,Sheet1!A8
Littleton,2022,Excess/Shortfall Cherry Sheet Receipts (CL#8),-17173.00,component,dls/free-cash-proof-littleton.xlsx,Sheet1!A9
Littleton,2022,Add Unencumbered/Unexpended Appropriations (CL#11),1932783.00,component,dls/free-cash-proof-littleton.xlsx,Sheet1!A10
Littleton,2022,Subtract Negative Free Cash Certified July 1 Prior Year,0.00,component,dls/free-cash-proof-littleton.xlsx,Sheet1!A11
Littleton,2022,Add Prior Year Free Cash Not Appropriated (CL#12),3793261.00,component,dls/free-cash-proof-littleton.xlsx,Sheet1!A12
Littleton,2022,Add Overlay Surplus Closed (CL#13),0.00,component,dls/free-cash-proof-littleton.xlsx,Sheet1!A13
Littleton,2022,Prior & Current Year Outstanding Receivables Total,-16558.00,component,dls/free-cash-proof-littleton.xlsx,Sheet1!A14
Littleton,2022,Net Change in Adjustment to Free Cash,7173.00,component,dls/free-cash-proof-littleton.xlsx,Sheet1!A15
Littleton,2022,Other Adjustments,212059.00,component,dls/free-cash-proof-littleton.xlsx,Sheet1!A16
Littleton,2022,"Identified Free Cash July 1,",8390147.00,identified_total,dls/free-cash-proof-littleton.xlsx,Sheet1!A17
Littleton,2023,Free Cash Certified Prior Year,9458083.00,prior_year_certified,dls/free-cash-proof-littleton.xlsx,Sheet1!A4
Littleton,2023,Current Year Calculation,10108103.00,certified,dls/free-cash-proof-littleton.xlsx,Sheet1!A5
Littleton,2023,Revenue Deficits,0.00,component,dls/free-cash-proof-littleton.xlsx,Sheet1!A6
Littleton,2023,Excess/Shortfall Local Receipts (CL#6),2308792.00,component,dls/free-cash-proof-littleton.xlsx,Sheet1!A7
Littleton,2023,Add Actual Revenue Received but not Estimated (CL#7),0.00,component,dls/free-cash-proof-littleton.xlsx,Sheet1!A8
Littleton,2023,Excess/Shortfall Cherry Sheet Receipts (CL#8),-134231.00,component,dls/free-cash-proof-littleton.xlsx,Sheet1!A9
Littleton,2023,Add Unencumbered/Unexpended Appropriations (CL#11),2585926.00,component,dls/free-cash-proof-littleton.xlsx,Sheet1!A10
Littleton,2023,Subtract Negative Free Cash Certified July 1 Prior Year,0.00,component,dls/free-cash-proof-littleton.xlsx,Sheet1!A11
Littleton,2023,Add Prior Year Free Cash Not Appropriated (CL#12),4367730.00,component,dls/free-cash-proof-littleton.xlsx,Sheet1!A12
Littleton,2023,Add Overlay Surplus Closed (CL#13),0.00,component,dls/free-cash-proof-littleton.xlsx,Sheet1!A13
Littleton,2023,Prior & Current Year Outstanding Receivables Total,691970.00,component,dls/free-cash-proof-littleton.xlsx,Sheet1!A14
Littleton,2023,Net Change in Adjustment to Free Cash,2630.00,component,dls/free-cash-proof-littleton.xlsx,Sheet1!A15
Littleton,2023,Other Adjustments,0.00,component,dls/free-cash-proof-littleton.xlsx,Sheet1!A16
Littleton,2023,"Identified Free Cash July 1,",9822817.00,identified_total,dls/free-cash-proof-littleton.xlsx,Sheet1!A17
Littleton,2024,Free Cash Certified Prior Year,10108103.00,prior_year_certified,dls/free-cash-proof-littleton.xlsx,Sheet1!A4
Littleton,2024,Current Year Calculation,12317002.00,certified,dls/free-cash-proof-littleton.xlsx,Sheet1!A5
Littleton,2024,Revenue Deficits,0.00,component,dls/free-cash-proof-littleton.xlsx,Sheet1!A6
Littleton,2024,Excess/Shortfall Local Receipts (CL#6),3746917.00,component,dls/free-cash-proof-littleton.xlsx,Sheet1!A7
Littleton,2024,Add Actual Revenue Received but not Estimated (CL#7),0.00,component,dls/free-cash-proof-littleton.xlsx,Sheet1!A8
Littleton,2024,Excess/Shortfall Cherry Sheet Receipts (CL#8),-159815.00,component,dls/free-cash-proof-littleton.xlsx,Sheet1!A9
Littleton,2024,Add Unencumbered/Unexpended Appropriations (CL#11),3156711.00,component,dls/free-cash-proof-littleton.xlsx,Sheet1!A10
Littleton,2024,Subtract Negative Free Cash Certified July 1 Prior Year,0.00,component,dls/free-cash-proof-littleton.xlsx,Sheet1!A11
Littleton,2024,Add Prior Year Free Cash Not Appropriated (CL#12),4612397.00,component,dls/free-cash-proof-littleton.xlsx,Sheet1!A12
Littleton,2024,Add Overlay Surplus Closed (CL#13),0.00,component,dls/free-cash-proof-littleton.xlsx,Sheet1!A13
Littleton,2024,Prior & Current Year Outstanding Receivables Total,-82820.00,component,dls/free-cash-proof-littleton.xlsx,Sheet1!A14
Littleton,2024,Net Change in Adjustment to Free Cash,-194913.00,component,dls/free-cash-proof-littleton.xlsx,Sheet1!A15
Littleton,2024,Other Adjustments,0.00,component,dls/free-cash-proof-littleton.xlsx,Sheet1!A16
Littleton,2024,"Identified Free Cash July 1,",11078477.00,identified_total,dls/free-cash-proof-littleton.xlsx,Sheet1!A17
Littleton,2025,Free Cash Certified Prior Year,12317002.00,prior_year_certified,dls/free-cash-proof-littleton.xlsx,Sheet1!A4
Littleton,2025,Current Year Calculation,11317633.00,certified,dls/free-cash-proof-littleton.xlsx,Sheet1!A5
Littleton,2025,Revenue Deficits,0.00,component,dls/free-cash-proof-littleton.xlsx,Sheet1!A6
Littleton,2025,Excess/Shortfall Local Receipts (CL#6),3680761.00,component,dls/free-cash-proof-littleton.xlsx,Sheet1!A7
Littleton,2025,Add Actual Revenue Received but not Estimated (CL#7),0.00,component,dls/free-cash-proof-littleton.xlsx,Sheet1!A8
Littleton,2025,Excess/Shortfall Cherry Sheet Receipts (CL#8),-121539.00,component,dls/free-cash-proof-littleton.xlsx,Sheet1!A9
Littleton,2025,Add Unencumbered/Unexpended Appropriations (CL#11),3292039.00,component,dls/free-cash-proof-littleton.xlsx,Sheet1!A10
Littleton,2025,Subtract Negative Free Cash Certified July 1 Prior Year,0.00,component,dls/free-cash-proof-littleton.xlsx,Sheet1!A11
Littleton,2025,Add Prior Year Free Cash Not Appropriated (CL#12),4810344.00,component,dls/free-cash-proof-littleton.xlsx,Sheet1!A12
Littleton,2025,Add Overlay Surplus Closed (CL#13),0.00,component,dls/free-cash-proof-littleton.xlsx,Sheet1!A13
Littleton,2025,Prior & Current Year Outstanding Receivables Total,163286.00,component,dls/free-cash-proof-littleton.xlsx,Sheet1!A14
Littleton,2025,Net Change in Adjustment to Free Cash,-1803422.00,component,dls/free-cash-proof-littleton.xlsx,Sheet1!A15
Littleton,2025,Other Adjustments,0.00,component,dls/free-cash-proof-littleton.xlsx,Sheet1!A16
Littleton,2025,"Identified Free Cash July 1,",10021469.00,identified_total,dls/free-cash-proof-littleton.xlsx,Sheet1!A17
Lunenburg,2021,Free Cash Certified Prior Year,1804185.00,prior_year_certified,dls/free-cash-proof-lunenburg.xlsx,Sheet1!A4
Lunenburg,2021,Current Year Calculation,2666962.00,certified,dls/free-cash-proof-lunenburg.xlsx,Sheet1!A5
Lunenburg,2021,Revenue Deficits,0.00,component,dls/free-cash-proof-lunenburg.xlsx,Sheet1!A6
Lunenburg,2021,Excess/Shortfall Local Receipts (CL#6),590516.00,component,dls/free-cash-proof-lunenburg.xlsx,Sheet1!A7
Lunenburg,2021,Add Actual Revenue Received but not Estimated (CL#7),0.00,component,dls/free-cash-proof-lunenburg.xlsx,Sheet1!A8
Lunenburg,2021,Excess/Shortfall Cherry Sheet Receipts (CL#8),240260.00,component,dls/free-cash-proof-lunenburg.xlsx,Sheet1!A9
Lunenburg,2021,Add Unencumbered/Unexpended Appropriations (CL#11),1377642.00,component,dls/free-cash-proof-lunenburg.xlsx,Sheet1!A10
Lunenburg,2021,Subtract Negative Free Cash Certified July 1 Prior Year,0.00,component,dls/free-cash-proof-lunenburg.xlsx,Sheet1!A11
Lunenburg,2021,Add Prior Year Free Cash Not Appropriated (CL#12),318581.00,component,dls/free-cash-proof-lunenburg.xlsx,Sheet1!A12
Lunenburg,2021,Add Overlay Surplus Closed (CL#13),0.00,component,dls/free-cash-proof-lunenburg.xlsx,Sheet1!A13
Lunenburg,2021,Prior & Current Year Outstanding Receivables Total,124672.00,component,dls/free-cash-proof-lunenburg.xlsx,Sheet1!A14
Lunenburg,2021,Net Change in Adjustment to Free Cash,4280.00,component,dls/free-cash-proof-lunenburg.xlsx,Sheet1!A15
Lunenburg,2021,Other Adjustments,31183.00,component,dls/free-cash-proof-lunenburg.xlsx,Sheet1!A16
Lunenburg,2021,"Identified Free Cash July 1,",2687134.00,identified_total,dls/free-cash-proof-lunenburg.xlsx,Sheet1!A17
Lunenburg,2022,Free Cash Certified Prior Year,2666962.00,prior_year_certified,dls/free-cash-proof-lunenburg.xlsx,Sheet1!A4
Lunenburg,2022,Current Year Calculation,2923290.00,certified,dls/free-cash-proof-lunenburg.xlsx,Sheet1!A5
Lunenburg,2022,Revenue Deficits,0.00,component,dls/free-cash-proof-lunenburg.xlsx,Sheet1!A6
Lunenburg,2022,Excess/Shortfall Local Receipts (CL#6),1049137.00,component,dls/free-cash-proof-lunenburg.xlsx,Sheet1!A7
Lunenburg,2022,Add Actual Revenue Received but not Estimated (CL#7),0.00,component,dls/free-cash-proof-lunenburg.xlsx,Sheet1!A8
Lunenburg,2022,Excess/Shortfall Cherry Sheet Receipts (CL#8),120947.00,component,dls/free-cash-proof-lunenburg.xlsx,Sheet1!A9
Lunenburg,2022,Add Unencumbered/Unexpended Appropriations (CL#11),754201.00,component,dls/free-cash-proof-lunenburg.xlsx,Sheet1!A10
Lunenburg,2022,Subtract Negative Free Cash Certified July 1 Prior Year,0.00,component,dls/free-cash-proof-lunenburg.xlsx,Sheet1!A11
Lunenburg,2022,Add Prior Year Free Cash Not Appropriated (CL#12),516732.00,component,dls/free-cash-proof-lunenburg.xlsx,Sheet1!A12
Lunenburg,2022,Add Overlay Surplus Closed (CL#13),0.00,component,dls/free-cash-proof-lunenburg.xlsx,Sheet1!A13
Lunenburg,2022,Prior & Current Year Outstanding Receivables Total,802452.00,component,dls/free-cash-proof-lunenburg.xlsx,Sheet1!A14
Lunenburg,2022,Net Change in Adjustment to Free Cash,-45078.00,component,dls/free-cash-proof-lunenburg.xlsx,Sheet1!A15
Lunenburg,2022,Other Adjustments,-42472.00,component,dls/free-cash-proof-lunenburg.xlsx,Sheet1!A16
Lunenburg,2022,"Identified Free Cash July 1,",3155919.00,identified_total,dls/free-cash-proof-lunenburg.xlsx,Sheet1!A17
Lunenburg,2023,Free Cash Certified Prior Year,2923290.00,prior_year_certified,dls/free-cash-proof-lunenburg.xlsx,Sheet1!A4
Lunenburg,2023,Current Year Calculation,1870612.00,certified,dls/free-cash-proof-lunenburg.xlsx,Sheet1!A5
Lunenburg,2023,Revenue Deficits,0.00,component,dls/free-cash-proof-lunenburg.xlsx,Sheet1!A6
Lunenburg,2023,Excess/Shortfall Local Receipts (CL#6),1006025.00,component,dls/free-cash-proof-lunenburg.xlsx,Sheet1!A7
Lunenburg,2023,Add Actual Revenue Received but not Estimated (CL#7),0.00,component,dls/free-cash-proof-lunenburg.xlsx,Sheet1!A8
Lunenburg,2023,Excess/Shortfall Cherry Sheet Receipts (CL#8),327281.00,component,dls/free-cash-proof-lunenburg.xlsx,Sheet1!A9
Lunenburg,2023,Add Unencumbered/Unexpended Appropriations (CL#11),588680.00,component,dls/free-cash-proof-lunenburg.xlsx,Sheet1!A10
Lunenburg,2023,Subtract Negative Free Cash Certified July 1 Prior Year,0.00,component,dls/free-cash-proof-lunenburg.xlsx,Sheet1!A11
Lunenburg,2023,Add Prior Year Free Cash Not Appropriated (CL#12),209426.00,component,dls/free-cash-proof-lunenburg.xlsx,Sheet1!A12
Lunenburg,2023,Add Overlay Surplus Closed (CL#13),0.00,component,dls/free-cash-proof-lunenburg.xlsx,Sheet1!A13
Lunenburg,2023,Prior & Current Year Outstanding Receivables Total,-98802.00,component,dls/free-cash-proof-lunenburg.xlsx,Sheet1!A14
Lunenburg,2023,Net Change in Adjustment to Free Cash,-87841.00,component,dls/free-cash-proof-lunenburg.xlsx,Sheet1!A15
Lunenburg,2023,Other Adjustments,-20985.00,component,dls/free-cash-proof-lunenburg.xlsx,Sheet1!A16
Lunenburg,2023,"Identified Free Cash July 1,",1923784.00,identified_total,dls/free-cash-proof-lunenburg.xlsx,Sheet1!A17
Lunenburg,2024,Free Cash Certified Prior Year,1870612.00,prior_year_certified,dls/free-cash-proof-lunenburg.xlsx,Sheet1!A4
Lunenburg,2024,Current Year Calculation,2270060.00,certified,dls/free-cash-proof-lunenburg.xlsx,Sheet1!A5
Lunenburg,2024,Revenue Deficits,0.00,component,dls/free-cash-proof-lunenburg.xlsx,Sheet1!A6
Lunenburg,2024,Excess/Shortfall Local Receipts (CL#6),1363025.00,component,dls/free-cash-proof-lunenburg.xlsx,Sheet1!A7
Lunenburg,2024,Add Actual Revenue Received but not Estimated (CL#7),0.00,component,dls/free-cash-proof-lunenburg.xlsx,Sheet1!A8
Lunenburg,2024,Excess/Shortfall Cherry Sheet Receipts (CL#8),-390814.00,component,dls/free-cash-proof-lunenburg.xlsx,Sheet1!A9
Lunenburg,2024,Add Unencumbered/Unexpended Appropriations (CL#11),1224836.00,component,dls/free-cash-proof-lunenburg.xlsx,Sheet1!A10
Lunenburg,2024,Subtract Negative Free Cash Certified July 1 Prior Year,0.00,component,dls/free-cash-proof-lunenburg.xlsx,Sheet1!A11
Lunenburg,2024,Add Prior Year Free Cash Not Appropriated (CL#12),214884.00,component,dls/free-cash-proof-lunenburg.xlsx,Sheet1!A12
Lunenburg,2024,Add Overlay Surplus Closed (CL#13),0.00,component,dls/free-cash-proof-lunenburg.xlsx,Sheet1!A13
Lunenburg,2024,Prior & Current Year Outstanding Receivables Total,-282827.00,component,dls/free-cash-proof-lunenburg.xlsx,Sheet1!A14
Lunenburg,2024,Net Change in Adjustment to Free Cash,-96525.00,component,dls/free-cash-proof-lunenburg.xlsx,Sheet1!A15
Lunenburg,2024,Other Adjustments,0.00,component,dls/free-cash-proof-lunenburg.xlsx,Sheet1!A16
Lunenburg,2024,"Identified Free Cash July 1,",2032579.00,identified_total,dls/free-cash-proof-lunenburg.xlsx,Sheet1!A17
Lunenburg,2025,Free Cash Certified Prior Year,2270060.00,prior_year_certified,dls/free-cash-proof-lunenburg.xlsx,Sheet1!A4
Lunenburg,2025,Current Year Calculation,3354370.00,certified,dls/free-cash-proof-lunenburg.xlsx,Sheet1!A5
Lunenburg,2025,Revenue Deficits,0.00,component,dls/free-cash-proof-lunenburg.xlsx,Sheet1!A6
Lunenburg,2025,Excess/Shortfall Local Receipts (CL#6),1225720.00,component,dls/free-cash-proof-lunenburg.xlsx,Sheet1!A7
Lunenburg,2025,Add Actual Revenue Received but not Estimated (CL#7),7139.00,component,dls/free-cash-proof-lunenburg.xlsx,Sheet1!A8
Lunenburg,2025,Excess/Shortfall Cherry Sheet Receipts (CL#8),149455.00,component,dls/free-cash-proof-lunenburg.xlsx,Sheet1!A9
Lunenburg,2025,Add Unencumbered/Unexpended Appropriations (CL#11),2457761.00,component,dls/free-cash-proof-lunenburg.xlsx,Sheet1!A10
Lunenburg,2025,Subtract Negative Free Cash Certified July 1 Prior Year,0.00,component,dls/free-cash-proof-lunenburg.xlsx,Sheet1!A11
Lunenburg,2025,Add Prior Year Free Cash Not Appropriated (CL#12),270669.00,component,dls/free-cash-proof-lunenburg.xlsx,Sheet1!A12
Lunenburg,2025,Add Overlay Surplus Closed (CL#13),0.00,component,dls/free-cash-proof-lunenburg.xlsx,Sheet1!A13
Lunenburg,2025,Prior & Current Year Outstanding Receivables Total,-237764.00,component,dls/free-cash-proof-lunenburg.xlsx,Sheet1!A14
Lunenburg,2025,Net Change in Adjustment to Free Cash,-170954.00,component,dls/free-cash-proof-lunenburg.xlsx,Sheet1!A15
Lunenburg,2025,Other Adjustments,14256.00,component,dls/free-cash-proof-lunenburg.xlsx,Sheet1!A16
Lunenburg,2025,"Identified Free Cash July 1,",3716282.00,identified_total,dls/free-cash-proof-lunenburg.xlsx,Sheet1!A17
Shirley,2021,Free Cash Certified Prior Year,156010.00,prior_year_certified,dls/free-cash-proof-shirley.xlsx,Sheet1!A4
Shirley,2021,Current Year Calculation,706703.00,certified,dls/free-cash-proof-shirley.xlsx,Sheet1!A5
Shirley,2021,Revenue Deficits,0.00,component,dls/free-cash-proof-shirley.xlsx,Sheet1!A6
Shirley,2021,Excess/Shortfall Local Receipts (CL#6),83248.00,component,dls/free-cash-proof-shirley.xlsx,Sheet1!A7
Shirley,2021,Add Actual Revenue Received but not Estimated (CL#7),0.00,component,dls/free-cash-proof-shirley.xlsx,Sheet1!A8
Shirley,2021,Excess/Shortfall Cherry Sheet Receipts (CL#8),6835.00,component,dls/free-cash-proof-shirley.xlsx,Sheet1!A9
Shirley,2021,Add Unencumbered/Unexpended Appropriations (CL#11),431928.00,component,dls/free-cash-proof-shirley.xlsx,Sheet1!A10
Shirley,2021,Subtract Negative Free Cash Certified July 1 Prior Year,0.00,component,dls/free-cash-proof-shirley.xlsx,Sheet1!A11
Shirley,2021,Add Prior Year Free Cash Not Appropriated (CL#12),50310.00,component,dls/free-cash-proof-shirley.xlsx,Sheet1!A12
Shirley,2021,Add Overlay Surplus Closed (CL#13),0.00,component,dls/free-cash-proof-shirley.xlsx,Sheet1!A13
Shirley,2021,Prior & Current Year Outstanding Receivables Total,187700.00,component,dls/free-cash-proof-shirley.xlsx,Sheet1!A14
Shirley,2021,Net Change in Adjustment to Free Cash,49356.00,component,dls/free-cash-proof-shirley.xlsx,Sheet1!A15
Shirley,2021,Other Adjustments,0.00,component,dls/free-cash-proof-shirley.xlsx,Sheet1!A16
Shirley,2021,"Identified Free Cash July 1,",809377.00,identified_total,dls/free-cash-proof-shirley.xlsx,Sheet1!A17
Shirley,2022,Free Cash Certified Prior Year,706703.00,prior_year_certified,dls/free-cash-proof-shirley.xlsx,Sheet1!A4
Shirley,2022,Current Year Calculation,532074.00,certified,dls/free-cash-proof-shirley.xlsx,Sheet1!A5
Shirley,2022,Revenue Deficits,0.00,component,dls/free-cash-proof-shirley.xlsx,Sheet1!A6
Shirley,2022,Excess/Shortfall Local Receipts (CL#6),282516.00,component,dls/free-cash-proof-shirley.xlsx,Sheet1!A7
Shirley,2022,Add Actual Revenue Received but not Estimated (CL#7),0.00,component,dls/free-cash-proof-shirley.xlsx,Sheet1!A8
Shirley,2022,Excess/Shortfall Cherry Sheet Receipts (CL#8),-4043.00,component,dls/free-cash-proof-shirley.xlsx,Sheet1!A9
Shirley,2022,Add Unencumbered/Unexpended Appropriations (CL#11),124357.00,component,dls/free-cash-proof-shirley.xlsx,Sheet1!A10
Shirley,2022,Subtract Negative Free Cash Certified July 1 Prior Year,0.00,component,dls/free-cash-proof-shirley.xlsx,Sheet1!A11
Shirley,2022,Add Prior Year Free Cash Not Appropriated (CL#12),2503.00,component,dls/free-cash-proof-shirley.xlsx,Sheet1!A12
Shirley,2022,Add Overlay Surplus Closed (CL#13),0.00,component,dls/free-cash-proof-shirley.xlsx,Sheet1!A13
Shirley,2022,Prior & Current Year Outstanding Receivables Total,154920.00,component,dls/free-cash-proof-shirley.xlsx,Sheet1!A14
Shirley,2022,Net Change in Adjustment to Free Cash,-2503.00,component,dls/free-cash-proof-shirley.xlsx,Sheet1!A15
Shirley,2022,Other Adjustments,0.00,component,dls/free-cash-proof-shirley.xlsx,Sheet1!A16
Shirley,2022,"Identified Free Cash July 1,",557750.00,identified_total,dls/free-cash-proof-shirley.xlsx,Sheet1!A17
Shirley,2023,Free Cash Certified Prior Year,532074.00,prior_year_certified,dls/free-cash-proof-shirley.xlsx,Sheet1!A4
Shirley,2023,Current Year Calculation,515190.00,certified,dls/free-cash-proof-shirley.xlsx,Sheet1!A5
Shirley,2023,Revenue Deficits,0.00,component,dls/free-cash-proof-shirley.xlsx,Sheet1!A6
Shirley,2023,Excess/Shortfall Local Receipts (CL#6),299204.00,component,dls/free-cash-proof-shirley.xlsx,Sheet1!A7
Shirley,2023,Add Actual Revenue Received but not Estimated (CL#7),59361.00,component,dls/free-cash-proof-shirley.xlsx,Sheet1!A8
Shirley,2023,Excess/Shortfall Cherry Sheet Receipts (CL#8),-45083.00,component,dls/free-cash-proof-shirley.xlsx,Sheet1!A9
Shirley,2023,Add Unencumbered/Unexpended Appropriations (CL#11),26202.00,component,dls/free-cash-proof-shirley.xlsx,Sheet1!A10
Shirley,2023,Subtract Negative Free Cash Certified July 1 Prior Year,0.00,component,dls/free-cash-proof-shirley.xlsx,Sheet1!A11
Shirley,2023,Add Prior Year Free Cash Not Appropriated (CL#12),74.00,component,dls/free-cash-proof-shirley.xlsx,Sheet1!A12
Shirley,2023,Add Overlay Surplus Closed (CL#13),0.00,component,dls/free-cash-proof-shirley.xlsx,Sheet1!A13
Shirley,2023,Prior & Current Year Outstanding Receivables Total,85610.00,component,dls/free-cash-proof-shirley.xlsx,Sheet1!A14
Shirley,2023,Net Change in Adjustment to Free Cash,42552.00,component,dls/free-cash-proof-shirley.xlsx,Sheet1!A15
Shirley,2023,Other Adjustments,0.00,component,dls/free-cash-proof-shirley.xlsx,Sheet1!A16
Shirley,2023,"Identified Free Cash July 1,",467920.00,identified_total,dls/free-cash-proof-shirley.xlsx,Sheet1!A17
Shirley,2024,Free Cash Certified Prior Year,515190.00,prior_year_certified,dls/free-cash-proof-shirley.xlsx,Sheet1!A4
Shirley,2024,Current Year Calculation,518752.00,certified,dls/free-cash-proof-shirley.xlsx,Sheet1!A5
Shirley,2024,Revenue Deficits,0.00,component,dls/free-cash-proof-shirley.xlsx,Sheet1!A6
Shirley,2024,Excess/Shortfall Local Receipts (CL#6),485744.00,component,dls/free-cash-proof-shirley.xlsx,Sheet1!A7
Shirley,2024,Add Actual Revenue Received but not Estimated (CL#7),0.00,component,dls/free-cash-proof-shirley.xlsx,Sheet1!A8
Shirley,2024,Excess/Shortfall Cherry Sheet Receipts (CL#8),-2161.00,component,dls/free-cash-proof-shirley.xlsx,Sheet1!A9
Shirley,2024,Add Unencumbered/Unexpended Appropriations (CL#11),12205.00,component,dls/free-cash-proof-shirley.xlsx,Sheet1!A10
Shirley,2024,Subtract Negative Free Cash Certified July 1 Prior Year,0.00,component,dls/free-cash-proof-shirley.xlsx,Sheet1!A11
Shirley,2024,Add Prior Year Free Cash Not Appropriated (CL#12),0.00,component,dls/free-cash-proof-shirley.xlsx,Sheet1!A12
Shirley,2024,Add Overlay Surplus Closed (CL#13),150000.00,component,dls/free-cash-proof-shirley.xlsx,Sheet1!A13
Shirley,2024,Prior & Current Year Outstanding Receivables Total,-82351.00,component,dls/free-cash-proof-shirley.xlsx,Sheet1!A14
Shirley,2024,Net Change in Adjustment to Free Cash,-63743.00,component,dls/free-cash-proof-shirley.xlsx,Sheet1!A15
Shirley,2024,Other Adjustments,0.00,component,dls/free-cash-proof-shirley.xlsx,Sheet1!A16
Shirley,2024,"Identified Free Cash July 1,",499694.00,identified_total,dls/free-cash-proof-shirley.xlsx,Sheet1!A17
Shirley,2025,Free Cash Certified Prior Year,518752.00,prior_year_certified,dls/free-cash-proof-shirley.xlsx,Sheet1!A4
Shirley,2025,Current Year Calculation,272197.00,certified,dls/free-cash-proof-shirley.xlsx,Sheet1!A5
Shirley,2025,Revenue Deficits,0.00,component,dls/free-cash-proof-shirley.xlsx,Sheet1!A6
Shirley,2025,Excess/Shortfall Local Receipts (CL#6),302843.00,component,dls/free-cash-proof-shirley.xlsx,Sheet1!A7
Shirley,2025,Add Actual Revenue Received but not Estimated (CL#7),4189.00,component,dls/free-cash-proof-shirley.xlsx,Sheet1!A8
Shirley,2025,Excess/Shortfall Cherry Sheet Receipts (CL#8),13729.00,component,dls/free-cash-proof-shirley.xlsx,Sheet1!A9
Shirley,2025,Add Unencumbered/Unexpended Appropriations (CL#11),169495.00,component,dls/free-cash-proof-shirley.xlsx,Sheet1!A10
Shirley,2025,Subtract Negative Free Cash Certified July 1 Prior Year,0.00,component,dls/free-cash-proof-shirley.xlsx,Sheet1!A11
Shirley,2025,Add Prior Year Free Cash Not Appropriated (CL#12),0.00,component,dls/free-cash-proof-shirley.xlsx,Sheet1!A12
Shirley,2025,Add Overlay Surplus Closed (CL#13),0.00,component,dls/free-cash-proof-shirley.xlsx,Sheet1!A13
Shirley,2025,Prior & Current Year Outstanding Receivables Total,-122182.00,component,dls/free-cash-proof-shirley.xlsx,Sheet1!A14
Shirley,2025,Net Change in Adjustment to Free Cash,-118653.00,component,dls/free-cash-proof-shirley.xlsx,Sheet1!A15
Shirley,2025,Other Adjustments,16672.00,component,dls/free-cash-proof-shirley.xlsx,Sheet1!A16
Shirley,2025,"Identified Free Cash July 1,",266093.00,identified_total,dls/free-cash-proof-shirley.xlsx,Sheet1!A17
Townsend,2021,Free Cash Certified Prior Year,196077.00,prior_year_certified,dls/free-cash-proof-townsend.xlsx,Sheet1!A4
Townsend,2021,Current Year Calculation,1075155.00,certified,dls/free-cash-proof-townsend.xlsx,Sheet1!A5
Townsend,2021,Revenue Deficits,0.00,component,dls/free-cash-proof-townsend.xlsx,Sheet1!A6
Townsend,2021,Excess/Shortfall Local Receipts (CL#6),149784.00,component,dls/free-cash-proof-townsend.xlsx,Sheet1!A7
Townsend,2021,Add Actual Revenue Received but not Estimated (CL#7),0.00,component,dls/free-cash-proof-townsend.xlsx,Sheet1!A8
Townsend,2021,Excess/Shortfall Cherry Sheet Receipts (CL#8),-9515.00,component,dls/free-cash-proof-townsend.xlsx,Sheet1!A9
Townsend,2021,Add Unencumbered/Unexpended Appropriations (CL#11),413413.00,component,dls/free-cash-proof-townsend.xlsx,Sheet1!A10
Townsend,2021,Subtract Negative Free Cash Certified July 1 Prior Year,0.00,component,dls/free-cash-proof-townsend.xlsx,Sheet1!A11
Townsend,2021,Add Prior Year Free Cash Not Appropriated (CL#12),15278.00,component,dls/free-cash-proof-townsend.xlsx,Sheet1!A12
Townsend,2021,Add Overlay Surplus Closed (CL#13),0.00,component,dls/free-cash-proof-townsend.xlsx,Sheet1!A13
Townsend,2021,Prior & Current Year Outstanding Receivables Total,441339.00,component,dls/free-cash-proof-townsend.xlsx,Sheet1!A14
Townsend,2021,Net Change in Adjustment to Free Cash,-39855.00,component,dls/free-cash-proof-townsend.xlsx,Sheet1!A15
Townsend,2021,Other Adjustments,0.00,component,dls/free-cash-proof-townsend.xlsx,Sheet1!A16
Townsend,2021,"Identified Free Cash July 1,",970444.00,identified_total,dls/free-cash-proof-townsend.xlsx,Sheet1!A17
Townsend,2022,Free Cash Certified Prior Year,1075155.00,prior_year_certified,dls/free-cash-proof-townsend.xlsx,Sheet1!A4
Townsend,2022,Current Year Calculation,489030.00,certified,dls/free-cash-proof-townsend.xlsx,Sheet1!A5
Townsend,2022,Revenue Deficits,0.00,component,dls/free-cash-proof-townsend.xlsx,Sheet1!A6
Townsend,2022,Excess/Shortfall Local Receipts (CL#6),227931.00,component,dls/free-cash-proof-townsend.xlsx,Sheet1!A7
Townsend,2022,Add Actual Revenue Received but not Estimated (CL#7),0.00,component,dls/free-cash-proof-townsend.xlsx,Sheet1!A8
Townsend,2022,Excess/Shortfall Cherry Sheet Receipts (CL#8),-62572.00,component,dls/free-cash-proof-townsend.xlsx,Sheet1!A9
Townsend,2022,Add Unencumbered/Unexpended Appropriations (CL#11),324380.00,component,dls/free-cash-proof-townsend.xlsx,Sheet1!A10
Townsend,2022,Subtract Negative Free Cash Certified July 1 Prior Year,0.00,component,dls/free-cash-proof-townsend.xlsx,Sheet1!A11
Townsend,2022,Add Prior Year Free Cash Not Appropriated (CL#12),123928.00,component,dls/free-cash-proof-townsend.xlsx,Sheet1!A12
Townsend,2022,Add Overlay Surplus Closed (CL#13),0.00,component,dls/free-cash-proof-townsend.xlsx,Sheet1!A13
Townsend,2022,Prior & Current Year Outstanding Receivables Total,26116.00,component,dls/free-cash-proof-townsend.xlsx,Sheet1!A14
Townsend,2022,Net Change in Adjustment to Free Cash,-47271.00,component,dls/free-cash-proof-townsend.xlsx,Sheet1!A15
Townsend,2022,Other Adjustments,0.00,component,dls/free-cash-proof-townsend.xlsx,Sheet1!A16
Townsend,2022,"Identified Free Cash July 1,",592512.00,identified_total,dls/free-cash-proof-townsend.xlsx,Sheet1!A17
Townsend,2023,Free Cash Certified Prior Year,489030.00,prior_year_certified,dls/free-cash-proof-townsend.xlsx,Sheet1!A4
Townsend,2023,Current Year Calculation,379327.00,certified,dls/free-cash-proof-townsend.xlsx,Sheet1!A5
Townsend,2023,Revenue Deficits,0.00,component,dls/free-cash-proof-townsend.xlsx,Sheet1!A6
Townsend,2023,Excess/Shortfall Local Receipts (CL#6),586443.00,component,dls/free-cash-proof-townsend.xlsx,Sheet1!A7
Townsend,2023,Add Actual Revenue Received but not Estimated (CL#7),0.00,component,dls/free-cash-proof-townsend.xlsx,Sheet1!A8
Townsend,2023,Excess/Shortfall Cherry Sheet Receipts (CL#8),10966.00,component,dls/free-cash-proof-townsend.xlsx,Sheet1!A9
Townsend,2023,Add Unencumbered/Unexpended Appropriations (CL#11),128757.00,component,dls/free-cash-proof-townsend.xlsx,Sheet1!A10
Townsend,2023,Subtract Negative Free Cash Certified July 1 Prior Year,0.00,component,dls/free-cash-proof-townsend.xlsx,Sheet1!A11
Townsend,2023,Add Prior Year Free Cash Not Appropriated (CL#12),66399.00,component,dls/free-cash-proof-townsend.xlsx,Sheet1!A12
Townsend,2023,Add Overlay Surplus Closed (CL#13),0.00,component,dls/free-cash-proof-townsend.xlsx,Sheet1!A13
Townsend,2023,Prior & Current Year Outstanding Receivables Total,103293.00,component,dls/free-cash-proof-townsend.xlsx,Sheet1!A14
Townsend,2023,Net Change in Adjustment to Free Cash,55806.00,component,dls/free-cash-proof-townsend.xlsx,Sheet1!A15
Townsend,2023,Other Adjustments,-432749.00,component,dls/free-cash-proof-townsend.xlsx,Sheet1!A16
Townsend,2023,"Identified Free Cash July 1,",518915.00,identified_total,dls/free-cash-proof-townsend.xlsx,Sheet1!A17
Townsend,2024,Free Cash Certified Prior Year,379327.00,prior_year_certified,dls/free-cash-proof-townsend.xlsx,Sheet1!A4
Townsend,2024,Current Year Calculation,628955.00,certified,dls/free-cash-proof-townsend.xlsx,Sheet1!A5
Townsend,2024,Revenue Deficits,0.00,component,dls/free-cash-proof-townsend.xlsx,Sheet1!A6
Townsend,2024,Excess/Shortfall Local Receipts (CL#6),385520.00,component,dls/free-cash-proof-townsend.xlsx,Sheet1!A7
Townsend,2024,Add Actual Revenue Received but not Estimated (CL#7),0.00,component,dls/free-cash-proof-townsend.xlsx,Sheet1!A8
Townsend,2024,Excess/Shortfall Cherry Sheet Receipts (CL#8),-62235.00,component,dls/free-cash-proof-townsend.xlsx,Sheet1!A9
Townsend,2024,Add Unencumbered/Unexpended Appropriations (CL#11),272207.00,component,dls/free-cash-proof-townsend.xlsx,Sheet1!A10
Townsend,2024,Subtract Negative Free Cash Certified July 1 Prior Year,0.00,component,dls/free-cash-proof-townsend.xlsx,Sheet1!A11
Townsend,2024,Add Prior Year Free Cash Not Appropriated (CL#12),115528.00,component,dls/free-cash-proof-townsend.xlsx,Sheet1!A12
Townsend,2024,Add Overlay Surplus Closed (CL#13),0.00,component,dls/free-cash-proof-townsend.xlsx,Sheet1!A13
Townsend,2024,Prior & Current Year Outstanding Receivables Total,88077.00,component,dls/free-cash-proof-townsend.xlsx,Sheet1!A14
Townsend,2024,Net Change in Adjustment to Free Cash,49820.00,component,dls/free-cash-proof-townsend.xlsx,Sheet1!A15
Townsend,2024,Other Adjustments,-84167.00,component,dls/free-cash-proof-townsend.xlsx,Sheet1!A16
Townsend,2024,"Identified Free Cash July 1,",764750.00,identified_total,dls/free-cash-proof-townsend.xlsx,Sheet1!A17
Townsend,2025,Free Cash Certified Prior Year,628955.00,prior_year_certified,dls/free-cash-proof-townsend.xlsx,Sheet1!A4
Townsend,2025,Current Year Calculation,558880.00,certified,dls/free-cash-proof-townsend.xlsx,Sheet1!A5
Townsend,2025,Revenue Deficits,0.00,component,dls/free-cash-proof-townsend.xlsx,Sheet1!A6
Townsend,2025,Excess/Shortfall Local Receipts (CL#6),324188.00,component,dls/free-cash-proof-townsend.xlsx,Sheet1!A7
Townsend,2025,Add Actual Revenue Received but not Estimated (CL#7),0.00,component,dls/free-cash-proof-townsend.xlsx,Sheet1!A8
Townsend,2025,Excess/Shortfall Cherry Sheet Receipts (CL#8),84533.00,component,dls/free-cash-proof-townsend.xlsx,Sheet1!A9
Townsend,2025,Add Unencumbered/Unexpended Appropriations (CL#11),372360.00,component,dls/free-cash-proof-townsend.xlsx,Sheet1!A10
Townsend,2025,Subtract Negative Free Cash Certified July 1 Prior Year,0.00,component,dls/free-cash-proof-townsend.xlsx,Sheet1!A11
Townsend,2025,Add Prior Year Free Cash Not Appropriated (CL#12),58.00,component,dls/free-cash-proof-townsend.xlsx,Sheet1!A12
Townsend,2025,Add Overlay Surplus Closed (CL#13),0.00,component,dls/free-cash-proof-townsend.xlsx,Sheet1!A13
Townsend,2025,Prior & Current Year Outstanding Receivables Total,-186209.00,component,dls/free-cash-proof-townsend.xlsx,Sheet1!A14
Townsend,2025,Net Change in Adjustment to Free Cash,-14542.00,component,dls/free-cash-proof-townsend.xlsx,Sheet1!A15
Townsend,2025,Other Adjustments,0.00,component,dls/free-cash-proof-townsend.xlsx,Sheet1!A16
Townsend,2025,"Identified Free Cash July 1,",580388.00,identified_total,dls/free-cash-proof-townsend.xlsx,Sheet1!A17
Upton,2021,Free Cash Certified Prior Year,2130536.00,prior_year_certified,dls/free-cash-proof-upton.xlsx,Sheet1!A4
Upton,2021,Current Year Calculation,2447191.00,certified,dls/free-cash-proof-upton.xlsx,Sheet1!A5
Upton,2021,Revenue Deficits,0.00,component,dls/free-cash-proof-upton.xlsx,Sheet1!A6
Upton,2021,Excess/Shortfall Local Receipts (CL#6),710319.00,component,dls/free-cash-proof-upton.xlsx,Sheet1!A7
Upton,2021,Add Actual Revenue Received but not Estimated (CL#7),0.00,component,dls/free-cash-proof-upton.xlsx,Sheet1!A8
Upton,2021,Excess/Shortfall Cherry Sheet Receipts (CL#8),-927.00,component,dls/free-cash-proof-upton.xlsx,Sheet1!A9
Upton,2021,Add Unencumbered/Unexpended Appropriations (CL#11),1296644.00,component,dls/free-cash-proof-upton.xlsx,Sheet1!A10
Upton,2021,Subtract Negative Free Cash Certified July 1 Prior Year,0.00,component,dls/free-cash-proof-upton.xlsx,Sheet1!A11
Upton,2021,Add Prior Year Free Cash Not Appropriated (CL#12),521539.00,component,dls/free-cash-proof-upton.xlsx,Sheet1!A12
Upton,2021,Add Overlay Surplus Closed (CL#13),0.00,component,dls/free-cash-proof-upton.xlsx,Sheet1!A13
Upton,2021,Prior & Current Year Outstanding Receivables Total,-114269.00,component,dls/free-cash-proof-upton.xlsx,Sheet1!A14
Upton,2021,Net Change in Adjustment to Free Cash,91477.00,component,dls/free-cash-proof-upton.xlsx,Sheet1!A15
Upton,2021,Other Adjustments,0.00,component,dls/free-cash-proof-upton.xlsx,Sheet1!A16
Upton,2021,"Identified Free Cash July 1,",2504783.00,identified_total,dls/free-cash-proof-upton.xlsx,Sheet1!A17
Upton,2022,Free Cash Certified Prior Year,2447191.00,prior_year_certified,dls/free-cash-proof-upton.xlsx,Sheet1!A4
Upton,2022,Current Year Calculation,3091598.00,certified,dls/free-cash-proof-upton.xlsx,Sheet1!A5
Upton,2022,Revenue Deficits,0.00,component,dls/free-cash-proof-upton.xlsx,Sheet1!A6
Upton,2022,Excess/Shortfall Local Receipts (CL#6),1110240.00,component,dls/free-cash-proof-upton.xlsx,Sheet1!A7
Upton,2022,Add Actual Revenue Received but not Estimated (CL#7),0.00,component,dls/free-cash-proof-upton.xlsx,Sheet1!A8
Upton,2022,Excess/Shortfall Cherry Sheet Receipts (CL#8),18348.00,component,dls/free-cash-proof-upton.xlsx,Sheet1!A9
Upton,2022,Add Unencumbered/Unexpended Appropriations (CL#11),1255233.00,component,dls/free-cash-proof-upton.xlsx,Sheet1!A10
Upton,2022,Subtract Negative Free Cash Certified July 1 Prior Year,0.00,component,dls/free-cash-proof-upton.xlsx,Sheet1!A11
Upton,2022,Add Prior Year Free Cash Not Appropriated (CL#12),724905.00,component,dls/free-cash-proof-upton.xlsx,Sheet1!A12
Upton,2022,Add Overlay Surplus Closed (CL#13),0.00,component,dls/free-cash-proof-upton.xlsx,Sheet1!A13
Upton,2022,Prior & Current Year Outstanding Receivables Total,33628.00,component,dls/free-cash-proof-upton.xlsx,Sheet1!A14
Upton,2022,Net Change in Adjustment to Free Cash,-42825.00,component,dls/free-cash-proof-upton.xlsx,Sheet1!A15
Upton,2022,Other Adjustments,0.00,component,dls/free-cash-proof-upton.xlsx,Sheet1!A16
Upton,2022,"Identified Free Cash July 1,",3099529.00,identified_total,dls/free-cash-proof-upton.xlsx,Sheet1!A17
Upton,2023,Free Cash Certified Prior Year,3091598.00,prior_year_certified,dls/free-cash-proof-upton.xlsx,Sheet1!A4
Upton,2023,Current Year Calculation,3541598.00,certified,dls/free-cash-proof-upton.xlsx,Sheet1!A5
Upton,2023,Revenue Deficits,0.00,component,dls/free-cash-proof-upton.xlsx,Sheet1!A6
Upton,2023,Excess/Shortfall Local Receipts (CL#6),949574.00,component,dls/free-cash-proof-upton.xlsx,Sheet1!A7
Upton,2023,Add Actual Revenue Received but not Estimated (CL#7),0.00,component,dls/free-cash-proof-upton.xlsx,Sheet1!A8
Upton,2023,Excess/Shortfall Cherry Sheet Receipts (CL#8),-11727.00,component,dls/free-cash-proof-upton.xlsx,Sheet1!A9
Upton,2023,Add Unencumbered/Unexpended Appropriations (CL#11),1206925.00,component,dls/free-cash-proof-upton.xlsx,Sheet1!A10
Upton,2023,Subtract Negative Free Cash Certified July 1 Prior Year,0.00,component,dls/free-cash-proof-upton.xlsx,Sheet1!A11
Upton,2023,Add Prior Year Free Cash Not Appropriated (CL#12),1625955.00,component,dls/free-cash-proof-upton.xlsx,Sheet1!A12
Upton,2023,Add Overlay Surplus Closed (CL#13),0.00,component,dls/free-cash-proof-upton.xlsx,Sheet1!A13
Upton,2023,Prior & Current Year Outstanding Receivables Total,-163000.00,component,dls/free-cash-proof-upton.xlsx,Sheet1!A14
Upton,2023,Net Change in Adjustment to Free Cash,-1681.00,component,dls/free-cash-proof-upton.xlsx,Sheet1!A15
Upton,2023,Other Adjustments,0.00,component,dls/free-cash-proof-upton.xlsx,Sheet1!A16
Upton,2023,"Identified Free Cash July 1,",3606046.00,identified_total,dls/free-cash-proof-upton.xlsx,Sheet1!A17
Upton,2024,Free Cash Certified Prior Year,3541598.00,prior_year_certified,dls/free-cash-proof-upton.xlsx,Sheet1!A4
Upton,2024,Current Year Calculation,4187711.00,certified,dls/free-cash-proof-upton.xlsx,Sheet1!A5
Upton,2024,Revenue Deficits,0.00,component,dls/free-cash-proof-upton.xlsx,Sheet1!A6
Upton,2024,Excess/Shortfall Local Receipts (CL#6),1442334.00,component,dls/free-cash-proof-upton.xlsx,Sheet1!A7
Upton,2024,Add Actual Revenue Received but not Estimated (CL#7),0.00,component,dls/free-cash-proof-upton.xlsx,Sheet1!A8
Upton,2024,Excess/Shortfall Cherry Sheet Receipts (CL#8),5092.00,component,dls/free-cash-proof-upton.xlsx,Sheet1!A9
Upton,2024,Add Unencumbered/Unexpended Appropriations (CL#11),1216033.00,component,dls/free-cash-proof-upton.xlsx,Sheet1!A10
Upton,2024,Subtract Negative Free Cash Certified July 1 Prior Year,0.00,component,dls/free-cash-proof-upton.xlsx,Sheet1!A11
Upton,2024,Add Prior Year Free Cash Not Appropriated (CL#12),1185085.00,component,dls/free-cash-proof-upton.xlsx,Sheet1!A12
Upton,2024,Add Overlay Surplus Closed (CL#13),0.00,component,dls/free-cash-proof-upton.xlsx,Sheet1!A13
Upton,2024,Prior & Current Year Outstanding Receivables Total,426179.00,component,dls/free-cash-proof-upton.xlsx,Sheet1!A14
Upton,2024,Net Change in Adjustment to Free Cash,-29100.00,component,dls/free-cash-proof-upton.xlsx,Sheet1!A15
Upton,2024,Other Adjustments,0.00,component,dls/free-cash-proof-upton.xlsx,Sheet1!A16
Upton,2024,"Identified Free Cash July 1,",4245623.00,identified_total,dls/free-cash-proof-upton.xlsx,Sheet1!A17
Upton,2025,Free Cash Certified Prior Year,4187711.00,prior_year_certified,dls/free-cash-proof-upton.xlsx,Sheet1!A4
Upton,2025,Current Year Calculation,3948723.00,certified,dls/free-cash-proof-upton.xlsx,Sheet1!A5
Upton,2025,Revenue Deficits,0.00,component,dls/free-cash-proof-upton.xlsx,Sheet1!A6
Upton,2025,Excess/Shortfall Local Receipts (CL#6),1178016.00,component,dls/free-cash-proof-upton.xlsx,Sheet1!A7
Upton,2025,Add Actual Revenue Received but not Estimated (CL#7),0.00,component,dls/free-cash-proof-upton.xlsx,Sheet1!A8
Upton,2025,Excess/Shortfall Cherry Sheet Receipts (CL#8),38254.00,component,dls/free-cash-proof-upton.xlsx,Sheet1!A9
Upton,2025,Add Unencumbered/Unexpended Appropriations (CL#11),891135.00,component,dls/free-cash-proof-upton.xlsx,Sheet1!A10
Upton,2025,Subtract Negative Free Cash Certified July 1 Prior Year,0.00,component,dls/free-cash-proof-upton.xlsx,Sheet1!A11
Upton,2025,Add Prior Year Free Cash Not Appropriated (CL#12),1947287.00,component,dls/free-cash-proof-upton.xlsx,Sheet1!A12
Upton,2025,Add Overlay Surplus Closed (CL#13),100000.00,component,dls/free-cash-proof-upton.xlsx,Sheet1!A13
Upton,2025,Prior & Current Year Outstanding Receivables Total,-126929.00,component,dls/free-cash-proof-upton.xlsx,Sheet1!A14
Upton,2025,Net Change in Adjustment to Free Cash,-67086.00,component,dls/free-cash-proof-upton.xlsx,Sheet1!A15
Upton,2025,Other Adjustments,0.00,component,dls/free-cash-proof-upton.xlsx,Sheet1!A16
Upton,2025,"Identified Free Cash July 1,",3960677.00,identified_total,dls/free-cash-proof-upton.xlsx,Sheet1!A17
Uxbridge,2021,Free Cash Certified Prior Year,2342575.00,prior_year_certified,dls/free-cash-proof-uxbridge.xlsx,Sheet1!A4
Uxbridge,2021,Current Year Calculation,5394393.00,certified,dls/free-cash-proof-uxbridge.xlsx,Sheet1!A5
Uxbridge,2021,Revenue Deficits,0.00,component,dls/free-cash-proof-uxbridge.xlsx,Sheet1!A6
Uxbridge,2021,Excess/Shortfall Local Receipts (CL#6),1946305.00,component,dls/free-cash-proof-uxbridge.xlsx,Sheet1!A7
Uxbridge,2021,Add Actual Revenue Received but not Estimated (CL#7),0.00,component,dls/free-cash-proof-uxbridge.xlsx,Sheet1!A8
Uxbridge,2021,Excess/Shortfall Cherry Sheet Receipts (CL#8),68729.00,component,dls/free-cash-proof-uxbridge.xlsx,Sheet1!A9
Uxbridge,2021,Add Unencumbered/Unexpended Appropriations (CL#11),2808766.00,component,dls/free-cash-proof-uxbridge.xlsx,Sheet1!A10
Uxbridge,2021,Subtract Negative Free Cash Certified July 1 Prior Year,0.00,component,dls/free-cash-proof-uxbridge.xlsx,Sheet1!A11
Uxbridge,2021,Add Prior Year Free Cash Not Appropriated (CL#12),0.00,component,dls/free-cash-proof-uxbridge.xlsx,Sheet1!A12
Uxbridge,2021,Add Overlay Surplus Closed (CL#13),0.00,component,dls/free-cash-proof-uxbridge.xlsx,Sheet1!A13
Uxbridge,2021,Prior & Current Year Outstanding Receivables Total,193865.00,component,dls/free-cash-proof-uxbridge.xlsx,Sheet1!A14
Uxbridge,2021,Net Change in Adjustment to Free Cash,-209427.00,component,dls/free-cash-proof-uxbridge.xlsx,Sheet1!A15
Uxbridge,2021,Other Adjustments,409124.00,component,dls/free-cash-proof-uxbridge.xlsx,Sheet1!A16
Uxbridge,2021,"Identified Free Cash July 1,",5217362.00,identified_total,dls/free-cash-proof-uxbridge.xlsx,Sheet1!A17
Uxbridge,2022,Free Cash Certified Prior Year,5394393.00,prior_year_certified,dls/free-cash-proof-uxbridge.xlsx,Sheet1!A4
Uxbridge,2022,Current Year Calculation,4481807.00,certified,dls/free-cash-proof-uxbridge.xlsx,Sheet1!A5
Uxbridge,2022,Revenue Deficits,0.00,component,dls/free-cash-proof-uxbridge.xlsx,Sheet1!A6
Uxbridge,2022,Excess/Shortfall Local Receipts (CL#6),3180686.00,component,dls/free-cash-proof-uxbridge.xlsx,Sheet1!A7
Uxbridge,2022,Add Actual Revenue Received but not Estimated (CL#7),0.00,component,dls/free-cash-proof-uxbridge.xlsx,Sheet1!A8
Uxbridge,2022,Excess/Shortfall Cherry Sheet Receipts (CL#8),-167410.00,component,dls/free-cash-proof-uxbridge.xlsx,Sheet1!A9
Uxbridge,2022,Add Unencumbered/Unexpended Appropriations (CL#11),1167055.00,component,dls/free-cash-proof-uxbridge.xlsx,Sheet1!A10
Uxbridge,2022,Subtract Negative Free Cash Certified July 1 Prior Year,0.00,component,dls/free-cash-proof-uxbridge.xlsx,Sheet1!A11
Uxbridge,2022,Add Prior Year Free Cash Not Appropriated (CL#12),0.00,component,dls/free-cash-proof-uxbridge.xlsx,Sheet1!A12
Uxbridge,2022,Add Overlay Surplus Closed (CL#13),0.00,component,dls/free-cash-proof-uxbridge.xlsx,Sheet1!A13
Uxbridge,2022,Prior & Current Year Outstanding Receivables Total,330925.00,component,dls/free-cash-proof-uxbridge.xlsx,Sheet1!A14
Uxbridge,2022,Net Change in Adjustment to Free Cash,-201621.00,component,dls/free-cash-proof-uxbridge.xlsx,Sheet1!A15
Uxbridge,2022,Other Adjustments,114867.00,component,dls/free-cash-proof-uxbridge.xlsx,Sheet1!A16
Uxbridge,2022,"Identified Free Cash July 1,",4424502.00,identified_total,dls/free-cash-proof-uxbridge.xlsx,Sheet1!A17
Uxbridge,2023,Free Cash Certified Prior Year,4481807.00,prior_year_certified,dls/free-cash-proof-uxbridge.xlsx,Sheet1!A4
Uxbridge,2023,Current Year Calculation,1628312.00,certified,dls/free-cash-proof-uxbridge.xlsx,Sheet1!A5
Uxbridge,2023,Revenue Deficits,0.00,component,dls/free-cash-proof-uxbridge.xlsx,Sheet1!A6
Uxbridge,2023,Excess/Shortfall Local Receipts (CL#6),2014446.00,component,dls/free-cash-proof-uxbridge.xlsx,Sheet1!A7
Uxbridge,2023,Add Actual Revenue Received but not Estimated (CL#7),0.00,component,dls/free-cash-proof-uxbridge.xlsx,Sheet1!A8
Uxbridge,2023,Excess/Shortfall Cherry Sheet Receipts (CL#8),6817.00,component,dls/free-cash-proof-uxbridge.xlsx,Sheet1!A9
Uxbridge,2023,Add Unencumbered/Unexpended Appropriations (CL#11),240404.00,component,dls/free-cash-proof-uxbridge.xlsx,Sheet1!A10
Uxbridge,2023,Subtract Negative Free Cash Certified July 1 Prior Year,0.00,component,dls/free-cash-proof-uxbridge.xlsx,Sheet1!A11
Uxbridge,2023,Add Prior Year Free Cash Not Appropriated (CL#12),0.00,component,dls/free-cash-proof-uxbridge.xlsx,Sheet1!A12
Uxbridge,2023,Add Overlay Surplus Closed (CL#13),0.00,component,dls/free-cash-proof-uxbridge.xlsx,Sheet1!A13
Uxbridge,2023,Prior & Current Year Outstanding Receivables Total,-90104.00,component,dls/free-cash-proof-uxbridge.xlsx,Sheet1!A14
Uxbridge,2023,Net Change in Adjustment to Free Cash,-238914.00,component,dls/free-cash-proof-uxbridge.xlsx,Sheet1!A15
Uxbridge,2023,Other Adjustments,-163507.00,component,dls/free-cash-proof-uxbridge.xlsx,Sheet1!A16
Uxbridge,2023,"Identified Free Cash July 1,",1769142.00,identified_total,dls/free-cash-proof-uxbridge.xlsx,Sheet1!A17
Uxbridge,2024,Free Cash Certified Prior Year,1628312.00,prior_year_certified,dls/free-cash-proof-uxbridge.xlsx,Sheet1!A4
Uxbridge,2024,Current Year Calculation,5622785.00,certified,dls/free-cash-proof-uxbridge.xlsx,Sheet1!A5
Uxbridge,2024,Revenue Deficits,0.00,component,dls/free-cash-proof-uxbridge.xlsx,Sheet1!A6
Uxbridge,2024,Excess/Shortfall Local Receipts (CL#6),3261738.00,component,dls/free-cash-proof-uxbridge.xlsx,Sheet1!A7
Uxbridge,2024,Add Actual Revenue Received but not Estimated (CL#7),0.00,component,dls/free-cash-proof-uxbridge.xlsx,Sheet1!A8
Uxbridge,2024,Excess/Shortfall Cherry Sheet Receipts (CL#8),-14083.00,component,dls/free-cash-proof-uxbridge.xlsx,Sheet1!A9
Uxbridge,2024,Add Unencumbered/Unexpended Appropriations (CL#11),20791.00,component,dls/free-cash-proof-uxbridge.xlsx,Sheet1!A10
Uxbridge,2024,Subtract Negative Free Cash Certified July 1 Prior Year,0.00,component,dls/free-cash-proof-uxbridge.xlsx,Sheet1!A11
Uxbridge,2024,Add Prior Year Free Cash Not Appropriated (CL#12),0.00,component,dls/free-cash-proof-uxbridge.xlsx,Sheet1!A12
Uxbridge,2024,Add Overlay Surplus Closed (CL#13),1171634.00,component,dls/free-cash-proof-uxbridge.xlsx,Sheet1!A13
Uxbridge,2024,Prior & Current Year Outstanding Receivables Total,-359078.00,component,dls/free-cash-proof-uxbridge.xlsx,Sheet1!A14
Uxbridge,2024,Net Change in Adjustment to Free Cash,-758498.00,component,dls/free-cash-proof-uxbridge.xlsx,Sheet1!A15
Uxbridge,2024,Other Adjustments,0.00,component,dls/free-cash-proof-uxbridge.xlsx,Sheet1!A16
Uxbridge,2024,"Identified Free Cash July 1,",3322504.00,identified_total,dls/free-cash-proof-uxbridge.xlsx,Sheet1!A17
Uxbridge,2025,Free Cash Certified Prior Year,5622785.00,prior_year_certified,dls/free-cash-proof-uxbridge.xlsx,Sheet1!A4
Uxbridge,2025,Current Year Calculation,3869693.00,certified,dls/free-cash-proof-uxbridge.xlsx,Sheet1!A5
Uxbridge,2025,Revenue Deficits,0.00,component,dls/free-cash-proof-uxbridge.xlsx,Sheet1!A6
Uxbridge,2025,Excess/Shortfall Local Receipts (CL#6),2210758.00,component,dls/free-cash-proof-uxbridge.xlsx,Sheet1!A7
Uxbridge,2025,Add Actual Revenue Received but not Estimated (CL#7),0.00,component,dls/free-cash-proof-uxbridge.xlsx,Sheet1!A8
Uxbridge,2025,Excess/Shortfall Cherry Sheet Receipts (CL#8),-126611.00,component,dls/free-cash-proof-uxbridge.xlsx,Sheet1!A9
Uxbridge,2025,Add Unencumbered/Unexpended Appropriations (CL#11),426490.00,component,dls/free-cash-proof-uxbridge.xlsx,Sheet1!A10
Uxbridge,2025,Subtract Negative Free Cash Certified July 1 Prior Year,0.00,component,dls/free-cash-proof-uxbridge.xlsx,Sheet1!A11
Uxbridge,2025,Add Prior Year Free Cash Not Appropriated (CL#12),599.00,component,dls/free-cash-proof-uxbridge.xlsx,Sheet1!A12
Uxbridge,2025,Add Overlay Surplus Closed (CL#13),0.00,component,dls/free-cash-proof-uxbridge.xlsx,Sheet1!A13
Uxbridge,2025,Prior & Current Year Outstanding Receivables Total,-333154.00,component,dls/free-cash-proof-uxbridge.xlsx,Sheet1!A14
Uxbridge,2025,Net Change in Adjustment to Free Cash,1462177.00,component,dls/free-cash-proof-uxbridge.xlsx,Sheet1!A15
Uxbridge,2025,Other Adjustments,0.00,component,dls/free-cash-proof-uxbridge.xlsx,Sheet1!A16
Uxbridge,2025,"Identified Free Cash July 1,",3640259.00,identified_total,dls/free-cash-proof-uxbridge.xlsx,Sheet1!A17
Westford,2021,Free Cash Certified Prior Year,3355309.00,prior_year_certified,dls/free-cash-proof-westford.xlsx,Sheet1!A4
Westford,2021,Current Year Calculation,5323393.00,certified,dls/free-cash-proof-westford.xlsx,Sheet1!A5
Westford,2021,Revenue Deficits,0.00,component,dls/free-cash-proof-westford.xlsx,Sheet1!A6
Westford,2021,Excess/Shortfall Local Receipts (CL#6),247889.00,component,dls/free-cash-proof-westford.xlsx,Sheet1!A7
Westford,2021,Add Actual Revenue Received but not Estimated (CL#7),0.00,component,dls/free-cash-proof-westford.xlsx,Sheet1!A8
Westford,2021,Excess/Shortfall Cherry Sheet Receipts (CL#8),-47.00,component,dls/free-cash-proof-westford.xlsx,Sheet1!A9
Westford,2021,Add Unencumbered/Unexpended Appropriations (CL#11),2945540.00,component,dls/free-cash-proof-westford.xlsx,Sheet1!A10
Westford,2021,Subtract Negative Free Cash Certified July 1 Prior Year,0.00,component,dls/free-cash-proof-westford.xlsx,Sheet1!A11
Westford,2021,Add Prior Year Free Cash Not Appropriated (CL#12),1282538.00,component,dls/free-cash-proof-westford.xlsx,Sheet1!A12
Westford,2021,Add Overlay Surplus Closed (CL#13),0.00,component,dls/free-cash-proof-westford.xlsx,Sheet1!A13
Westford,2021,Prior & Current Year Outstanding Receivables Total,509242.00,component,dls/free-cash-proof-westford.xlsx,Sheet1!A14
Westford,2021,Net Change in Adjustment to Free Cash,295247.00,component,dls/free-cash-proof-westford.xlsx,Sheet1!A15
Westford,2021,Other Adjustments,41.00,component,dls/free-cash-proof-westford.xlsx,Sheet1!A16
Westford,2021,"Identified Free Cash July 1,",5280450.00,identified_total,dls/free-cash-proof-westford.xlsx,Sheet1!A17
Westford,2022,Free Cash Certified Prior Year,5323393.00,prior_year_certified,dls/free-cash-proof-westford.xlsx,Sheet1!A4
Westford,2022,Current Year Calculation,6199092.00,certified,dls/free-cash-proof-westford.xlsx,Sheet1!A5
Westford,2022,Revenue Deficits,0.00,component,dls/free-cash-proof-westford.xlsx,Sheet1!A6
Westford,2022,Excess/Shortfall Local Receipts (CL#6),1492412.00,component,dls/free-cash-proof-westford.xlsx,Sheet1!A7
Westford,2022,Add Actual Revenue Received but not Estimated (CL#7),0.00,component,dls/free-cash-proof-westford.xlsx,Sheet1!A8
Westford,2022,Excess/Shortfall Cherry Sheet Receipts (CL#8),412383.00,component,dls/free-cash-proof-westford.xlsx,Sheet1!A9
Westford,2022,Add Unencumbered/Unexpended Appropriations (CL#11),2243992.00,component,dls/free-cash-proof-westford.xlsx,Sheet1!A10
Westford,2022,Subtract Negative Free Cash Certified July 1 Prior Year,0.00,component,dls/free-cash-proof-westford.xlsx,Sheet1!A11
Westford,2022,Add Prior Year Free Cash Not Appropriated (CL#12),2383144.00,component,dls/free-cash-proof-westford.xlsx,Sheet1!A12
Westford,2022,Add Overlay Surplus Closed (CL#13),0.00,component,dls/free-cash-proof-westford.xlsx,Sheet1!A13
Westford,2022,Prior & Current Year Outstanding Receivables Total,-138642.00,component,dls/free-cash-proof-westford.xlsx,Sheet1!A14
Westford,2022,Net Change in Adjustment to Free Cash,-325202.00,component,dls/free-cash-proof-westford.xlsx,Sheet1!A15
Westford,2022,Other Adjustments,72600.00,component,dls/free-cash-proof-westford.xlsx,Sheet1!A16
Westford,2022,"Identified Free Cash July 1,",6140687.00,identified_total,dls/free-cash-proof-westford.xlsx,Sheet1!A17
Westford,2023,Free Cash Certified Prior Year,6199092.00,prior_year_certified,dls/free-cash-proof-westford.xlsx,Sheet1!A4
Westford,2023,Current Year Calculation,5870108.00,certified,dls/free-cash-proof-westford.xlsx,Sheet1!A5
Westford,2023,Revenue Deficits,0.00,component,dls/free-cash-proof-westford.xlsx,Sheet1!A6
Westford,2023,Excess/Shortfall Local Receipts (CL#6),1738234.00,component,dls/free-cash-proof-westford.xlsx,Sheet1!A7
Westford,2023,Add Actual Revenue Received but not Estimated (CL#7),0.00,component,dls/free-cash-proof-westford.xlsx,Sheet1!A8
Westford,2023,Excess/Shortfall Cherry Sheet Receipts (CL#8),-84371.00,component,dls/free-cash-proof-westford.xlsx,Sheet1!A9
Westford,2023,Add Unencumbered/Unexpended Appropriations (CL#11),2176700.00,component,dls/free-cash-proof-westford.xlsx,Sheet1!A10
Westford,2023,Subtract Negative Free Cash Certified July 1 Prior Year,0.00,component,dls/free-cash-proof-westford.xlsx,Sheet1!A11
Westford,2023,Add Prior Year Free Cash Not Appropriated (CL#12),1996183.00,component,dls/free-cash-proof-westford.xlsx,Sheet1!A12
Westford,2023,Add Overlay Surplus Closed (CL#13),0.00,component,dls/free-cash-proof-westford.xlsx,Sheet1!A13
Westford,2023,Prior & Current Year Outstanding Receivables Total,349201.00,component,dls/free-cash-proof-westford.xlsx,Sheet1!A14
Westford,2023,Net Change in Adjustment to Free Cash,-414064.00,component,dls/free-cash-proof-westford.xlsx,Sheet1!A15
Westford,2023,Other Adjustments,0.00,component,dls/free-cash-proof-westford.xlsx,Sheet1!A16
Westford,2023,"Identified Free Cash July 1,",5761883.00,identified_total,dls/free-cash-proof-westford.xlsx,Sheet1!A17
Westford,2024,Free Cash Certified Prior Year,5870108.00,prior_year_certified,dls/free-cash-proof-westford.xlsx,Sheet1!A4
Westford,2024,Current Year Calculation,5653000.00,certified,dls/free-cash-proof-westford.xlsx,Sheet1!A5
Westford,2024,Revenue Deficits,0.00,component,dls/free-cash-proof-westford.xlsx,Sheet1!A6
Westford,2024,Excess/Shortfall Local Receipts (CL#6),1576182.00,component,dls/free-cash-proof-westford.xlsx,Sheet1!A7
Westford,2024,Add Actual Revenue Received but not Estimated (CL#7),0.00,component,dls/free-cash-proof-westford.xlsx,Sheet1!A8
Westford,2024,Excess/Shortfall Cherry Sheet Receipts (CL#8),33119.00,component,dls/free-cash-proof-westford.xlsx,Sheet1!A9
Westford,2024,Add Unencumbered/Unexpended Appropriations (CL#11),2073005.00,component,dls/free-cash-proof-westford.xlsx,Sheet1!A10
Westford,2024,Subtract Negative Free Cash Certified July 1 Prior Year,0.00,component,dls/free-cash-proof-westford.xlsx,Sheet1!A11
Westford,2024,Add Prior Year Free Cash Not Appropriated (CL#12),1921094.00,component,dls/free-cash-proof-westford.xlsx,Sheet1!A12
Westford,2024,Add Overlay Surplus Closed (CL#13),0.00,component,dls/free-cash-proof-westford.xlsx,Sheet1!A13
Westford,2024,Prior & Current Year Outstanding Receivables Total,-355629.00,component,dls/free-cash-proof-westford.xlsx,Sheet1!A14
Westford,2024,Net Change in Adjustment to Free Cash,470990.00,component,dls/free-cash-proof-westford.xlsx,Sheet1!A15
Westford,2024,Other Adjustments,50894.00,component,dls/free-cash-proof-westford.xlsx,Sheet1!A16
Westford,2024,"Identified Free Cash July 1,",5769655.00,identified_total,dls/free-cash-proof-westford.xlsx,Sheet1!A17
Westford,2025,Free Cash Certified Prior Year,5653000.00,prior_year_certified,dls/free-cash-proof-westford.xlsx,Sheet1!A4
Westford,2025,Current Year Calculation,6201595.00,certified,dls/free-cash-proof-westford.xlsx,Sheet1!A5
Westford,2025,Revenue Deficits,0.00,component,dls/free-cash-proof-westford.xlsx,Sheet1!A6
Westford,2025,Excess/Shortfall Local Receipts (CL#6),1606190.00,component,dls/free-cash-proof-westford.xlsx,Sheet1!A7
Westford,2025,Add Actual Revenue Received but not Estimated (CL#7),0.00,component,dls/free-cash-proof-westford.xlsx,Sheet1!A8
Westford,2025,Excess/Shortfall Cherry Sheet Receipts (CL#8),-251168.00,component,dls/free-cash-proof-westford.xlsx,Sheet1!A9
Westford,2025,Add Unencumbered/Unexpended Appropriations (CL#11),2674047.00,component,dls/free-cash-proof-westford.xlsx,Sheet1!A10
Westford,2025,Subtract Negative Free Cash Certified July 1 Prior Year,0.00,component,dls/free-cash-proof-westford.xlsx,Sheet1!A11
Westford,2025,Add Prior Year Free Cash Not Appropriated (CL#12),2074952.00,component,dls/free-cash-proof-westford.xlsx,Sheet1!A12
Westford,2025,Add Overlay Surplus Closed (CL#13),0.00,component,dls/free-cash-proof-westford.xlsx,Sheet1!A13
Westford,2025,Prior & Current Year Outstanding Receivables Total,-167797.00,component,dls/free-cash-proof-westford.xlsx,Sheet1!A14
Westford,2025,Net Change in Adjustment to Free Cash,-190473.00,component,dls/free-cash-proof-westford.xlsx,Sheet1!A15
Westford,2025,Other Adjustments,0.00,component,dls/free-cash-proof-westford.xlsx,Sheet1!A16
Westford,2025,"Identified Free Cash July 1,",5745751.00,identified_total,dls/free-cash-proof-westford.xlsx,Sheet1!A17
