fy,kind,name,amount,owner,page,doc,esser,disagreement,source_url,our_copy,sha256
2020,federal,"Special Education, 240 Grant",367980.0,Director of Special Services,36,fy25-superintendent-39-s-budget-update.txt,0,,https://drive.google.com/file/d/1yJNhIyBLVT8mu4GeJuQSjniKCPA41Oyq/view  [requires sign-in as of 29 Aug 2026],https://lunenburgbudgetproject.org/docs/district-budget-page/docs/fy25-superintendent-39-s-budget-update.pdf,9169e2700def0c1a2b6bebbc55d4e7f737ea5c3a7354657f4d804c017af5dc7c
2020,federal,"Title I, 305 Grant",240799.0,Director of Special Services,36,fy25-superintendent-39-s-budget-update.txt,0,,https://drive.google.com/file/d/1yJNhIyBLVT8mu4GeJuQSjniKCPA41Oyq/view  [requires sign-in as of 29 Aug 2026],https://lunenburgbudgetproject.org/docs/district-budget-page/docs/fy25-superintendent-39-s-budget-update.pdf,9169e2700def0c1a2b6bebbc55d4e7f737ea5c3a7354657f4d804c017af5dc7c
2020,federal,"Special Education, AARP IDEA",88330.0,Director of Special Services,36,fy25-superintendent-39-s-budget-update.txt,0,,https://drive.google.com/file/d/1yJNhIyBLVT8mu4GeJuQSjniKCPA41Oyq/view  [requires sign-in as of 29 Aug 2026],https://lunenburgbudgetproject.org/docs/district-budget-page/docs/fy25-superintendent-39-s-budget-update.pdf,9169e2700def0c1a2b6bebbc55d4e7f737ea5c3a7354657f4d804c017af5dc7c
2020,federal,"Title II, 140 Grant",33740.0,Director of Special Services,36,fy25-superintendent-39-s-budget-update.txt,0,,https://drive.google.com/file/d/1yJNhIyBLVT8mu4GeJuQSjniKCPA41Oyq/view  [requires sign-in as of 29 Aug 2026],https://lunenburgbudgetproject.org/docs/district-budget-page/docs/fy25-superintendent-39-s-budget-update.pdf,9169e2700def0c1a2b6bebbc55d4e7f737ea5c3a7354657f4d804c017af5dc7c
2020,federal,"Title IV, 309 Grant",18466.0,Director of Special Services,36,fy25-superintendent-39-s-budget-update.txt,0,,https://drive.google.com/file/d/1yJNhIyBLVT8mu4GeJuQSjniKCPA41Oyq/view  [requires sign-in as of 29 Aug 2026],https://lunenburgbudgetproject.org/docs/district-budget-page/docs/fy25-superintendent-39-s-budget-update.pdf,9169e2700def0c1a2b6bebbc55d4e7f737ea5c3a7354657f4d804c017af5dc7c
2020,federal,"Special Education, Targeted IEP , 274 Grant",12818.0,Director of Special Services,36,fy25-superintendent-39-s-budget-update.txt,0,,https://drive.google.com/file/d/1yJNhIyBLVT8mu4GeJuQSjniKCPA41Oyq/view  [requires sign-in as of 29 Aug 2026],https://lunenburgbudgetproject.org/docs/district-budget-page/docs/fy25-superintendent-39-s-budget-update.pdf,9169e2700def0c1a2b6bebbc55d4e7f737ea5c3a7354657f4d804c017af5dc7c
2020,federal,Special Education Program Improvement,12634.0,Director of Special Services,36,fy25-superintendent-39-s-budget-update.txt,0,,https://drive.google.com/file/d/1yJNhIyBLVT8mu4GeJuQSjniKCPA41Oyq/view  [requires sign-in as of 29 Aug 2026],https://lunenburgbudgetproject.org/docs/district-budget-page/docs/fy25-superintendent-39-s-budget-update.pdf,9169e2700def0c1a2b6bebbc55d4e7f737ea5c3a7354657f4d804c017af5dc7c
2020,federal,"Special Education, Early Childhood, 262 Grant",12281.0,Director of Special Services,36,fy25-superintendent-39-s-budget-update.txt,0,,https://drive.google.com/file/d/1yJNhIyBLVT8mu4GeJuQSjniKCPA41Oyq/view  [requires sign-in as of 29 Aug 2026],https://lunenburgbudgetproject.org/docs/district-budget-page/docs/fy25-superintendent-39-s-budget-update.pdf,9169e2700def0c1a2b6bebbc55d4e7f737ea5c3a7354657f4d804c017af5dc7c
2020,federal,"Special Education, AARP",8229.0,Director of Special Services,36,fy25-superintendent-39-s-budget-update.txt,0,,https://drive.google.com/file/d/1yJNhIyBLVT8mu4GeJuQSjniKCPA41Oyq/view  [requires sign-in as of 29 Aug 2026],https://lunenburgbudgetproject.org/docs/district-budget-page/docs/fy25-superintendent-39-s-budget-update.pdf,9169e2700def0c1a2b6bebbc55d4e7f737ea5c3a7354657f4d804c017af5dc7c
2020,federal,Improvement,2327.0,,36,fy25-superintendent-39-s-budget-update.txt,0,,https://drive.google.com/file/d/1yJNhIyBLVT8mu4GeJuQSjniKCPA41Oyq/view  [requires sign-in as of 29 Aug 2026],https://lunenburgbudgetproject.org/docs/district-budget-page/docs/fy25-superintendent-39-s-budget-update.pdf,9169e2700def0c1a2b6bebbc55d4e7f737ea5c3a7354657f4d804c017af5dc7c
2020,state,Family & Community Grant,45700.0,Director of Community School Programs,36,fy25-superintendent-39-s-budget-update.txt,0,,https://drive.google.com/file/d/1yJNhIyBLVT8mu4GeJuQSjniKCPA41Oyq/view  [requires sign-in as of 29 Aug 2026],https://lunenburgbudgetproject.org/docs/district-budget-page/docs/fy25-superintendent-39-s-budget-update.pdf,9169e2700def0c1a2b6bebbc55d4e7f737ea5c3a7354657f4d804c017af5dc7c
2020,state,Early Literacy Learning,36883.0,Director of Special Services,36,fy25-superintendent-39-s-budget-update.txt,0,,https://drive.google.com/file/d/1yJNhIyBLVT8mu4GeJuQSjniKCPA41Oyq/view  [requires sign-in as of 29 Aug 2026],https://lunenburgbudgetproject.org/docs/district-budget-page/docs/fy25-superintendent-39-s-budget-update.pdf,9169e2700def0c1a2b6bebbc55d4e7f737ea5c3a7354657f4d804c017af5dc7c
2021,federal,"Special Education, 240 Grant",386101.0,Director of Special Services,35,fy25-superintendent-39-s-budget-update.txt,0,,https://drive.google.com/file/d/1yJNhIyBLVT8mu4GeJuQSjniKCPA41Oyq/view  [requires sign-in as of 29 Aug 2026],https://lunenburgbudgetproject.org/docs/district-budget-page/docs/fy25-superintendent-39-s-budget-update.pdf,9169e2700def0c1a2b6bebbc55d4e7f737ea5c3a7354657f4d804c017af5dc7c
2021,federal,"Title I, 305 Grant",239678.0,Director of Teaching & Learning,35,fy25-superintendent-39-s-budget-update.txt,0,,https://drive.google.com/file/d/1yJNhIyBLVT8mu4GeJuQSjniKCPA41Oyq/view  [requires sign-in as of 29 Aug 2026],https://lunenburgbudgetproject.org/docs/district-budget-page/docs/fy25-superintendent-39-s-budget-update.pdf,9169e2700def0c1a2b6bebbc55d4e7f737ea5c3a7354657f4d804c017af5dc7c
2021,federal,"Special Education, AARP IDEA",88330.0,Director of Special Services,35,fy25-superintendent-39-s-budget-update.txt,0,,https://drive.google.com/file/d/1yJNhIyBLVT8mu4GeJuQSjniKCPA41Oyq/view  [requires sign-in as of 29 Aug 2026],https://lunenburgbudgetproject.org/docs/district-budget-page/docs/fy25-superintendent-39-s-budget-update.pdf,9169e2700def0c1a2b6bebbc55d4e7f737ea5c3a7354657f4d804c017af5dc7c
2021,federal,"Title II, 140 Grant",33465.0,Director of Teaching & Learning,35,fy25-superintendent-39-s-budget-update.txt,0,,https://drive.google.com/file/d/1yJNhIyBLVT8mu4GeJuQSjniKCPA41Oyq/view  [requires sign-in as of 29 Aug 2026],https://lunenburgbudgetproject.org/docs/district-budget-page/docs/fy25-superintendent-39-s-budget-update.pdf,9169e2700def0c1a2b6bebbc55d4e7f737ea5c3a7354657f4d804c017af5dc7c
2021,federal,"Title IV, 309 Grant",18466.0,Director of Teaching & Learning,35,fy25-superintendent-39-s-budget-update.txt,0,,https://drive.google.com/file/d/1yJNhIyBLVT8mu4GeJuQSjniKCPA41Oyq/view  [requires sign-in as of 29 Aug 2026],https://lunenburgbudgetproject.org/docs/district-budget-page/docs/fy25-superintendent-39-s-budget-update.pdf,9169e2700def0c1a2b6bebbc55d4e7f737ea5c3a7354657f4d804c017af5dc7c
2021,federal,"Special Education, Targeted IEP , 274 Grant",12634.0,Director of Special Services,35,fy25-superintendent-39-s-budget-update.txt,0,,https://drive.google.com/file/d/1yJNhIyBLVT8mu4GeJuQSjniKCPA41Oyq/view  [requires sign-in as of 29 Aug 2026],https://lunenburgbudgetproject.org/docs/district-budget-page/docs/fy25-superintendent-39-s-budget-update.pdf,9169e2700def0c1a2b6bebbc55d4e7f737ea5c3a7354657f4d804c017af5dc7c
2021,federal,Special Education Program Improvement,12634.0,Director of Special Services,35,fy25-superintendent-39-s-budget-update.txt,0,,https://drive.google.com/file/d/1yJNhIyBLVT8mu4GeJuQSjniKCPA41Oyq/view  [requires sign-in as of 29 Aug 2026],https://lunenburgbudgetproject.org/docs/district-budget-page/docs/fy25-superintendent-39-s-budget-update.pdf,9169e2700def0c1a2b6bebbc55d4e7f737ea5c3a7354657f4d804c017af5dc7c
2021,federal,"Special Education, Early Childhood, 262 Grant",12368.0,Director of Special Services,35,fy25-superintendent-39-s-budget-update.txt,0,,https://drive.google.com/file/d/1yJNhIyBLVT8mu4GeJuQSjniKCPA41Oyq/view  [requires sign-in as of 29 Aug 2026],https://lunenburgbudgetproject.org/docs/district-budget-page/docs/fy25-superintendent-39-s-budget-update.pdf,9169e2700def0c1a2b6bebbc55d4e7f737ea5c3a7354657f4d804c017af5dc7c
2021,federal,"Special Education, AARP",8229.0,Director of Special Services,35,fy25-superintendent-39-s-budget-update.txt,0,,https://drive.google.com/file/d/1yJNhIyBLVT8mu4GeJuQSjniKCPA41Oyq/view  [requires sign-in as of 29 Aug 2026],https://lunenburgbudgetproject.org/docs/district-budget-page/docs/fy25-superintendent-39-s-budget-update.pdf,9169e2700def0c1a2b6bebbc55d4e7f737ea5c3a7354657f4d804c017af5dc7c
2021,federal,Improvement,2327.0,,35,fy25-superintendent-39-s-budget-update.txt,0,,https://drive.google.com/file/d/1yJNhIyBLVT8mu4GeJuQSjniKCPA41Oyq/view  [requires sign-in as of 29 Aug 2026],https://lunenburgbudgetproject.org/docs/district-budget-page/docs/fy25-superintendent-39-s-budget-update.pdf,9169e2700def0c1a2b6bebbc55d4e7f737ea5c3a7354657f4d804c017af5dc7c
2021,state,Family & Community Grant,45700.0,Director of Community School Programs,35,fy25-superintendent-39-s-budget-update.txt,0,,https://drive.google.com/file/d/1yJNhIyBLVT8mu4GeJuQSjniKCPA41Oyq/view  [requires sign-in as of 29 Aug 2026],https://lunenburgbudgetproject.org/docs/district-budget-page/docs/fy25-superintendent-39-s-budget-update.pdf,9169e2700def0c1a2b6bebbc55d4e7f737ea5c3a7354657f4d804c017af5dc7c
2021,state,Accelerating Math,33263.0,Director of Teaching & Learning,35,fy25-superintendent-39-s-budget-update.txt,0,,https://drive.google.com/file/d/1yJNhIyBLVT8mu4GeJuQSjniKCPA41Oyq/view  [requires sign-in as of 29 Aug 2026],https://lunenburgbudgetproject.org/docs/district-budget-page/docs/fy25-superintendent-39-s-budget-update.pdf,9169e2700def0c1a2b6bebbc55d4e7f737ea5c3a7354657f4d804c017af5dc7c
2021,state,School Health Grant,10500.0,Nursing Coordinator,35,fy25-superintendent-39-s-budget-update.txt,0,,https://drive.google.com/file/d/1yJNhIyBLVT8mu4GeJuQSjniKCPA41Oyq/view  [requires sign-in as of 29 Aug 2026],https://lunenburgbudgetproject.org/docs/district-budget-page/docs/fy25-superintendent-39-s-budget-update.pdf,9169e2700def0c1a2b6bebbc55d4e7f737ea5c3a7354657f4d804c017af5dc7c
2022,federal,"Special Education, 240 Grant",399152.0,Director of Special Services,34,fy25-superintendent-39-s-budget-update.txt,0,"fy23-superintendent-recommended-budget-presentation p17: $397,343; fy25-superintendent-39-s-budget-update p34: $399,152",https://drive.google.com/file/d/1yJNhIyBLVT8mu4GeJuQSjniKCPA41Oyq/view  [requires sign-in as of 29 Aug 2026],https://lunenburgbudgetproject.org/docs/district-budget-page/docs/fy25-superintendent-39-s-budget-update.pdf,9169e2700def0c1a2b6bebbc55d4e7f737ea5c3a7354657f4d804c017af5dc7c
2022,federal,"Title I, 305 Grant",180342.0,Director of Teaching & Learning,34,fy25-superintendent-39-s-budget-update.txt,0,,https://drive.google.com/file/d/1yJNhIyBLVT8mu4GeJuQSjniKCPA41Oyq/view  [requires sign-in as of 29 Aug 2026],https://lunenburgbudgetproject.org/docs/district-budget-page/docs/fy25-superintendent-39-s-budget-update.pdf,9169e2700def0c1a2b6bebbc55d4e7f737ea5c3a7354657f4d804c017af5dc7c
2022,federal,"Title One Grant, 305 Grant",180314.0,,17,fy23-superintendent-recommended-budget-presentation.txt,0,,https://drive.google.com/file/d/1yJNhIyBLVT8mu4GeJuQSjniKCPA41Oyq/view  [requires sign-in as of 29 Aug 2026],https://lunenburgbudgetproject.org/docs/district-budget-page/docs/fy25-superintendent-39-s-budget-update.pdf,9169e2700def0c1a2b6bebbc55d4e7f737ea5c3a7354657f4d804c017af5dc7c
2022,federal,"Special Education, AARP IDEA",88330.0,Director of Special Services,34,fy25-superintendent-39-s-budget-update.txt,0,,https://drive.google.com/file/d/1yJNhIyBLVT8mu4GeJuQSjniKCPA41Oyq/view  [requires sign-in as of 29 Aug 2026],https://lunenburgbudgetproject.org/docs/district-budget-page/docs/fy25-superintendent-39-s-budget-update.pdf,9169e2700def0c1a2b6bebbc55d4e7f737ea5c3a7354657f4d804c017af5dc7c
2022,federal,"Title II, 140 Grant",32708.0,Director of Teaching & Learning,34,fy25-superintendent-39-s-budget-update.txt,0,,https://drive.google.com/file/d/1yJNhIyBLVT8mu4GeJuQSjniKCPA41Oyq/view  [requires sign-in as of 29 Aug 2026],https://lunenburgbudgetproject.org/docs/district-budget-page/docs/fy25-superintendent-39-s-budget-update.pdf,9169e2700def0c1a2b6bebbc55d4e7f737ea5c3a7354657f4d804c017af5dc7c
2022,federal,"Teacher Quality Grant, 140 Grant",32421.0,,17,fy23-superintendent-recommended-budget-presentation.txt,0,,https://drive.google.com/file/d/1yJNhIyBLVT8mu4GeJuQSjniKCPA41Oyq/view  [requires sign-in as of 29 Aug 2026],https://lunenburgbudgetproject.org/docs/district-budget-page/docs/fy25-superintendent-39-s-budget-update.pdf,9169e2700def0c1a2b6bebbc55d4e7f737ea5c3a7354657f4d804c017af5dc7c
2022,federal,"Special Education, Targeted IEP , 274 Grant",12634.0,Director of Special Services,34,fy25-superintendent-39-s-budget-update.txt,0,,https://drive.google.com/file/d/1yJNhIyBLVT8mu4GeJuQSjniKCPA41Oyq/view  [requires sign-in as of 29 Aug 2026],https://lunenburgbudgetproject.org/docs/district-budget-page/docs/fy25-superintendent-39-s-budget-update.pdf,9169e2700def0c1a2b6bebbc55d4e7f737ea5c3a7354657f4d804c017af5dc7c
2022,federal,"Special Education, Early Childhood, 262 Grant",12500.0,Director of Special Services,34,fy25-superintendent-39-s-budget-update.txt,0,,https://drive.google.com/file/d/1yJNhIyBLVT8mu4GeJuQSjniKCPA41Oyq/view  [requires sign-in as of 29 Aug 2026],https://lunenburgbudgetproject.org/docs/district-budget-page/docs/fy25-superintendent-39-s-budget-update.pdf,9169e2700def0c1a2b6bebbc55d4e7f737ea5c3a7354657f4d804c017af5dc7c
2022,federal,"Title IV, Grant, 309 Grant",12442.0,,17,fy23-superintendent-recommended-budget-presentation.txt,0,,https://drive.google.com/file/d/1yJNhIyBLVT8mu4GeJuQSjniKCPA41Oyq/view  [requires sign-in as of 29 Aug 2026],https://lunenburgbudgetproject.org/docs/district-budget-page/docs/fy25-superintendent-39-s-budget-update.pdf,9169e2700def0c1a2b6bebbc55d4e7f737ea5c3a7354657f4d804c017af5dc7c
2022,federal,"Title IV, 309 Grant",12442.0,Director of Teaching & Learning,34,fy25-superintendent-39-s-budget-update.txt,0,,https://drive.google.com/file/d/1yJNhIyBLVT8mu4GeJuQSjniKCPA41Oyq/view  [requires sign-in as of 29 Aug 2026],https://lunenburgbudgetproject.org/docs/district-budget-page/docs/fy25-superintendent-39-s-budget-update.pdf,9169e2700def0c1a2b6bebbc55d4e7f737ea5c3a7354657f4d804c017af5dc7c
2022,federal,"Special Education, AARP",8229.0,Director of Special Services,34,fy25-superintendent-39-s-budget-update.txt,0,,https://drive.google.com/file/d/1yJNhIyBLVT8mu4GeJuQSjniKCPA41Oyq/view  [requires sign-in as of 29 Aug 2026],https://lunenburgbudgetproject.org/docs/district-budget-page/docs/fy25-superintendent-39-s-budget-update.pdf,9169e2700def0c1a2b6bebbc55d4e7f737ea5c3a7354657f4d804c017af5dc7c
2022,state,"Accelerating Literacy, 719 Grant (yr 1 of 3)",203286.0,Director of Teaching & Learning,34,fy25-superintendent-39-s-budget-update.txt,0,,https://drive.google.com/file/d/1yJNhIyBLVT8mu4GeJuQSjniKCPA41Oyq/view  [requires sign-in as of 29 Aug 2026],https://lunenburgbudgetproject.org/docs/district-budget-page/docs/fy25-superintendent-39-s-budget-update.pdf,9169e2700def0c1a2b6bebbc55d4e7f737ea5c3a7354657f4d804c017af5dc7c
2022,state,CSHS Workforce Investment Program,100000.0,Director of Special Services,17,fy23-superintendent-recommended-budget-presentation.txt,0,,https://drive.google.com/file/d/1yJNhIyBLVT8mu4GeJuQSjniKCPA41Oyq/view  [requires sign-in as of 29 Aug 2026],https://lunenburgbudgetproject.org/docs/district-budget-page/docs/fy25-superintendent-39-s-budget-update.pdf,9169e2700def0c1a2b6bebbc55d4e7f737ea5c3a7354657f4d804c017af5dc7c
2022,state,School Health Grant,100000.0,Nursing Coordinator,34,fy25-superintendent-39-s-budget-update.txt,0,"fy25-superintendent-39-s-budget-update p34: $100,000; fy25-superintendent-39-s-budget-update p34: $14,000",https://drive.google.com/file/d/1yJNhIyBLVT8mu4GeJuQSjniKCPA41Oyq/view  [requires sign-in as of 29 Aug 2026],https://lunenburgbudgetproject.org/docs/district-budget-page/docs/fy25-superintendent-39-s-budget-update.pdf,9169e2700def0c1a2b6bebbc55d4e7f737ea5c3a7354657f4d804c017af5dc7c
2022,state,Accelerating Math,52948.0,Director of Teaching & Learning,34,fy25-superintendent-39-s-budget-update.txt,0,,https://drive.google.com/file/d/1yJNhIyBLVT8mu4GeJuQSjniKCPA41Oyq/view  [requires sign-in as of 29 Aug 2026],https://lunenburgbudgetproject.org/docs/district-budget-page/docs/fy25-superintendent-39-s-budget-update.pdf,9169e2700def0c1a2b6bebbc55d4e7f737ea5c3a7354657f4d804c017af5dc7c
2022,state,Family & Community #237,45700.0,,17,fy23-superintendent-recommended-budget-presentation.txt,0,,https://drive.google.com/file/d/1yJNhIyBLVT8mu4GeJuQSjniKCPA41Oyq/view  [requires sign-in as of 29 Aug 2026],https://lunenburgbudgetproject.org/docs/district-budget-page/docs/fy25-superintendent-39-s-budget-update.pdf,9169e2700def0c1a2b6bebbc55d4e7f737ea5c3a7354657f4d804c017af5dc7c
2022,state,Family & Community Grant,45700.0,Director of Community School Programs,34,fy25-superintendent-39-s-budget-update.txt,0,,https://drive.google.com/file/d/1yJNhIyBLVT8mu4GeJuQSjniKCPA41Oyq/view  [requires sign-in as of 29 Aug 2026],https://lunenburgbudgetproject.org/docs/district-budget-page/docs/fy25-superintendent-39-s-budget-update.pdf,9169e2700def0c1a2b6bebbc55d4e7f737ea5c3a7354657f4d804c017af5dc7c
2022,state,Child Home Program,27037.0,Director of Community School Programs,34,fy25-superintendent-39-s-budget-update.txt,0,,https://drive.google.com/file/d/1yJNhIyBLVT8mu4GeJuQSjniKCPA41Oyq/view  [requires sign-in as of 29 Aug 2026],https://lunenburgbudgetproject.org/docs/district-budget-page/docs/fy25-superintendent-39-s-budget-update.pdf,9169e2700def0c1a2b6bebbc55d4e7f737ea5c3a7354657f4d804c017af5dc7c
2022,state,"After School & Out of School Time, summer",24000.0,Director of Teaching & Learning,34,fy25-superintendent-39-s-budget-update.txt,0,,https://drive.google.com/file/d/1yJNhIyBLVT8mu4GeJuQSjniKCPA41Oyq/view  [requires sign-in as of 29 Aug 2026],https://lunenburgbudgetproject.org/docs/district-budget-page/docs/fy25-superintendent-39-s-budget-update.pdf,9169e2700def0c1a2b6bebbc55d4e7f737ea5c3a7354657f4d804c017af5dc7c
2023,federal,"ESSER 2, Grant 115",588834.0,Director of Special Services,16,fy24-superintendent-39-s-recommended-budget-presentation.txt,1,,https://drive.google.com/file/d/1yJNhIyBLVT8mu4GeJuQSjniKCPA41Oyq/view  [requires sign-in as of 29 Aug 2026],https://lunenburgbudgetproject.org/docs/district-budget-page/docs/fy25-superintendent-39-s-budget-update.pdf,9169e2700def0c1a2b6bebbc55d4e7f737ea5c3a7354657f4d804c017af5dc7c
2023,federal,"Special Education, 240 Grant",404772.0,Director of Special Services,33,fy25-superintendent-39-s-budget-update.txt,0,"fy24-superintendent-39-s-recommended-budget-presentation p16: $402,967; fy25-superintendent-39-s-budget-update p33: $404,772",https://drive.google.com/file/d/1yJNhIyBLVT8mu4GeJuQSjniKCPA41Oyq/view  [requires sign-in as of 29 Aug 2026],https://lunenburgbudgetproject.org/docs/district-budget-page/docs/fy25-superintendent-39-s-budget-update.pdf,9169e2700def0c1a2b6bebbc55d4e7f737ea5c3a7354657f4d804c017af5dc7c
2023,federal,"Title I, 305 Grant",191672.0,Director of Teaching & Learning,33,fy25-superintendent-39-s-budget-update.txt,0,,https://drive.google.com/file/d/1yJNhIyBLVT8mu4GeJuQSjniKCPA41Oyq/view  [requires sign-in as of 29 Aug 2026],https://lunenburgbudgetproject.org/docs/district-budget-page/docs/fy25-superintendent-39-s-budget-update.pdf,9169e2700def0c1a2b6bebbc55d4e7f737ea5c3a7354657f4d804c017af5dc7c
2023,federal,"Title One Grant, 305 Grant",191169.0,,16,fy24-superintendent-39-s-recommended-budget-presentation.txt,0,,https://drive.google.com/file/d/1yJNhIyBLVT8mu4GeJuQSjniKCPA41Oyq/view  [requires sign-in as of 29 Aug 2026],https://lunenburgbudgetproject.org/docs/district-budget-page/docs/fy25-superintendent-39-s-budget-update.pdf,9169e2700def0c1a2b6bebbc55d4e7f737ea5c3a7354657f4d804c017af5dc7c
2023,federal,"Special Education AARP IDEA, Grant 252",87888.0,,16,fy24-superintendent-39-s-recommended-budget-presentation.txt,0,,https://drive.google.com/file/d/1yJNhIyBLVT8mu4GeJuQSjniKCPA41Oyq/view  [requires sign-in as of 29 Aug 2026],https://lunenburgbudgetproject.org/docs/district-budget-page/docs/fy25-superintendent-39-s-budget-update.pdf,9169e2700def0c1a2b6bebbc55d4e7f737ea5c3a7354657f4d804c017af5dc7c
2023,federal,"Title II, 140 Grant",31556.0,Director of Teaching & Learning,33,fy25-superintendent-39-s-budget-update.txt,0,,https://drive.google.com/file/d/1yJNhIyBLVT8mu4GeJuQSjniKCPA41Oyq/view  [requires sign-in as of 29 Aug 2026],https://lunenburgbudgetproject.org/docs/district-budget-page/docs/fy25-superintendent-39-s-budget-update.pdf,9169e2700def0c1a2b6bebbc55d4e7f737ea5c3a7354657f4d804c017af5dc7c
2023,federal,"Teacher Quality Grant, 140 Grant",31262.0,,16,fy24-superintendent-39-s-recommended-budget-presentation.txt,0,,https://drive.google.com/file/d/1yJNhIyBLVT8mu4GeJuQSjniKCPA41Oyq/view  [requires sign-in as of 29 Aug 2026],https://lunenburgbudgetproject.org/docs/district-budget-page/docs/fy25-superintendent-39-s-budget-update.pdf,9169e2700def0c1a2b6bebbc55d4e7f737ea5c3a7354657f4d804c017af5dc7c
2023,federal,"Special Education, Targeted IEP , 274 Grant",14430.0,Director of Special Services,33,fy25-superintendent-39-s-budget-update.txt,0,,https://drive.google.com/file/d/1yJNhIyBLVT8mu4GeJuQSjniKCPA41Oyq/view  [requires sign-in as of 29 Aug 2026],https://lunenburgbudgetproject.org/docs/district-budget-page/docs/fy25-superintendent-39-s-budget-update.pdf,9169e2700def0c1a2b6bebbc55d4e7f737ea5c3a7354657f4d804c017af5dc7c
2023,federal,"Special Education, Early Childhood, 262 Grant",13133.0,Director of Special Services,33,fy25-superintendent-39-s-budget-update.txt,0,"fy24-superintendent-39-s-recommended-budget-presentation p16: $13,033; fy25-superintendent-39-s-budget-update p33: $13,133",https://drive.google.com/file/d/1yJNhIyBLVT8mu4GeJuQSjniKCPA41Oyq/view  [requires sign-in as of 29 Aug 2026],https://lunenburgbudgetproject.org/docs/district-budget-page/docs/fy25-superintendent-39-s-budget-update.pdf,9169e2700def0c1a2b6bebbc55d4e7f737ea5c3a7354657f4d804c017af5dc7c
2023,federal,"Title IV, Grant, 309 Grant",12904.0,,16,fy24-superintendent-39-s-recommended-budget-presentation.txt,0,,https://drive.google.com/file/d/1yJNhIyBLVT8mu4GeJuQSjniKCPA41Oyq/view  [requires sign-in as of 29 Aug 2026],https://lunenburgbudgetproject.org/docs/district-budget-page/docs/fy25-superintendent-39-s-budget-update.pdf,9169e2700def0c1a2b6bebbc55d4e7f737ea5c3a7354657f4d804c017af5dc7c
2023,federal,"Title IV, 309 Grant",12904.0,Director of Teaching & Learning,33,fy25-superintendent-39-s-budget-update.txt,0,,https://drive.google.com/file/d/1yJNhIyBLVT8mu4GeJuQSjniKCPA41Oyq/view  [requires sign-in as of 29 Aug 2026],https://lunenburgbudgetproject.org/docs/district-budget-page/docs/fy25-superintendent-39-s-budget-update.pdf,9169e2700def0c1a2b6bebbc55d4e7f737ea5c3a7354657f4d804c017af5dc7c
2023,state,"Accelerating Literacy, 719 Grant (yr 2 of 3)",128000.0,Director of Teaching & Learning,33,fy25-superintendent-39-s-budget-update.txt,0,,https://drive.google.com/file/d/1yJNhIyBLVT8mu4GeJuQSjniKCPA41Oyq/view  [requires sign-in as of 29 Aug 2026],https://lunenburgbudgetproject.org/docs/district-budget-page/docs/fy25-superintendent-39-s-budget-update.pdf,9169e2700def0c1a2b6bebbc55d4e7f737ea5c3a7354657f4d804c017af5dc7c
2023,state,CSHS Workforce Investment Program,100000.0,Director of Special Services,16,fy24-superintendent-39-s-recommended-budget-presentation.txt,0,,https://drive.google.com/file/d/1yJNhIyBLVT8mu4GeJuQSjniKCPA41Oyq/view  [requires sign-in as of 29 Aug 2026],https://lunenburgbudgetproject.org/docs/district-budget-page/docs/fy25-superintendent-39-s-budget-update.pdf,9169e2700def0c1a2b6bebbc55d4e7f737ea5c3a7354657f4d804c017af5dc7c
2023,state,School Health Grant,100000.0,Nursing Coordinator,33,fy25-superintendent-39-s-budget-update.txt,0,"fy24-superintendent-39-s-recommended-budget-presentation p16: $30,000; fy25-superintendent-39-s-budget-update p33: $100,000; fy25-superintendent-39-s-budget-update p33: $30,000",https://drive.google.com/file/d/1yJNhIyBLVT8mu4GeJuQSjniKCPA41Oyq/view  [requires sign-in as of 29 Aug 2026],https://lunenburgbudgetproject.org/docs/district-budget-page/docs/fy25-superintendent-39-s-budget-update.pdf,9169e2700def0c1a2b6bebbc55d4e7f737ea5c3a7354657f4d804c017af5dc7c
2023,state,Family & Community Grant,45700.0,Director of Community School Programs,33,fy25-superintendent-39-s-budget-update.txt,0,"fy24-superintendent-39-s-recommended-budget-presentation p16: $47,500; fy25-superintendent-39-s-budget-update p33: $45,700",https://drive.google.com/file/d/1yJNhIyBLVT8mu4GeJuQSjniKCPA41Oyq/view  [requires sign-in as of 29 Aug 2026],https://lunenburgbudgetproject.org/docs/district-budget-page/docs/fy25-superintendent-39-s-budget-update.pdf,9169e2700def0c1a2b6bebbc55d4e7f737ea5c3a7354657f4d804c017af5dc7c
2023,state,Accelerating Literacy with HQIM (6-8 ELA),27500.0,Director of Teaching & Learning,33,fy25-superintendent-39-s-budget-update.txt,0,,https://drive.google.com/file/d/1yJNhIyBLVT8mu4GeJuQSjniKCPA41Oyq/view  [requires sign-in as of 29 Aug 2026],https://lunenburgbudgetproject.org/docs/district-budget-page/docs/fy25-superintendent-39-s-budget-update.pdf,9169e2700def0c1a2b6bebbc55d4e7f737ea5c3a7354657f4d804c017af5dc7c
2023,state,Child Home Program,27037.0,Director of Special Services,16,fy24-superintendent-39-s-recommended-budget-presentation.txt,0,,https://drive.google.com/file/d/1yJNhIyBLVT8mu4GeJuQSjniKCPA41Oyq/view  [requires sign-in as of 29 Aug 2026],https://lunenburgbudgetproject.org/docs/district-budget-page/docs/fy25-superintendent-39-s-budget-update.pdf,9169e2700def0c1a2b6bebbc55d4e7f737ea5c3a7354657f4d804c017af5dc7c
2023,state,Grant,25000.0,,33,fy25-superintendent-39-s-budget-update.txt,0,,https://drive.google.com/file/d/1yJNhIyBLVT8mu4GeJuQSjniKCPA41Oyq/view  [requires sign-in as of 29 Aug 2026],https://lunenburgbudgetproject.org/docs/district-budget-page/docs/fy25-superintendent-39-s-budget-update.pdf,9169e2700def0c1a2b6bebbc55d4e7f737ea5c3a7354657f4d804c017af5dc7c
2024,federal,"Special Education, 240 Grant",418237.0,Director of Special Services,32,fy25-superintendent-39-s-budget-update.txt,0,,https://drive.google.com/file/d/1yJNhIyBLVT8mu4GeJuQSjniKCPA41Oyq/view  [requires sign-in as of 29 Aug 2026],https://lunenburgbudgetproject.org/docs/district-budget-page/docs/fy25-superintendent-39-s-budget-update.pdf,9169e2700def0c1a2b6bebbc55d4e7f737ea5c3a7354657f4d804c017af5dc7c
2024,federal,"Title I, 305 Grant",210309.0,Director of Teaching & Learning,32,fy25-superintendent-39-s-budget-update.txt,0,,https://drive.google.com/file/d/1yJNhIyBLVT8mu4GeJuQSjniKCPA41Oyq/view  [requires sign-in as of 29 Aug 2026],https://lunenburgbudgetproject.org/docs/district-budget-page/docs/fy25-superintendent-39-s-budget-update.pdf,9169e2700def0c1a2b6bebbc55d4e7f737ea5c3a7354657f4d804c017af5dc7c
2024,federal,"Title II, 140 Grant",35972.0,Director of Teaching & Learning,32,fy25-superintendent-39-s-budget-update.txt,0,,https://drive.google.com/file/d/1yJNhIyBLVT8mu4GeJuQSjniKCPA41Oyq/view  [requires sign-in as of 29 Aug 2026],https://lunenburgbudgetproject.org/docs/district-budget-page/docs/fy25-superintendent-39-s-budget-update.pdf,9169e2700def0c1a2b6bebbc55d4e7f737ea5c3a7354657f4d804c017af5dc7c
2024,federal,"Special Education, Targeted IEP , 274 Grant",14430.0,Director of Special Services,32,fy25-superintendent-39-s-budget-update.txt,0,,https://drive.google.com/file/d/1yJNhIyBLVT8mu4GeJuQSjniKCPA41Oyq/view  [requires sign-in as of 29 Aug 2026],https://lunenburgbudgetproject.org/docs/district-budget-page/docs/fy25-superintendent-39-s-budget-update.pdf,9169e2700def0c1a2b6bebbc55d4e7f737ea5c3a7354657f4d804c017af5dc7c
2024,federal,"Title IV, 309 Grant",14045.0,Director of Teaching & Learning,32,fy25-superintendent-39-s-budget-update.txt,0,,https://drive.google.com/file/d/1yJNhIyBLVT8mu4GeJuQSjniKCPA41Oyq/view  [requires sign-in as of 29 Aug 2026],https://lunenburgbudgetproject.org/docs/district-budget-page/docs/fy25-superintendent-39-s-budget-update.pdf,9169e2700def0c1a2b6bebbc55d4e7f737ea5c3a7354657f4d804c017af5dc7c
2024,federal,"Special Education, Early Childhood, 262 Grant",13245.0,Director of Special Services,32,fy25-superintendent-39-s-budget-update.txt,0,,https://drive.google.com/file/d/1yJNhIyBLVT8mu4GeJuQSjniKCPA41Oyq/view  [requires sign-in as of 29 Aug 2026],https://lunenburgbudgetproject.org/docs/district-budget-page/docs/fy25-superintendent-39-s-budget-update.pdf,9169e2700def0c1a2b6bebbc55d4e7f737ea5c3a7354657f4d804c017af5dc7c
2024,state,"SOA Evidence-Based Practice, 117 (yr 2 of 3)",136583.0,Director of Teaching & Learning,32,fy25-superintendent-39-s-budget-update.txt,0,,https://drive.google.com/file/d/1yJNhIyBLVT8mu4GeJuQSjniKCPA41Oyq/view  [requires sign-in as of 29 Aug 2026],https://lunenburgbudgetproject.org/docs/district-budget-page/docs/fy25-superintendent-39-s-budget-update.pdf,9169e2700def0c1a2b6bebbc55d4e7f737ea5c3a7354657f4d804c017af5dc7c
2024,state,"Accelerating Literacy, 719 Grant (yr 3 of 3)",134130.0,Director of Teaching & Learning,32,fy25-superintendent-39-s-budget-update.txt,0,,https://drive.google.com/file/d/1yJNhIyBLVT8mu4GeJuQSjniKCPA41Oyq/view  [requires sign-in as of 29 Aug 2026],https://lunenburgbudgetproject.org/docs/district-budget-page/docs/fy25-superintendent-39-s-budget-update.pdf,9169e2700def0c1a2b6bebbc55d4e7f737ea5c3a7354657f4d804c017af5dc7c
2024,state,Family & Community Grant,45700.0,Director of Community School Programs,32,fy25-superintendent-39-s-budget-update.txt,0,,https://drive.google.com/file/d/1yJNhIyBLVT8mu4GeJuQSjniKCPA41Oyq/view  [requires sign-in as of 29 Aug 2026],https://lunenburgbudgetproject.org/docs/district-budget-page/docs/fy25-superintendent-39-s-budget-update.pdf,9169e2700def0c1a2b6bebbc55d4e7f737ea5c3a7354657f4d804c017af5dc7c
2024,state,Comprehensive School Health Services Grant,35000.0,,32,fy25-superintendent-39-s-budget-update.txt,0,,https://drive.google.com/file/d/1yJNhIyBLVT8mu4GeJuQSjniKCPA41Oyq/view  [requires sign-in as of 29 Aug 2026],https://lunenburgbudgetproject.org/docs/district-budget-page/docs/fy25-superintendent-39-s-budget-update.pdf,9169e2700def0c1a2b6bebbc55d4e7f737ea5c3a7354657f4d804c017af5dc7c
2024,state,Child Home Program,27037.0,Director of Community School Programs,32,fy25-superintendent-39-s-budget-update.txt,0,,https://drive.google.com/file/d/1yJNhIyBLVT8mu4GeJuQSjniKCPA41Oyq/view  [requires sign-in as of 29 Aug 2026],https://lunenburgbudgetproject.org/docs/district-budget-page/docs/fy25-superintendent-39-s-budget-update.pdf,9169e2700def0c1a2b6bebbc55d4e7f737ea5c3a7354657f4d804c017af5dc7c
2024,state,"After School & Out of School Time, 528 Grant",25000.0,Director of Teaching & Learning,32,fy25-superintendent-39-s-budget-update.txt,0,,https://drive.google.com/file/d/1yJNhIyBLVT8mu4GeJuQSjniKCPA41Oyq/view  [requires sign-in as of 29 Aug 2026],https://lunenburgbudgetproject.org/docs/district-budget-page/docs/fy25-superintendent-39-s-budget-update.pdf,9169e2700def0c1a2b6bebbc55d4e7f737ea5c3a7354657f4d804c017af5dc7c
2024,state,"Deeper Learning, 105 Grant",21520.0,Director of Teaching & Learning,32,fy25-superintendent-39-s-budget-update.txt,0,,https://drive.google.com/file/d/1yJNhIyBLVT8mu4GeJuQSjniKCPA41Oyq/view  [requires sign-in as of 29 Aug 2026],https://lunenburgbudgetproject.org/docs/district-budget-page/docs/fy25-superintendent-39-s-budget-update.pdf,9169e2700def0c1a2b6bebbc55d4e7f737ea5c3a7354657f4d804c017af5dc7c
2024,state,"Arts & Cultural Vitality, 718 Grant",5200.0,Director of Teaching & Learning,32,fy25-superintendent-39-s-budget-update.txt,0,,https://drive.google.com/file/d/1yJNhIyBLVT8mu4GeJuQSjniKCPA41Oyq/view  [requires sign-in as of 29 Aug 2026],https://lunenburgbudgetproject.org/docs/district-budget-page/docs/fy25-superintendent-39-s-budget-update.pdf,9169e2700def0c1a2b6bebbc55d4e7f737ea5c3a7354657f4d804c017af5dc7c
FY21-24,federal,ESSER 3,1351034.0,,31,fy25-superintendent-39-s-budget-update.txt,1,,https://drive.google.com/file/d/1yJNhIyBLVT8mu4GeJuQSjniKCPA41Oyq/view  [requires sign-in as of 29 Aug 2026],https://lunenburgbudgetproject.org/docs/district-budget-page/docs/fy25-superintendent-39-s-budget-update.pdf,9169e2700def0c1a2b6bebbc55d4e7f737ea5c3a7354657f4d804c017af5dc7c
FY21-24,federal,ESSER 2,588834.0,,31,fy25-superintendent-39-s-budget-update.txt,1,,https://drive.google.com/file/d/1yJNhIyBLVT8mu4GeJuQSjniKCPA41Oyq/view  [requires sign-in as of 29 Aug 2026],https://lunenburgbudgetproject.org/docs/district-budget-page/docs/fy25-superintendent-39-s-budget-update.pdf,9169e2700def0c1a2b6bebbc55d4e7f737ea5c3a7354657f4d804c017af5dc7c
FY21-24,federal,ESSER 1,198073.0,,31,fy25-superintendent-39-s-budget-update.txt,1,,https://drive.google.com/file/d/1yJNhIyBLVT8mu4GeJuQSjniKCPA41Oyq/view  [requires sign-in as of 29 Aug 2026],https://lunenburgbudgetproject.org/docs/district-budget-page/docs/fy25-superintendent-39-s-budget-update.pdf,9169e2700def0c1a2b6bebbc55d4e7f737ea5c3a7354657f4d804c017af5dc7c
