document,doc_year,data_rows,rows_with_layout,rows_short_of_columns,figures,header_line,header_years,header_kinds,doc_date,covers,reason
3-12-25-town-manager-39-s-budget.txt,2025,356,355,30,325,2,FY25 FY26 FY26 FY26 FY26 %,Budgeted Level Adj Needs Based TM 030525 TM 031225 increase,2025-03-12,FY2025 FY2026,
additional-town-revenue-spending-plan.txt,,31,0,0,0,,Savings FY27,,,FY2027,"single-column table: line 8 states one fiscal year, 'Savings FY27', and this reader requires two"
athletic-program-costs-by-sport.txt,2024,23,0,0,0,,FY24,,,FY2024,"single-column table: line 3 states one fiscal year, 'FY24', and this reader requires two"
balanced-budget-slides-3-23-26.txt,,10,0,0,0,,,,2026-03-23,,no fiscal year stated anywhere: 10 row(s) of data
budget-addendum-multi-scenario-financial-analysis.txt,,29,0,0,0,,,,2026-03-13,,no fiscal year stated anywhere: 29 row(s) of data
budget-hearing-fy20-proposed-lps-budget.txt,2020,316,315,33,1692,441,FY15 FY16 FY17 FY18 FY19 FY20,"DESCRIPTION, EXPENSES Actual Actual Actual Actual Budgeted Adj. Proposed",2019-04-03,FY2015 FY2016 FY2017 FY2018 FY2019 FY2020,
budget-hearing-fy22-superintendent-39-s-recommended-budget.txt,2022,301,301,18,1415,382,FY18 FY19 FY20 FY21 FY22 %,"DESCRIPTION, EXPENSES Actual Actual Actual Budgeted Proposed increase",2021-03-17,FY2018 FY2019 FY2020 FY2021 FY2022,
budget-hearing-superintendent-fy22-recommended-budget.txt,2022,75,26,24,0,153,FY18 FY19 FY20 FY21,"Chapter 70 Budget $          7,272,505 $         7,494,174 $          7,739,118 $          7,773,938",2021-03-03,FY2018 FY2019 FY2020 FY2021 FY2022 FY2023,"REFUSED as not a budget table: 2 figures with a median of 70 and a total of 71 -- an enrolment or class-size table, not dollars"
budget-message-for-families-2-27-26.txt,,8,0,0,0,,,,2026-02-27,,no fiscal year stated anywhere: 8 row(s) of data
community-forums-scheduled-on-school-department-budget.txt,2020,4,0,0,0,,"This year the School Committee set a goal for themselves to approach budget development with a focus on allocating resources to support the highest impact on teaching and learning. In previous years, each principal and department head presented their budget requests to the School Committee prior to the presentation of the Superintendent’s Proposed Budget.  This year, the principals and department heads worked collaboratively as a Leadership Team in the development of the Superintendent’s Proposed Budget.  The Leadership Team was in attendance as I presented the FY20 Superintendent’s Proposed Budget to the School Committee on December 19, 2018.  We also presented the FY20 budget to the faculty of LMHS on January 8, 2019 and to the THES and Primary faculty on January 15, 2019.",,2018-12-19,FY2020,"header wrapped: line 5 states 2 fiscal years, 'This year the School Committee set a goal for themselves to approach budget development with a focus on allocating resources to support the highest impact on teaching and learning. In previous years, each principal and department head presented their budget requests to the School Committee prior to the presentation of the Superintendent’s Proposed Budget.  This year, the principals and department heads worked collaboratively as a Leadership Team in the development of the Superintendent’s Proposed Budget.  The Leadership Team was in attendance as I presented the FY20 Superintendent’s Proposed Budget to the School Committee on December 19, 2018.  We also presented the FY20 budget to the faculty of LMHS on January 8, 2019 and to the THES and Primary faculty on January 15, 2019.', and the column kinds run past the two lines below it -- proposed / budget / Budget"
faq-fy25-budget.txt,,22,0,0,0,,The FY24 budget is posted on the district website.  The FY25 budget spreadsheets,,,FY2024 FY2025,"header wrapped: line 56 states 2 fiscal years, 'The FY24 budget is posted on the district website.  The FY25 budget spreadsheets', and the column kinds run past the two lines below it -- proposed / budget / recommended / budget"
final-budget-document.txt,2027,269,268,17,1004,5,FY26  FY27  FY27  FY27,DISTRICT EXPENSES FINAL BUDGET | Proposed | Proposed | Proposed,2026-03-25,FY2026 FY2027,
final-fy25-budget-4-3-24.txt,2024,342,342,26,632,2,FY24 FY25 %,Budgeted Proposed increase,2024-04-03,FY2024 FY2025,
final-fy26-sc-approved-budget-3-12-25-with-level-service-budget.txt,2024,359,359,205,308,2,FY24 FY25,Actual Budgeted Budgeted Dollar Change % Change Budgeted Dollar Change % Change,2025-03-12,FY2024 FY2025,
final-fy26-town-manager-39-s-target-budget-approved-3-12-25.txt,2024,356,356,198,316,2,FY24 FY25,Actual Budgeted Budgeted Dollar Change % Change,2025-03-12,FY2024 FY2025,
final-fy26-town-manager-39-s-target-budget.txt,2025,356,355,29,326,2,FY25 FY26 FY26 FY26 % increase,Budgeted Level Adj Needs Based TM 030525 FY25 to FY26TM,,FY2025 FY2026,
free-cash-presentation.txt,2026,23,0,0,0,,Free Cash FY26,,,FY2026 FY2027,"single-column table: line 2 states one fiscal year, 'Free Cash FY26', and this reader requires two"
frequently-asked-questions-november-town-meeting.txt,,5,0,0,0,,,,,,no fiscal year stated anywhere: 5 row(s) of data
fy-24-budget-update.txt,2024,12,4,3,0,27,FY20 FY21 FY22 FY23 FY24,"Chapter 70 budget $7,771,740 $7,773,938 $7,823,618 $8,722,228 $8,770,678",2023-03-01,FY2020 FY2021 FY2022 FY2023 FY2024,"REFUSED as not a budget table: 1 figures with a median of 70 and a total of 70 -- an enrolment or class-size table, not dollars"
fy18-non-personnel-supt-recommended-budget-revised-6-6-17.txt,2016,201,201,62,417,317,FY16 FY17 FY18 Increase/,DESCRIPTION Actual Budgeted Supt. Recommend Decrease,2017-06-06,FY2016 FY2017 FY2018,
fy18-personnel-supt-recommended-budget-revised-6-6-17.txt,2017,98,98,22,152,100,FY17 FY18 Increase/Decrease,DESCRIPTION Budgeted Supt. Recommended Supt. Recommended,2017-06-06,FY2017 FY2018,
fy19-budget-hearing-document-4-4-18.txt,2019,301,301,27,1644,451,FY14 FY15 FY16 FY17 FY18 FY19 Supt. %,DESCRIPTION Actual Actual Actual Actual Budgeted Recommended increase,2018-04-04,FY2014 FY2015 FY2016 FY2017 FY2018 FY2019,
fy19-final-report.txt,2016,306,306,41,1325,391,FY16 FY17 FY18 FY19 FY20,"DESCRIPTION, EXPENSES Actual Actual Actual Actual Budgeted",,FY2016 FY2017 FY2018 FY2019 FY2020,
fy19-proposed-athletics-budget.txt,2019,24,23,13,60,4,FY14 FY15 FY16 FY17 FY18 FY19,DESCRIPTION Actual Actual Actual Actual Budgeted Requested difference,,FY2014 FY2015 FY2016 FY2017 FY2018 FY2019,
fy19-proposed-elementary-school-budget.txt,2019,1,0,0,0,,Proposed FY19 Turkey Hill Elementary School Budget (Submitted to the Superintendent of Schools),,,FY2014 FY2015 FY2016 FY2017 FY2018 FY2019,"single-column table: line 3 states one fiscal year, 'Proposed FY19 Turkey Hill Elementary School Budget (Submitted to the Superintendent of Schools)', and this reader requires two"
fy19-proposed-health-budget.txt,2019,4,4,1,18,4,FY14 FY15 FY16 FY17 FY18 FY19,DESCRIPTION Actual Actual Actual Actual Budgeted Requested difference,,FY2014 FY2015 FY2016 FY2017 FY2018 FY2019,
fy19-proposed-high-school-budget.txt,2019,0,0,0,0,,FY19 Proposed Lunenburg High School Non Personnel Budget (submitted to the Superintendent of Schools),,,FY2014 FY2015 FY2016 FY2017 FY2018 FY2019,"no rows of the shape ""label then numbers"""
fy19-proposed-maintenance-budget.txt,2019,19,19,8,66,4,FY14 FY15 FY16 FY17 FY18 FY19,DESCRIPTION Actual Actual Actual Actual Budgeted Requested difference,,FY2014 FY2015 FY2016 FY2017 FY2018 FY2019,
fy19-proposed-middle-school-budget.txt,2019,2,1,1,0,230,FY18 FY19,Budgeted Requested difference notes,,FY2014 FY2015 FY2016 FY2017 FY2019,"every row shorter than its 0 columns -- a dash for zero is not read as a number, by design"
fy19-proposed-primary-school-budget.txt,2019,1,0,0,0,,Proposed FY19 Primary School Budget (Submitted to the Superintendent of Schools),,,FY2019,"single-column table: line 3 states one fiscal year, 'Proposed FY19 Primary School Budget (Submitted to the Superintendent of Schools)', and this reader requires two"
fy19-proposed-special-services-budget.txt,2019,0,0,0,0,,FY19 Proposed Special Services Non Personnel Budget,,,FY2019,"no rows of the shape ""label then numbers"""
fy19-proposed-technology-budget.txt,2019,11,11,0,55,4,FY16 FY17 FY18 FY18 FY19 FY19 FY19,DESCRIPTION Budgeted Budgeted Requested Budgeted Requested Option 2 Option 3,,FY2016 FY2017 FY2018 FY2019,
fy19-school-department-proposed-budget-for-budget-hearing-updated-3-30.txt,2019,0,0,0,0,1666,FY14,Actual,2018-03-30,FY2014 FY2015 FY2016 FY2019,"the PDF text layer is COLUMN-MAJOR: 80 function group headers and only 0 rows carrying a label and its figures. Labels and numbers came out in separate runs -- needs re-extraction with coordinates, not a header rule"
fy19-school-dept-budget-approved-6-20-18.txt,2019,270,270,0,270,396,FY19,"DESCRIPTION, EXPENSES Budgeted",2018-06-20,FY2019,"ties to the document’s own TOTAL BUDGET, +4190 over 270 rows"
fy19-school-level-service-budget-3.txt,2019,301,301,27,1474,451,FY14 FY15 FY16 FY17 FY18 FY19 %,DESCRIPTION Actual Actual Actual Actual Budgeted Level Funded increase,,FY2014 FY2015 FY2016 FY2017 FY2018 FY2019,
fy19-supt-proposed-expense-budget.txt,2019,183,183,14,1014,267,FY14 FY15 FY16 FY17 FY18 FY19 %,DESCRIPTION Actual Actual Actual Actual Budgeted Recommendedincrease,,FY2014 FY2015 FY2016 FY2017 FY2018 FY2019,
fy19-supt-proposed-personnel-budget.txt,2019,114,114,11,618,142,FY14 FY15 FY16 FY17 FY18 FY19 Supt. %,DESCRIPTION Actual Actual Actual Actual Budgeted Recommendedincrease,,FY2014 FY2015 FY2016 FY2017 FY2018 FY2019,
fy20-budget-update-recommended-reductions-as-of-february-6-2019.txt,2020,5,0,0,0,,FY20 BUDGET UPDATE,,2019-02-06,FY2019 FY2020,"single-column table: line 2 states one fiscal year, 'FY20 BUDGET UPDATE', and this reader requires two"
fy20-budget-update-recommended-reductions-as-of-march-6-2019.txt,2020,14,0,0,0,,FY20 BUDGET UPDATE,,2019-03-06,FY2019 FY2020,"single-column table: line 2 states one fiscal year, 'FY20 BUDGET UPDATE', and this reader requires two"
fy21-approved-school-budget-6-13-20.txt,2021,295,295,6,1445,377,FY17 FY18 FY19 FY20 FY21 %,"DESCRIPTION, EXPENSES Actual Actual Actual Budgeted Proposed increase",2020-06-13,FY2017 FY2018 FY2019 FY2020 FY2021,
fy21-proposed-budget-april-29-2020.txt,2021,295,295,6,1445,377,FY17 FY18 FY19 FY20 FY21 %,"DESCRIPTION, EXPENSES Actual Actual Actual Budgeted Proposed increase",2020-04-29,FY2017 FY2018 FY2019 FY2020 FY2021,
fy21-recommended-budget-presentation-4-22-20.txt,2021,30,0,0,0,,FY20 Budget FY21 Budget,,2020-04-22,FY2020 FY2021,"header wrapped: line 101 states 2 fiscal years, 'FY20 Budget FY21 Budget', and the column kinds run past the two lines below it -- BUDGET / Recommended / Budget"
fy22-budget-schedule.txt,2022,10,0,0,0,,FY22 Budget Development and Timelines,,2020-10-09,FY2022,"single-column table: line 3 states one fiscal year, 'FY22 Budget Development and Timelines', and this reader requires two"
fy23-approved-budget.txt,2023,266,266,9,1285,380,FY19 FY20 FY21 FY22 FY23 %,"DESCRIPTION, EXPENSES Actual Actual Actual Budgeted Proposed increase",2022-05-07,FY2019 FY2020 FY2021 FY2022 FY2023,
fy23-quarterly-budget-update.txt,2023,1,0,0,0,,"FY23 Quarterly Budget Update November 11, 2022",,2022-11-11,FY2023,"single-column table: line 3 states one fiscal year, 'FY23 Quarterly Budget Update November 11, 2022', and this reader requires two"
fy23-superintendent-recommended-budget-presentation.txt,2023,86,45,44,0,211,FY18 FY19 FY20 FY21 FY22 FY23,Chapter 70 Budget,2022-03-16,FY2018 FY2019 FY2020 FY2021 FY2022 FY2023 FY2024,"REFUSED as not a budget table: 1 figures with a median of 2 and a total of 2 -- an enrolment or class-size table, not dollars"
fy23-superintendent-recommended-budget.txt,2023,293,293,9,1420,381,FY19 FY20 FY21 FY22 FY23 %,"DESCRIPTION, EXPENSES Actual Actual Actual Budgeted Proposed increase",2022-03-16,FY2019 FY2020 FY2021 FY2022 FY2023,
fy24-approved-budget.txt,2024,289,289,6,1415,405,FY20 FY21 FY22 FY23 FY24 %,"DESCRIPTION, EXPENSES Actual Actual Actual Budgeted Proposed increase",2023-03-15,FY2020 FY2021 FY2022 FY2023 FY2024,
fy24-superintendent-39-s-recommended-budget-presentation.txt,,91,29,29,0,444,FY20 FY21 FY22 FY23 FY24,Chapter 70 budget,2023-03-15,FY2020 FY2021 FY2022 FY2023 FY2024,"every row shorter than its 0 columns -- a dash for zero is not read as a number, by design"
fy25-final-approved-budget-expenses-6-5-24.txt,2025,227,227,0,227,2,FY25,"DESCRIPTION, EXPENSES Proposed",2024-06-05,FY2025,"ties to the document’s own TOTAL EXPENSES, +9 over 227 rows"
fy25-final-approved-budget-salaries-6-5-24.txt,2025,114,114,0,114,2,FY25,"DESCRIPTION, SALARIES Proposed",2024-06-05,FY2025,"ties to the document’s own TOTAL SALARIES, +1 over 114 rows"
fy25-recommended-budget-5-52.txt,2025,45,41,0,0,1278,Lunenburg FY25 Recommended 5.42% Budget,Lunenburg FY25 Recommended 5.42% Budget,,FY2024 FY2025,"the PDF text layer is COLUMN-MAJOR: 79 function group headers and only 45 rows carrying a label and its figures. Labels and numbers came out in separate runs -- needs re-extraction with coordinates, not a header rule"
fy25-recommended-budget-update-with-needs-based-budget.txt,2025,11,0,0,0,,FY25 Budget Update with,,2024-02-28,FY2025,"single-column table: line 2 states one fiscal year, 'FY25 Budget Update with', and this reader requires two"
fy25-superintendent-39-s-budget-update.txt,2025,150,0,0,0,,FY24 FY23 FY22 FY21,,,FY2019 FY2020 FY2021 FY2022 FY2023 FY2024 FY2025,"column kinds not in the vocabulary: line 336 states 4 fiscal years, 'FY24 FY23 FY22 FY21', and the lines below name none of them"
fy26-level-service-budget-presentation.txt,2026,24,0,0,0,,FY26 Level Services Budget,,2025-04-02,FY2019 FY2025 FY2026,"single-column table: line 3 states one fiscal year, 'FY26 Level Services Budget', and this reader requires two"
fy26-school-department-budget-fincomm.txt,2026,7,0,0,0,,FY22 FY23,,2025-03-12,FY2022 FY2023 FY2024 FY2025 FY2026,"column kinds not in the vocabulary: line 117 states 2 fiscal years, 'FY22 FY23', and the lines below name none of them"
fy26-school-dept-approved-budget-3-12-25.txt,2025,352,352,28,648,2,FY25 FY26 %,Budgeted Budgeted increase,2025-03-12,FY2025 FY2026,
fy26-superintendent-39-s-proposed-budget-2-26-25-updated-3-12-25.txt,2026,15,0,0,0,,FY26 Budget,,2025-02-26,FY2019 FY2025 FY2026,"single-column table: line 5 states one fiscal year, 'FY26 Budget', and this reader requires two"
fy26-superintendent-39-s-proposed-budget-presentation-1-22-25.txt,2026,137,0,0,0,,FY25 FY24 FY23 FY22 FY21 FY20 FY19,,2025-01-22,FY2019 FY2020 FY2021 FY2022 FY2023 FY2024 FY2025 FY2026,"column kinds not in the vocabulary: line 519 states 7 fiscal years, 'FY25 FY24 FY23 FY22 FY21 FY20 FY19', and the lines below name none of them"
fy26-town-manager-39-s-target-budget-2-5-25-presentation.txt,2026,23,0,0,0,,FY25 Budget FY26 Proposed Increase,,2025-02-05,FY2025 FY2026,"column kinds not in the vocabulary: line 17 states 2 fiscal years, 'FY25 Budget FY26 Proposed Increase', and the lines below name none of them"
fy27-budget-presentation-to-finance-committee-2-26-26.txt,2026,78,0,0,0,,FY26 Budget,,2026-02-26,FY2007 FY2017 FY2025 FY2026 FY2027,"single-column table: line 6 states one fiscal year, 'FY26 Budget', and this reader requires two"
fy27-budget-projections-as-of-2-16-26-with-restorations.txt,2027,256,255,9,492,5,FY26  FY27,DISTRICT EXPENSES FINAL  FORECAST,2026-02-16,FY2026 FY2027,
fy27-budget-projections-as-of-2-24-26-with-restorations.txt,2027,295,294,107,935,4,FY23 FY24 FY25 FY26  FY27,DISTRICT EXPENSES ACTUALS ACTUALS ACTUALS FINAL BUDGET  Proposed,2026-02-24,FY2023 FY2024 FY2025 FY2026 FY2027,
fy27-budget-projections-as-of-3-16-26-with-restorations.txt,2027,297,296,191,525,5,FY23 FY24 FY25 FY25 FY26 FY26  FY26  FY27  FY27  FY27  FY27,DISTRICT EXPENSES ACTUALS ACTUALS ACTUALS Budget FINAL BUDGET  Actuals to date,2026-03-16,FY2027,
fy27-budget-projections-as-of-3-23-26.txt,2027,269,268,17,1255,5,FY26  FY27  FY27  FY27  FY27,DISTRICT EXPENSES FINAL BUDGET | Proposed | Proposed | Proposed | Proposed,2026-03-23,FY2026 FY2027,
fy27-superintendent-budget-presentation.txt,2026,82,0,0,0,,FY26 Budget,,2026-02-26,FY2007 FY2017 FY2025 FY2026 FY2027,"single-column table: line 6 states one fiscal year, 'FY26 Budget', and this reader requires two"
lhs-athletics-faq.txt,,5,0,0,0,,,,,,no fiscal year stated anywhere: 5 row(s) of data
lunenburg-school-committee-override-statement.txt,,15,0,0,0,,not address broader town needs and doesn't address school needs beyond the FY25,,,FY2025,"single-column table: line 39 states one fiscal year, ""not address broader town needs and doesn't address school needs beyond the FY25"", and this reader requires two"
notice-of-budget-hearing-3-16-22.txt,2023,5,0,0,0,,Lunenburg Charter advises all citizens the proposed FY23 Budget is available for review,,2022-03-16,FY2023,"single-column table: line 6 states one fiscal year, 'Lunenburg Charter advises all citizens the proposed FY23 Budget is available for review', and this reader requires two"
notice-of-public-budget-hearing-2-25.txt,2027,6,0,0,0,,advises all citizens the proposed FY27  Budget is available for review at the Of fice of the,,,FY2027,"single-column table: line 6 states one fiscal year, 'advises all citizens the proposed FY27  Budget is available for review at the Of fice of the', and this reader requires two"
notice-of-public-hearing-fy20-budget.txt,2020,6,0,0,0,,Lunenburg Charter advises all citizens the proposed FY20 Budget is available for review,,,FY2019 FY2020,"single-column table: line 4 states one fiscal year, 'Lunenburg Charter advises all citizens the proposed FY20 Budget is available for review', and this reader requires two"
school-committee-approved-fy26-budget-personnel-cuts.txt,2026,2,0,0,0,,School Committee Approved FY26 Budget,,,FY2026,"single-column table: line 2 states one fiscal year, 'School Committee Approved FY26 Budget', and this reader requires two"
school-department-fy26-budget-overview.txt,2026,37,0,0,0,,FY25 to FY26 Total increase (5.5%),,2025-03-27,FY2025 FY2026,"column kinds not in the vocabulary: line 67 states 2 fiscal years, 'FY25 to FY26 Total increase (5.5%)', and the lines below name none of them"
slide-deck-from-the-sc-meeting-3-23-26.txt,,11,0,0,0,,,,2026-03-23,,no fiscal year stated anywhere: 11 row(s) of data
summary-page-tm-target-budget-needs-based-level-service.txt,2025,12,0,0,0,,"FY25 School Department Budget $24,883,376",,,FY2025 FY2026,"single-column table: line 2 states one fiscal year, 'FY25 School Department Budget $24,883,376', and this reader requires two"
superintendent-39-s-fy21-budget-identified-needs.txt,2021,60,0,0,0,,FY10 FY11 FY12 FY13 FY14 FY15 FY16 FY17 FY18 FY19 FY20 FY21 FY22 FY23,,2019-12-18,FY2008 FY2020 FY2021 FY2022 FY2023 FY2024 FY2025,"column kinds not in the vocabulary: line 71 states 14 fiscal years, 'FY10 FY11 FY12 FY13 FY14 FY15 FY16 FY17 FY18 FY19 FY20 FY21 FY22 FY23', and the lines below name none of them"
superintendent-39-s-proposed-budget.txt,2020,3,0,0,0,,Superintendent’s Proposed FY20 Budget,,2018-12-19,FY2020,"single-column table: line 5 states one fiscal year, 'Superintendent’s Proposed FY20 Budget', and this reader requires two"
superintendent-s-budget-recommendations.txt,,5,0,0,0,,These recommended cuts will be presented as part of the FY20 Superintendent’s Recommended Budget.,,2019-03-29,,"single-column table: line 20 states one fiscal year, 'These recommended cuts will be presented as part of the FY20 Superintendent’s Recommended Budget.', and this reader requires two"
superintendent-s-proposed-fy21-budget-presentation.txt,2021,69,21,20,0,332,FY17 FY18 FY19 FY20,"Chapter 70 budget $          6,351,257 $          7,272,505 $         7,494,174 $          7,739,118",2020-01-22,FY2017 FY2018 FY2019 FY2020 FY2021 FY2023,"REFUSED as not a budget table: 1 figures with a median of 70 and a total of 70 -- an enrolment or class-size table, not dollars"
superintendent-s-recommended-fy20-budget-presentation.txt,2020,87,39,31,0,223,FY18 FY19 FY20,Actual Budgeted Proposed increase,2019-04-03,FY2016 FY2017 FY2018 FY2019 FY2020,"REFUSED as not a budget table: 24 figures with a median of 9 and a total of 4,381 -- an enrolment or class-size table, not dollars"
the-tale-of-our-ten-districts.txt,,65,0,0,0,,FY17 Spending Compared to FY17 Formula ($ in millions),,,FY2017 FY2019,"column kinds not in the vocabulary: line 883 states 2 fiscal years, 'FY17 Spending Compared to FY17 Formula ($ in millions)', and the lines below name none of them"
tm-budget-side-by-side-view.txt,,25,0,0,0,,Utility  Increases   Electricity  -  Underfunded;  Pd.  from  Revolving  Account  ;  FY24  Actuals=  $262189   FY25  Appropriation=$230000;   FY26  Proposed  =$265000;  Increase  15.2%  Gas  -  No  projected  increase  Water  -  Increased  line  $7K  but  may  not  be  sufficient  -  will  offset  with  revolving,,2025-03-05,FY2024 FY2025 FY2026,"header wrapped: line 40 states 3 fiscal years, 'Utility  Increases   Electricity  -  Underfunded;  Pd.  from  Revolving  Account  ;  FY24  Actuals=  $262189   FY25  Appropriation=$230000;   FY26  Proposed  =$265000;  Increase  15.2%  Gas  -  No  projected  increase  Water  -  Increased  line  $7K  but  may  not  be  sufficient  -  will  offset  with  revolving', and the column kinds run past the two lines below it -- Actuals / Proposed / Actuals / Budget / Budget"
tm-budget-updated-3-12-25.txt,2026,59,0,0,0,,FY25 to FY26 Total increase,,2025-03-12,FY2025 FY2026,"column kinds not in the vocabulary: line 105 states 2 fiscal years, 'FY25 to FY26 Total increase', and the lines below name none of them"
town-meeting-budget-presentation.txt,2020,21,0,0,0,,FY20 Budget,,2019-05-04,FY2020,"single-column table: line 6 states one fiscal year, 'FY20 Budget', and this reader requires two"
town-meeting-fy20-budget-documents.txt,2020,34,0,0,0,1805,FY20 Proposed Department Budget: Non-Personnel,FY20 Proposed Department Budget: Non-Personnel,2019-05-04,FY2015 FY2016 FY2019 FY2020,"the PDF text layer is COLUMN-MAJOR: 81 function group headers and only 34 rows carrying a label and its figures. Labels and numbers came out in separate runs -- needs re-extraction with coordinates, not a header rule"
updated-town-manager-39-s-budget-sheets-2-66-2-5-25.txt,2025,0,0,0,0,,",,FY25,FY26,%,,,,,,,,,,,,,,,,,,,,,,,FY23 Level,FY23 Step,FY23 Hourly Rate,,FY23 Degree Advancement,FY23 Annual Salary,FY23 Budgeted Salary,FY23 Budgeted Personnel Budget",,2025-02-05,FY2025,"spreadsheet layout (===SHEET, comma separated) -- this reader reads PDF text"
