path,section,stars,url,code,public,checked
district-budget/docs/fy27-budget-projections-as-of-3-23-26.pdf,theirs,3,https://drive.google.com/file/d/1sevLnaVtDTSxrPif9WnVO9LUXFI4AAef/view?usp=drive_link,200,1,2026-09-05
district-budget/docs/final-budget-document.pdf,theirs,3,https://drive.google.com/file/d/1wlHAD2YJ1gJ7zQ_F_1n3PiPecEytQdaM/view,200,1,2026-09-05
district-budget/docs/budget-addendum-multi-scenario-financial-analysis.pdf,theirs,3,https://drive.google.com/file/d/1lcgzf6W5T36SBgHYUELXhUF7N5g-w320/view?usp=drive_link,200,1,2026-09-05
district-budget/docs/additional-town-revenue-spending-plan.pdf,theirs,3,https://drive.google.com/file/d/1siNOaM58z3fUYGOK2F5OWiEzl9wgBfNM/view?usp=drive_link,200,1,2026-09-05
district-budget/docs/slide-deck-from-the-sc-meeting-3-23-26.pdf,theirs,1,https://drive.google.com/file/d/13ofJRpTJWaJ7lZN1ZLjXk8TkhiPt10aZ/view,200,1,2026-09-05
district-budget/docs/balanced-budget-slides-3-23-26.pdf,theirs,1,https://drive.google.com/file/d/1sWH4_mVHc3oPDIzN14cJ1JazJxcf9JwN/view?usp=drive_link,200,1,2026-09-05
district-budget/docs/fy27-budget-projections-as-of-3-16-26-with-restorations.pdf,theirs,1,https://drive.google.com/file/d/1l3RgnfbIHwja_OAI1QFERj9mmIe-NYd9/view?usp=drive_link,200,1,2026-09-05
town-budget/docs/3769-fy-2027-operating-budgets-balanced-tier-1-tier2.pdf,theirs,3,https://www.lunenburgma.gov/DocumentCenter/View/3769,200,1,2026-09-05
town-budget/docs/4090-click-here-for-a-release-on-quot-understanding-lunenburg-apos-s-fy27-budget-how-.pdf,theirs,3,https://www.lunenburgma.gov/DocumentCenter/View/4090,200,1,2026-09-05
town-supplementary/docs/town-2026-election-unofficial-results.pdf,theirs,3,https://www.lunenburgma.gov/DocumentCenter/View/4193,200,1,2026-09-05
town-budget/docs/3765-town-meeting-booklet-including-warrant.pdf,theirs,2,https://www.lunenburgma.gov/DocumentCenter/View/3765,200,1,2026-09-05
town-budget/docs/4082-fy-2027-detailed-budget.pdf,theirs,2,https://www.lunenburgma.gov/DocumentCenter/View/4082,200,1,2026-09-05
town-budget/docs/4111-article-13-fy-2027-capital-plan.pdf,theirs,1,https://www.lunenburgma.gov/DocumentCenter/View/4111,200,1,2026-09-05
town-budget/docs/4161-2026-annual-town-election-warrant.pdf,theirs,1,https://www.lunenburgma.gov/DocumentCenter/View/4161,200,1,2026-09-05
dese/district-spending-categories.csv,theirs,3,https://educationtocareer.data.mass.gov/resource/er3w-dyti.csv?DIST_CODE=01620000&$limit=5000,200,1,2026-09-05
town-budget/docs/tax-classification-fy23.pdf,theirs,3,https://www.lunenburgma.gov/DocumentCenter/View/138,200,1,2026-09-05
budget-workbooks/dese-all-districts.xlsx,theirs,3,https://educationtocareer.data.mass.gov/d/er3w-dyti,200,1,2026-09-05
budget-workbooks/ch70-fy27-summary.xlsx,theirs,3,https://www.doe.mass.edu/finance/chapter70/fy2027/p-summary-district.xlsx,200,1,2026-09-05
town-budget/docs/1591-town-revenue-amp-proposition-2-5-presentation.pdf,theirs,2,https://www.lunenburgma.gov/DocumentCenter/View/1591,200,1,2026-09-05
town-supplementary/docs/assessors-agenda-11-19-2025.pdf,theirs,1,https://www.lunenburgma.gov/AgendaCenter/ViewFile/Agenda/_11192025-7512,200,1,2026-09-05
contracts/pdf/dese-teacher-contract.pdf,theirs,3,https://profiles.doe.mass.edu/statereport/educatorcontractsdownload.aspx?orgcode=01620000&type=T,200,1,2026-09-05
town-supplementary/docs/health-insurance-rates-2025.pdf,theirs,3,https://www.lunenburgma.gov/DocumentCenter/View/225,200,1,2026-09-05
contracts/pdf/custodial-2023-2026.pdf,theirs,2,https://drive.google.com/file/d/1TEAfls-FpbxdztLzjlmUIuXYdO-DUcOp/view,200,1,2026-09-05
contracts/pdf/paraprofessional-fy26-fy28.pdf,theirs,2,https://drive.google.com/file/d/1RIXSUui7D-dSglzXg_yhQRrdXooNRVsc/view,200,1,2026-09-05
contracts/pdf/custodial-moa-2026.pdf,theirs,2,https://drive.google.com/file/d/1sQpGjV0WqURuhcmde6C8qZkrsVoOMJCn/view,200,1,2026-09-05
contracts/pdf/paraprofessional-salary-fy26-fy28.pdf,theirs,2,https://drive.google.com/file/d/1NCXXh3kcYwWamsZu4sJkg6BKSbnJrD2J/view,200,1,2026-09-05
contracts/pdf/dese-administrator-contract.pdf,theirs,1,https://profiles.doe.mass.edu/statereport/educatorcontractsdownload.aspx?orgcode=01620000&type=A,200,1,2026-09-05
contracts/pdf/dese-superintendent-contract.pdf,theirs,1,https://profiles.doe.mass.edu/statereport/educatorcontractsdownload.aspx?orgcode=01620000&type=S,200,1,2026-09-05
contracts/pdf/nonaffiliated-benefits.pdf,theirs,1,https://drive.google.com/file/d/0B-TXWy9uLFrVZlRWd0ctTjg0ZWs/view,401,0,2026-09-05
contracts/pdf/nonaffiliated-salary-schedule.pdf,theirs,1,https://drive.google.com/file/d/0B-TXWy9uLFrVelNCaVFfSnpXbzA/view,401,0,2026-09-05
peers/groton-dunstable-fy27-budget-book.pdf,theirs,3,https://files-backend.assets.thrillshare.com/documents/asset/uploaded_file/2198/Gdrsd/a9c839f0-1ed0-4e9a-b125-32a1c58ca85d/Budget-Book-FY27-01.28.26.pdf,200,1,2026-09-05
peers/ashburnham-westminster-fy27-presentation.pdf,theirs,3,https://files.smartsites.parentsquare.com/6739/ashburnham_westminster_budget27_presentation_1.pdf,200,1,2026-09-05
peers/north-middlesex-finance-subcommittee.pdf,theirs,2,https://resources.finalsite.net/images/v1764774508/nmrsdorg/bregkjqfing6b9eyfqzz/2025-12-01-FinancePacket.pdf,200,1,2026-09-05
peers/ashburnham-westminster-fy27-detail.pdf,theirs,2,https://files.smartsites.parentsquare.com/6739/fy27_budget_detail.pdf,200,1,2026-09-05
peers/ayer-shirley-fy27-expenses.pdf,theirs,2,https://www.ayer.ma.us/DocumentCenter/View/13478,200,1,2026-09-05
peers/wachusett-fy27-budget-presentation.pdf,theirs,2,https://www.rutlandma.gov/DocumentCenter/View/3583,200,1,2026-09-05
district-budget/docs/athletic-program-costs-by-sport.pdf,theirs,3,https://drive.google.com/file/d/1KNp5CK-CELcwLjPDQPpgk1aagkSHC-Du/view?usp=drive_link,200,1,2026-09-05
district-budget/docs/lhs-athletics-faq.pdf,theirs,2,https://tts-livesite.rschooltoday.com/sites/lunenburghs.rschoolteams.com/files/files/Private_User/jbunnell/Frequently%20Asked%20Questions.pdf,200,1,2026-09-05
district-budget/docs/additional-town-revenue-spending-plan.pdf,reference,2,https://drive.google.com/file/d/1siNOaM58z3fUYGOK2F5OWiEzl9wgBfNM/view?usp=drive_link,200,1,2026-09-05
district-budget/docs/athletic-program-costs-by-sport.pdf,reference,2,https://drive.google.com/file/d/1KNp5CK-CELcwLjPDQPpgk1aagkSHC-Du/view?usp=drive_link,200,1,2026-09-05
district-budget/docs/budget-addendum-multi-scenario-financial-analysis.pdf,reference,2,https://drive.google.com/file/d/1lcgzf6W5T36SBgHYUELXhUF7N5g-w320/view?usp=drive_link,200,1,2026-09-05
district-budget/docs/balanced-budget-slides-3-23-26.pdf,reference,2,https://drive.google.com/file/d/1sWH4_mVHc3oPDIzN14cJ1JazJxcf9JwN/view?usp=drive_link,200,1,2026-09-05
district-budget/docs/fy27-budget-projections-as-of-3-16-26-with-restorations.pdf,reference,2,https://drive.google.com/file/d/1l3RgnfbIHwja_OAI1QFERj9mmIe-NYd9/view?usp=drive_link,200,1,2026-09-05
district-budget/docs/fy27-budget-projections-as-of-3-23-26.pdf,reference,2,https://drive.google.com/file/d/1sevLnaVtDTSxrPif9WnVO9LUXFI4AAef/view?usp=drive_link,200,1,2026-09-05
district-budget/docs/final-budget-document.pdf,reference,2,https://drive.google.com/file/d/1wlHAD2YJ1gJ7zQ_F_1n3PiPecEytQdaM/view,200,1,2026-09-05
district-budget/docs/slide-deck-from-the-sc-meeting-3-23-26.pdf,reference,2,https://drive.google.com/file/d/13ofJRpTJWaJ7lZN1ZLjXk8TkhiPt10aZ/view,200,1,2026-09-05
district-budget/docs/3-12-25-town-manager-39-s-budget.pdf,reference,1,https://drive.google.com/file/d/1-VhsxRDJaU2Hq_NWkbDBWy4Gxy6zq8hu/view?usp=drive_link,200,1,2026-09-05
district-budget/docs/budget-hearing-fy20-proposed-lps-budget.pdf,reference,1,https://drive.google.com/open?id=1E8JFnIMnJ5rWUiKzSBrIN4bQ9kJPgyjB,200,1,2026-09-05
district-budget/docs/budget-hearing-fy22-superintendent-39-s-recommended-budget.pdf,reference,1,https://drive.google.com/file/d/1qXW14jN62_E__OK2V2B5rI7_bgsi91z-/view?usp=sharing,200,1,2026-09-05
district-budget/docs/budget-hearing-superintendent-fy22-recommended-budget.pdf,reference,1,https://drive.google.com/file/d/1LuW8loCIeY7VcHgj5NDh8gfY_mpSm4jR/view?usp=sharing,200,1,2026-09-05
district-budget/docs/budget-message-for-families-2-27-26.pdf,reference,1,https://drive.google.com/file/d/1629406huLmh7uEw-owRL-9bu2KEdFwLt/view?usp=drive_link,200,1,2026-09-05
district-budget/docs/community-forums-scheduled-on-school-department-budget.docx,reference,1,https://docs.google.com/document/d/1NrKTOrbVYEEt5tb_WGS3caDkM42oX8ik93RWg26fakE/edit?usp=sharing,200,1,2026-09-05
district-budget/docs/faq-fy25-budget.pdf,reference,1,https://drive.google.com/file/d/1MAq26ixldhSnZ9i6Bh7rjPLUmQBRDDTD/view?usp=drive_link,200,1,2026-09-05
district-budget/docs/final-fy26-town-manager-39-s-target-budget-approved-3-12-25.pdf,reference,1,https://drive.google.com/file/d/1oMrWV7-_K-EYq8ZYxAmoBmU2mSM1XQOJ/view?usp=drive_link,200,1,2026-09-05
district-budget/docs/frequently-asked-questions-november-town-meeting.pdf,reference,1,https://drive.google.com/file/d/1ntDb3MeOIRRLosIF1GqdNMJz6wB5sB68/view?usp=drive_link,200,1,2026-09-05
district-budget/docs/fy-24-budget-update.pdf,reference,1,https://drive.google.com/file/d/1NVY9BY9c_Q0R9uw1w2_S0pUrlHcr8nQJ/view?usp=share_link,200,1,2026-09-05
district-budget/docs/fy18-non-personnel-supt-recommended-budget-revised-6-6-17.pdf,reference,1,https://drive.google.com/file/d/0B9UcBKxgqY3Pc3ZKZ004VWZiRVE/view?usp=sharing,200,1,2026-09-05
district-budget/docs/fy18-personnel-supt-recommended-budget-revised-6-6-17.pdf,reference,1,https://drive.google.com/file/d/0B9UcBKxgqY3PSFFoQ2oyRVJjcFk/view?usp=sharing,200,1,2026-09-05
district-budget/docs/fy19-budget-hearing-document-4-4-18.pdf,reference,1,https://drive.google.com/file/d/1C0zqmCyQN4S_nktpED2ycisfrtzPlGCe/view?usp=sharing,200,1,2026-09-05
district-budget/docs/fy19-final-report.pdf,reference,1,https://drive.google.com/open?id=1iAeGXrjUBda150l6oVg_RAKngZI44SNq,200,1,2026-09-05
district-budget/docs/fy19-proposed-athletics-budget.pdf,reference,1,https://drive.google.com/file/d/1UYTAQzmTbbv2kBVus4zR8lN3i0jqzaTn/view?usp=sharing,200,1,2026-09-05
district-budget/docs/fy19-proposed-elementary-school-budget.pdf,reference,1,https://drive.google.com/file/d/1e-rT_X-9uIY5NiHDKhAJlmqlmZx3Bk32/view?usp=sharing,200,1,2026-09-05
district-budget/docs/fy19-proposed-health-budget.pdf,reference,1,https://drive.google.com/file/d/1d3vq_Ox8kX3bOFk3AVmqOmDUNvKP06pK/view?usp=sharing,200,1,2026-09-05
district-budget/docs/fy19-proposed-high-school-budget.pdf,reference,1,https://drive.google.com/file/d/1t_Uv4FLTdFvqsSiOokeRAubyVAwUUb8J/view?usp=sharing,200,1,2026-09-05
district-budget/docs/fy19-proposed-maintenance-budget.pdf,reference,1,https://drive.google.com/file/d/1_c5j70z6xl22mv84TptHXP5Ioj-8hzc-/view?usp=sharing,200,1,2026-09-05
district-budget/docs/fy19-proposed-middle-school-budget.pdf,reference,1,https://drive.google.com/file/d/1Wkm4BZBAUrAxu8B2HFmg_g83CX4M5dfH/view?usp=sharing,200,1,2026-09-05
district-budget/docs/fy19-proposed-primary-school-budget.pdf,reference,1,https://drive.google.com/file/d/1ghfEP1OAmsD3_3VJhWijBD0oTlJFcMMO/view?usp=sharing,200,1,2026-09-05
district-budget/docs/fy19-proposed-special-services-budget.pdf,reference,1,https://drive.google.com/file/d/1X2KXosx0p75RgCZ1fBSuywlmeeL0nQ04/view?usp=sharing,200,1,2026-09-05
district-budget/docs/fy19-proposed-technology-budget.pdf,reference,1,https://drive.google.com/file/d/1jWw7xlJ0pwVX8L9HNVvn5-gqGu9_a7f0/view?usp=sharing,200,1,2026-09-05
district-budget/docs/fy19-school-department-proposed-budget-for-budget-hearing-updated-3-30.pdf,reference,1,https://drive.google.com/file/d/1y3LVA_hxJR5tT-FNmLDH4NwkW2Wrc5Lp/view?usp=sharing,200,1,2026-09-05
district-budget/docs/fy19-school-dept-budget-approved-6-20-18.pdf,reference,1,https://drive.google.com/file/d/1n5zdl-5S9e733CLpKMaUPw_bozfoV8Na/view?usp=sharing,200,1,2026-09-05
district-budget/docs/fy19-school-level-service-budget-3.pdf,reference,1,https://drive.google.com/file/d/1skXK_5dwnGzE4i2C89Zn6dE4v_AjJcS2/view?usp=sharing,200,1,2026-09-05
district-budget/docs/fy19-supt-proposed-expense-budget.pdf,reference,1,https://drive.google.com/file/d/1qRQthVwrMOc6uP-L5707WJUO6m_twKls/view?usp=sharing,200,1,2026-09-05
district-budget/docs/fy19-supt-proposed-personnel-budget.pdf,reference,1,https://drive.google.com/file/d/1hFapn8xWkG3SH_Hbqkhte-SNm2dIlidN/view?usp=sharing,200,1,2026-09-05
district-budget/docs/fy20-budget-update-recommended-reductions-as-of-february-6-2019.pdf,reference,1,https://drive.google.com/open?id=1OB-9wRp0Th0WXiRoNOVI8_-UTvTIECjl,200,1,2026-09-05
district-budget/docs/fy20-budget-update-recommended-reductions-as-of-march-6-2019.pdf,reference,1,https://drive.google.com/open?id=1dFjZ5KC-RamQDuWF8luyjLkFqRZFriOk,200,1,2026-09-05
district-budget/docs/fy21-approved-school-budget-6-13-20.pdf,reference,1,https://drive.google.com/file/d/1PWvp7zV7GQZOgyHGUbtCOBkYqfjvgGL2/view?usp=sharing,200,1,2026-09-05
district-budget/docs/fy21-proposed-budget-april-29-2020.pdf,reference,1,https://drive.google.com/file/d/1tDxM8D2oQ7BuKt5gGiBzxOQkVJl4Xv_g/view?usp=sharing,200,1,2026-09-05
district-budget/docs/fy21-recommended-budget-presentation-4-22-20.pdf,reference,1,https://drive.google.com/file/d/10nNbD6OYmngwxKH-pk-6k2Ukg3dDQeAs/view?usp=sharing,200,1,2026-09-05
district-budget/docs/fy22-budget-schedule.pdf,reference,1,https://drive.google.com/file/d/1Glo6BCEQDJaeadnyyLUQ2kU3V4BTZfzI/view?usp=sharing,200,1,2026-09-05
district-budget/docs/fy23-approved-budget.pdf,reference,1,https://drive.google.com/file/d/1yfaOxs0XQQXVYqzbNcUUW2VjRs3tuU1s/view?usp=sharing,200,1,2026-09-05
district-budget/docs/fy23-quarterly-budget-update.pdf,reference,1,https://drive.google.com/file/d/1nPw70g2flOz0puiMHr6VF9uFKGXadx3V/view?usp=share_link,200,1,2026-09-05
district-budget/docs/fy23-superintendent-recommended-budget.pdf,reference,1,https://drive.google.com/file/d/1jfrcOR8NPIC2oGzaqljQfT1SWk5j-aiy/view?usp=sharing,200,1,2026-09-05
district-budget/docs/fy23-superintendent-recommended-budget-presentation.pdf,reference,1,https://drive.google.com/file/d/1at7iih46R1xhKWdkt4hCj7p_kYEHQiAf/view?usp=sharing,200,1,2026-09-05
district-budget/docs/fy24-approved-budget.pdf,reference,1,https://drive.google.com/file/d/1oa9cOCN1sII1tuN54HBQsSaRQLEztPU1/view?usp=drive_link,200,1,2026-09-05
district-budget/docs/fy24-superintendent-39-s-recommended-budget-presentation.pdf,reference,1,https://drive.google.com/file/d/1fC_PanG7-TaLR84WdJpi1P1_ujSqEnvZ/view?usp=share_link,200,1,2026-09-05
district-budget/docs/fy25-final-approved-budget-expenses-6-5-24.pdf,reference,1,https://drive.google.com/file/d/1wNnSwruB8KuJ4S3hlYucLSU4AXSViKYe/view?usp=drive_link,200,1,2026-09-05
district-budget/docs/fy25-final-approved-budget-salaries-6-5-24.pdf,reference,1,https://drive.google.com/file/d/1nOiywE7p55WfOFbfXnGRP1yxX52wuppG/view?usp=drive_link,200,1,2026-09-05
district-budget/docs/fy25-recommended-budget-5-52.pdf,reference,1,https://drive.google.com/file/d/10jitFzL5x1sKBYeZswgFLgdsX4Wnj3Rz/view?usp=drive_link,200,1,2026-09-05
district-budget/docs/fy25-recommended-budget-update-with-needs-based-budget.pdf,reference,1,https://drive.google.com/file/d/1UhZyJd2AZhAQY4kzrZuSMAyEknZVWR9q/view?usp=drive_link,200,1,2026-09-05
district-budget/docs/fy25-superintendent-39-s-budget-update.pdf,reference,1,https://drive.google.com/file/d/1yJNhIyBLVT8mu4GeJuQSjniKCPA41Oyq/view?usp=drive_link,200,1,2026-09-05
district-budget/docs/fy26-level-service-budget-presentation.pdf,reference,1,https://drive.google.com/file/d/1hJagPg9F_zZJ813J5IiiXnkBnsAxswl6/view?usp=drive_link,200,1,2026-09-05
district-budget/docs/fy26-school-department-budget-fincomm.pdf,reference,1,https://drive.google.com/file/d/10559_Enqo5Aps8Th04CpWu--1d9VC5It/view?usp=drive_link,200,1,2026-09-05
district-budget/docs/fy26-school-dept-approved-budget-3-12-25.pdf,reference,1,https://drive.google.com/file/d/1ivO3-ZAKXtu0VEJuI7qDv8xEagit_jRq/view?usp=drive_link,200,1,2026-09-05
district-budget/docs/fy26-superintendent-39-s-proposed-budget-2-26-25-updated-3-12-25.pdf,reference,1,https://drive.google.com/file/d/14AXiUuLT-jLkmR7YxlzWwjVBzsxK8i_h/view?usp=drive_link,200,1,2026-09-05
district-budget/docs/fy26-superintendent-39-s-proposed-budget-2-26-25-updated-3-12-25.pdf,reference,1,https://drive.google.com/file/d/1sqlWrNsH43AE8JqAAnqNPpOt1mi3gCDU/view?usp=drive_link,200,1,2026-09-05
district-budget/docs/fy26-superintendent-39-s-proposed-budget-presentation-1-22-25.pdf,reference,1,https://drive.google.com/file/d/1NIFFAn6bpI5cKGdoQokdDhPQo3XyG8X4/view?usp=drive_link,200,1,2026-09-05
district-budget/docs/fy26-town-manager-39-s-target-budget-2-5-25-presentation.pdf,reference,1,https://drive.google.com/file/d/1OK-Zvco1_7bAswJc2uejSOhYhh3sBcu2/view?usp=drive_link,200,1,2026-09-05
district-budget/docs/fy27-budget-presentation-to-finance-committee-2-26-26.pdf,reference,1,https://drive.google.com/file/d/1pIqD4oqA7b7XyX0MmzUQbh69eHHpRKob/view?usp=drive_link,200,1,2026-09-05
district-budget/docs/fy27-budget-projections-as-of-2-16-26-with-restorations.pdf,reference,1,https://drive.google.com/file/d/1xuHmqyZwjzmPJhaBdhCa-w7Ztcl-SHjP/view?usp=drive_link,200,1,2026-09-05
district-budget/docs/fy27-budget-projections-as-of-2-24-26-with-restorations.pdf,reference,1,https://drive.google.com/file/d/1cuDxh8j84J6R6O7-GwT0kVhvCCPY4qkX/view?usp=drive_link,200,1,2026-09-05
district-budget/docs/fy27-superintendent-budget-presentation.pdf,reference,1,https://drive.google.com/file/d/1ULXk_7YVRsfvEUaO7tUCyvYc36XxVbOJ/view?usp=drive_link,200,1,2026-09-05
district-budget/docs/final-fy25-budget-4-3-24.pdf,reference,1,https://drive.google.com/file/d/1zSAyQgXF8M99F-bgkgpG94rHF26-Y4IZ/view?usp=drive_link,200,1,2026-09-05
district-budget/docs/final-fy26-sc-approved-budget-3-12-25-with-level-service-budget.pdf,reference,1,https://drive.google.com/file/d/1rJRsQvLZtRqw5-KHvQb4jlCuZCm_nj1e/view?usp=drive_link,200,1,2026-09-05
district-budget/docs/final-fy26-town-manager-39-s-target-budget.pdf,reference,1,https://drive.google.com/file/d/1YjS4-FaFA5Zy-ZGy6pnkTF3myneKPsq0/view?usp=drive_link,200,1,2026-09-05
district-budget/docs/free-cash-presentation.pdf,reference,1,https://drive.google.com/file/d/1rdtrb2Llu5ILfKDY-4pV3Haz0_BqgRwT/view?usp=drive_link,200,1,2026-09-05
district-budget/docs/lunenburg-school-committee-override-statement.pdf,reference,1,https://drive.google.com/file/d/1pR-jBGbi7SFv2ZEdYRE1BTejU37PeqnK/view?usp=drive_link,200,1,2026-09-05
district-budget/docs/notice-of-public-budget-hearing-2-25.pdf,reference,1,https://drive.google.com/file/d/1E2_Uk0p5EpaXRBrwTUoErZ-22ASxAnAM/view?usp=drive_link,200,1,2026-09-05
district-budget/docs/notice-of-budget-hearing-3-16-22.pdf,reference,1,https://drive.google.com/file/d/16Fi9dvsxHJORgAqgsIBjchsQGD8_XKHR/view?usp=sharing,200,1,2026-09-05
district-budget/docs/notice-of-budget-hearing-april-29-2020.bin,reference,1,https://drive.google.com/file/d/10ks_7K772Qevdw6oEJeSQvQlMAD5k2uW/view?usp=sharing,401,0,2026-09-05
district-budget/docs/notice-of-public-hearing-fy20-budget.pdf,reference,1,https://drive.google.com/open?id=1XK3NgvlkLDMZ4oGt0pUzAvX21JrM4hM8,200,1,2026-09-05
district-budget/docs/school-committee-approved-fy26-budget-personnel-cuts.pdf,reference,1,https://drive.google.com/file/d/1ncK3VLbUe0Cr7d92ePey7uDS3r8wQr37/view?usp=drive_link,200,1,2026-09-05
district-budget/docs/school-department-fy26-budget-overview.pdf,reference,1,https://drive.google.com/file/d/1XrQR-5AfKCXeg6Hhv_pGg9Wf38_jvzYq/view?usp=drive_link,200,1,2026-09-05
district-budget/docs/summary-page-tm-target-budget-needs-based-level-service.pdf,reference,1,https://drive.google.com/file/d/1WkxOrEVlKCN290Sh04dltCB0jbY_3HcE/view?usp=drive_link,200,1,2026-09-05
district-budget/docs/superintendent-39-s-fy21-budget-identified-needs.pdf,reference,1,https://drive.google.com/file/d/1gySzdcYy5vJO1BDTR2F3rHOXFMEbQqUc/view?usp=sharing,200,1,2026-09-05
district-budget/docs/superintendent-39-s-proposed-budget.docx,reference,1,https://docs.google.com/document/d/1N4rN27vN6JIMB8zc4h0RJ0E5K0Yg6Jfcs3-TqZwdM-Y/edit?usp=sharing,200,1,2026-09-05
district-budget/docs/superintendent-s-budget-recommendations.docx,reference,1,https://docs.google.com/document/d/1RsIjaplMSrIRN1mqLEmDZGgHdLbh_oEkGc0CIl-qO8w/edit?usp=sharing,200,1,2026-09-05
district-budget/docs/superintendent-s-proposed-fy21-budget-presentation.pdf,reference,1,https://drive.google.com/open?id=12yhM5zdKSwBe0Z4_u_vnna13-xeCzTE4,200,1,2026-09-05
district-budget/docs/superintendent-s-recommended-fy20-budget-presentation.pdf,reference,1,https://drive.google.com/file/d/1TzaN2O5zfqtpxcFNyWvg0Xq-oMpfxQm2/view?usp=sharing,200,1,2026-09-05
district-budget/docs/tm-budget-side-by-side-view.pdf,reference,1,https://drive.google.com/file/d/1n6at46DkLQNADdDf3PPH8_UHekAB83k5/view?usp=drive_link,200,1,2026-09-05
district-budget/docs/tm-budget-updated-3-12-25.pdf,reference,1,https://drive.google.com/file/d/1gnnCgpWTL0HptwK1tG8EF1DoqYOeDSWf/view?usp=drive_link,200,1,2026-09-05
district-budget/docs/the-tale-of-our-ten-districts.pdf,reference,1,https://drive.google.com/file/d/1gxlUL-yGdEjmSxcxIXplpjEu17UeI598/view?usp=sharing,200,1,2026-09-05
district-budget/docs/town-meeting-budget-presentation.pdf,reference,1,https://drive.google.com/file/d/1ciEXB4jOhnQ4pIpMwHtQnKm0b-AeM9Ay/view?usp=sharing,200,1,2026-09-05
district-budget/docs/town-meeting-fy20-budget-documents.pdf,reference,1,https://drive.google.com/file/d/1CLVdMtkGvtvtHoNJPBL6YEulsEh4OhHO/view?usp=sharing,200,1,2026-09-05
district-budget/docs/updated-town-manager-39-s-budget-sheets-2-66-2-5-25.xlsx,reference,1,https://docs.google.com/spreadsheets/d/1-51ZwN7Bb9qrnM3bPrMMdXveWfrxJq5c/edit?usp=drive_link&amp;ouid=115866774118931112779&amp;rtpof=true&amp;sd=true,200,1,2026-09-05
town-budget/docs/4161-2026-annual-town-election-warrant.pdf,reference,2,https://www.lunenburgma.gov/DocumentCenter/View/4161,200,1,2026-09-05
town-budget/docs/4111-article-13-fy-2027-capital-plan.pdf,reference,2,https://www.lunenburgma.gov/DocumentCenter/View/4111,200,1,2026-09-05
town-budget/docs/4090-click-here-for-a-release-on-quot-understanding-lunenburg-apos-s-fy27-budget-how-.pdf,reference,2,https://www.lunenburgma.gov/DocumentCenter/View/4090,200,1,2026-09-05
town-budget/docs/4082-fy-2027-detailed-budget.pdf,reference,2,https://www.lunenburgma.gov/DocumentCenter/View/4082,200,1,2026-09-05
town-budget/docs/3769-fy-2027-operating-budgets-balanced-tier-1-tier2.pdf,reference,2,https://www.lunenburgma.gov/DocumentCenter/View/3769,200,1,2026-09-05
town-budget/docs/3765-town-meeting-booklet-including-warrant.pdf,reference,2,https://www.lunenburgma.gov/DocumentCenter/View/3765,200,1,2026-09-05
town-budget/docs/1591-town-revenue-amp-proposition-2-5-presentation.pdf,reference,2,https://www.lunenburgma.gov/DocumentCenter/View/1591,200,1,2026-09-05
town-budget/docs/394-1-40-school-resource-officer-pdf.pdf,reference,1,https://www.lunenburgma.gov/DocumentCenter/View/394,200,1,2026-09-05
town-budget/docs/2504-2-3-25-assessor-conference-presentation-pdf.pdf,reference,1,https://www.lunenburgma.gov/DocumentCenter/View/2504,200,1,2026-09-05
town-budget/docs/a162-2015-may-annual-town-meeting-booklet-pdf.pdf,reference,1,https://www.lunenburgma.gov/ArchiveCenter/ViewFile/Item/162,200,1,2026-09-05
town-budget/docs/a164-2015-november-special-town-meeting-booklet-pdf.pdf,reference,1,https://www.lunenburgma.gov/ArchiveCenter/ViewFile/Item/164,200,1,2026-09-05
town-budget/docs/a163-2016-may-annual-town-meeting-booklet-pdf.pdf,reference,1,https://www.lunenburgma.gov/ArchiveCenter/ViewFile/Item/163,200,1,2026-09-05
town-budget/docs/a165-2016-november-special-town-meeting-booklet-pdf.pdf,reference,1,https://www.lunenburgma.gov/ArchiveCenter/ViewFile/Item/165,200,1,2026-09-05
town-budget/docs/a67-2017-may-annual-town-meeting-booklet-pdf.pdf,reference,1,https://www.lunenburgma.gov/ArchiveCenter/ViewFile/Item/67,200,1,2026-09-05
town-budget/docs/a166-2017-november-special-town-meeting-booklet-pdf.pdf,reference,1,https://www.lunenburgma.gov/ArchiveCenter/ViewFile/Item/166,200,1,2026-09-05
town-budget/docs/a61-2018-may-annual-town-meeting-booklet-pdf.pdf,reference,1,https://www.lunenburgma.gov/ArchiveCenter/ViewFile/Item/61,200,1,2026-09-05
town-budget/docs/a63-2018-november-special-town-meeting-booklet-pdf.pdf,reference,1,https://www.lunenburgma.gov/ArchiveCenter/ViewFile/Item/63,200,1,2026-09-05
town-budget/docs/a62-2019-may-annual-town-meeting-booklet-pdf.pdf,reference,1,https://www.lunenburgma.gov/ArchiveCenter/ViewFile/Item/62,200,1,2026-09-05
town-budget/docs/a167-2019-november-special-town-meeting-booklet-pdf.pdf,reference,1,https://www.lunenburgma.gov/ArchiveCenter/ViewFile/Item/167,200,1,2026-09-05
town-budget/docs/a64-2020-june-annual-town-meeting-booklet-pdf.pdf,reference,1,https://www.lunenburgma.gov/ArchiveCenter/ViewFile/Item/64,200,1,2026-09-05
town-budget/docs/a65-2020-november-special-town-meeting-booklet-pdf.pdf,reference,1,https://www.lunenburgma.gov/ArchiveCenter/ViewFile/Item/65,200,1,2026-09-05
town-budget/docs/a66-2021-may-annual-town-meeting-booklet-pdf.pdf,reference,1,https://www.lunenburgma.gov/ArchiveCenter/ViewFile/Item/66 https://www.lunenburgma.gov/ArchiveCenter/ViewFile/Item/169,000,0,2026-09-05
town-budget/docs/a168-2021-november-special-town-meeting-booklet-pdf.pdf,reference,1,https://www.lunenburgma.gov/ArchiveCenter/ViewFile/Item/168,200,1,2026-09-05
town-budget/docs/a170-2022-may-annual-town-meeting-booklet-pdf.pdf,reference,1,https://www.lunenburgma.gov/ArchiveCenter/ViewFile/Item/170,200,1,2026-09-05
town-budget/docs/a171-2022-november-special-town-meeting-booklet-pdf.pdf,reference,1,https://www.lunenburgma.gov/ArchiveCenter/ViewFile/Item/171,200,1,2026-09-05
town-budget/docs/a172-2023-may-annual-town-meeting-booklet-pdf.pdf,reference,1,https://www.lunenburgma.gov/ArchiveCenter/ViewFile/Item/172,200,1,2026-09-05
town-budget/docs/a173-2023-november-special-town-meeting-booklet-pdf.pdf,reference,1,https://www.lunenburgma.gov/ArchiveCenter/ViewFile/Item/173,200,1,2026-09-05
town-budget/docs/a157-2024-may-annual-town-meeting-booklet-pdf.pdf,reference,1,https://www.lunenburgma.gov/ArchiveCenter/ViewFile/Item/157,200,1,2026-09-05
town-budget/docs/a161-2024-november-special-town-meeting-warrant-booklet-pdf.pdf,reference,1,https://www.lunenburgma.gov/ArchiveCenter/ViewFile/Item/161,200,1,2026-09-05
town-budget/docs/1982-3-25-2024-presentation-how-can-we-help-you-property-tax-exemptions-amp-assistanc.pptx,reference,1,https://www.lunenburgma.gov/DocumentCenter/View/1982,200,1,2026-09-05
town-budget/docs/2086-4-14-sex-offender-audits-pdf.pdf,reference,1,https://www.lunenburgma.gov/DocumentCenter/View/2086,200,1,2026-09-05
town-budget/docs/442-4-38-reserve-officer-hiring-process-pdf.pdf,reference,1,https://www.lunenburgma.gov/DocumentCenter/View/442,200,1,2026-09-05
town-budget/docs/443-4-39-reserve-officer-program-pdf.pdf,reference,1,https://www.lunenburgma.gov/DocumentCenter/View/443,200,1,2026-09-05
town-budget/docs/a120-5-year-financial-forecast-16-20-pdf.pdf,reference,1,https://www.lunenburgma.gov/ArchiveCenter/ViewFile/Item/120,200,1,2026-09-05
town-budget/docs/3781-9-30-25-fy27-preliminary-budget-presentation-pdf.pptx,reference,1,https://www.lunenburgma.gov/DocumentCenter/View/3781,200,1,2026-09-05
town-budget/docs/4113-article-12-capital-program-funding-reauthorization.pdf,reference,1,https://www.lunenburgma.gov/DocumentCenter/View/4113,200,1,2026-09-05
town-budget/docs/4112-article-32-notice-of-town-meeting.pdf,reference,1,https://www.lunenburgma.gov/DocumentCenter/View/4112,200,1,2026-09-05
town-budget/docs/344-bencor-financial-wellness-pdf.pdf,reference,1,https://www.lunenburgma.gov/DocumentCenter/View/344,200,1,2026-09-05
town-budget/docs/3541-board-of-assessors-code-of-conduct-pdf.pdf,reference,1,https://www.lunenburgma.gov/DocumentCenter/View/3541,200,1,2026-09-05
town-budget/docs/3463-bridge-assessment-and-ranking-prepared-for-the-town-of-lunenburg-by-bsc-group-ma.pdf,reference,1,https://www.lunenburgma.gov/DocumentCenter/View/3463,200,1,2026-09-05
town-budget/docs/187-conflict-of-interest-financial-disclosure-pdf.pdf,reference,1,https://www.lunenburgma.gov/DocumentCenter/View/187,200,1,2026-09-05
town-budget/docs/4117-fy-2011-annual-town-report.pdf,reference,1,https://www.lunenburgma.gov/DocumentCenter/View/4117 https://www.lunenburgma.gov/ArchiveCenter/ViewFile/Item/121,000,0,2026-09-05
town-budget/docs/4118-fy-2012-annual-town-report.pdf,reference,1,https://www.lunenburgma.gov/DocumentCenter/View/4118 https://www.lunenburgma.gov/ArchiveCenter/ViewFile/Item/124,000,0,2026-09-05
town-budget/docs/4119-fy-2013-annual-town-report.pdf,reference,1,https://www.lunenburgma.gov/DocumentCenter/View/4119 https://www.lunenburgma.gov/ArchiveCenter/ViewFile/Item/125,000,0,2026-09-05
town-budget/docs/4120-fy-2014-annual-town-report.pdf,reference,1,https://www.lunenburgma.gov/DocumentCenter/View/4120 https://www.lunenburgma.gov/ArchiveCenter/ViewFile/Item/126,000,0,2026-09-05
town-budget/docs/4121-fy-2015-annual-town-report.pdf,reference,1,https://www.lunenburgma.gov/DocumentCenter/View/4121 https://www.lunenburgma.gov/ArchiveCenter/ViewFile/Item/127,000,0,2026-09-05
town-budget/docs/4123-fy-2016-annual-town-report.pdf,reference,1,https://www.lunenburgma.gov/DocumentCenter/View/4123 https://www.lunenburgma.gov/ArchiveCenter/ViewFile/Item/132,000,0,2026-09-05
town-budget/docs/4122-fy-2016-annual-town-report-addendum.pdf,reference,1,https://www.lunenburgma.gov/DocumentCenter/View/4122,200,1,2026-09-05
town-budget/docs/4124-fy-2017-annual-town-report.pdf,reference,1,https://www.lunenburgma.gov/DocumentCenter/View/4124 https://www.lunenburgma.gov/ArchiveCenter/ViewFile/Item/128,000,0,2026-09-05
town-budget/docs/4125-fy-2018-annual-town-report.pdf,reference,1,https://www.lunenburgma.gov/DocumentCenter/View/4125 https://www.lunenburgma.gov/ArchiveCenter/ViewFile/Item/129,000,0,2026-09-05
town-budget/docs/4126-fy-2019-annual-town-report.pdf,reference,1,https://www.lunenburgma.gov/DocumentCenter/View/4126 https://www.lunenburgma.gov/ArchiveCenter/ViewFile/Item/130,000,0,2026-09-05
town-budget/docs/4127-fy-2020-annual-town-report.pdf,reference,1,https://www.lunenburgma.gov/DocumentCenter/View/4127 https://www.lunenburgma.gov/ArchiveCenter/ViewFile/Item/131,000,0,2026-09-05
town-budget/docs/4128-fy-2021-annual-town-report.pdf,reference,1,https://www.lunenburgma.gov/DocumentCenter/View/4128 https://www.lunenburgma.gov/ArchiveCenter/ViewFile/Item/122,000,0,2026-09-05
town-budget/docs/4129-fy-2022-annual-town-report.pdf,reference,1,https://www.lunenburgma.gov/DocumentCenter/View/4129 https://www.lunenburgma.gov/ArchiveCenter/ViewFile/Item/123,000,0,2026-09-05
town-budget/docs/4131-fy-2023-annual-town-report.pdf,reference,1,https://www.lunenburgma.gov/DocumentCenter/View/4131 https://www.lunenburgma.gov/ArchiveCenter/ViewFile/Item/160,000,0,2026-09-05
town-budget/docs/373-fy-2023-budget-narrative-pdf.pdf,reference,1,https://www.lunenburgma.gov/DocumentCenter/View/373,200,1,2026-09-05
town-budget/docs/374-fy-2023-budget-presentation-pdf.pdf,reference,1,https://www.lunenburgma.gov/DocumentCenter/View/374,200,1,2026-09-05
town-budget/docs/4132-fy-2024-annual-town-report.pdf,reference,1,https://www.lunenburgma.gov/DocumentCenter/View/4132 https://www.lunenburgma.gov/ArchiveCenter/ViewFile/Item/211,000,0,2026-09-05
town-budget/docs/4130-fy-2025-annual-town-report.pdf,reference,1,https://www.lunenburgma.gov/DocumentCenter/View/4130 https://www.lunenburgma.gov/ArchiveCenter/ViewFile/Item/213,000,0,2026-09-05
town-budget/docs/a202-fy18-capital-plan-presentation-pdf.pdf,reference,1,https://www.lunenburgma.gov/ArchiveCenter/ViewFile/Item/202,200,1,2026-09-05
town-budget/docs/a53-fy19-budget-handout-for-annual-town-meeting-xlsx.xlsx,reference,1,https://www.lunenburgma.gov/ArchiveCenter/ViewFile/Item/53,200,1,2026-09-05
town-budget/docs/a182-fy19-capital-plan-presentation-pdf.pdf,reference,1,https://www.lunenburgma.gov/ArchiveCenter/ViewFile/Item/182,200,1,2026-09-05
town-budget/docs/a181-fy19-fire-department-budget-presentation-pdf.pdf,reference,1,https://www.lunenburgma.gov/ArchiveCenter/ViewFile/Item/181,200,1,2026-09-05
town-budget/docs/a190-fy19-fy23-financial-forecast-presentation-pdf.pdf,reference,1,https://www.lunenburgma.gov/ArchiveCenter/ViewFile/Item/190,200,1,2026-09-05
town-budget/docs/a89-fy20-budget-message-and-proposal-pdf.pdf,reference,1,https://www.lunenburgma.gov/ArchiveCenter/ViewFile/Item/89,200,1,2026-09-05
town-budget/docs/a88-fy20-capital-plan-presentation-pdf.pdf,reference,1,https://www.lunenburgma.gov/ArchiveCenter/ViewFile/Item/88,200,1,2026-09-05
town-budget/docs/a183-fy20-land-use-director-symposium-presentation-pdf.pdf,reference,1,https://www.lunenburgma.gov/ArchiveCenter/ViewFile/Item/183,200,1,2026-09-05
town-budget/docs/a90-fy20-line-item-budget-pdf.pdf,reference,1,https://www.lunenburgma.gov/ArchiveCenter/ViewFile/Item/90,200,1,2026-09-05
town-budget/docs/a87-fy20-preliminary-budget-presentation-pdf.pdf,reference,1,https://www.lunenburgma.gov/ArchiveCenter/ViewFile/Item/87,200,1,2026-09-05
town-budget/docs/a91-fy20-preliminary-budget-revenue-expense-sheet-pdf.pdf,reference,1,https://www.lunenburgma.gov/ArchiveCenter/ViewFile/Item/91,200,1,2026-09-05
town-budget/docs/a184-fy20-school-superintendent-symposium-presentation-pdf.pdf,reference,1,https://www.lunenburgma.gov/ArchiveCenter/ViewFile/Item/184,200,1,2026-09-05
town-budget/docs/a185-fy20-town-manager-symposium-presentation-pdf.pdf,reference,1,https://www.lunenburgma.gov/ArchiveCenter/ViewFile/Item/185,200,1,2026-09-05
town-budget/docs/a191-fy20-fy24-financial-forecast-presentation-pdf.pdf,reference,1,https://www.lunenburgma.gov/ArchiveCenter/ViewFile/Item/191,200,1,2026-09-05
town-budget/docs/a192-fy21-fy25-financial-forecast-presentation-pdf.pdf,reference,1,https://www.lunenburgma.gov/ArchiveCenter/ViewFile/Item/192,200,1,2026-09-05
town-budget/docs/a193-fy22-fy26-financial-forecast-presentation-pdf.pdf,reference,1,https://www.lunenburgma.gov/ArchiveCenter/ViewFile/Item/193,200,1,2026-09-05
town-budget/docs/a75-fy23-capital-plan-presentation-pdf.pdf,reference,1,https://www.lunenburgma.gov/ArchiveCenter/ViewFile/Item/75,200,1,2026-09-05
town-budget/docs/2420-fy23-lunenburg-financial-statements.pdf,reference,1,https://www.lunenburgma.gov/DocumentCenter/View/2420,200,1,2026-09-05
town-budget/docs/a73-fy23-preliminary-budget-message-pdf.pdf,reference,1,https://www.lunenburgma.gov/ArchiveCenter/ViewFile/Item/73,200,1,2026-09-05
town-budget/docs/a74-fy23-preliminary-budget-presentation-pdf.pdf,reference,1,https://www.lunenburgma.gov/ArchiveCenter/ViewFile/Item/74,200,1,2026-09-05
town-budget/docs/a72-fy23-preliminary-budget-revenue-expense-sheet-pdf.pdf,reference,1,https://www.lunenburgma.gov/ArchiveCenter/ViewFile/Item/72,200,1,2026-09-05
town-budget/docs/a194-fy24-composite-project-ranking-by-capital-planning-committee-pdf.pdf,reference,1,https://www.lunenburgma.gov/ArchiveCenter/ViewFile/Item/194,200,1,2026-09-05
town-budget/docs/a108-fy24-council-on-aging-budget-presentation-pdf.pdf,reference,1,https://www.lunenburgma.gov/ArchiveCenter/ViewFile/Item/108,200,1,2026-09-05
town-budget/docs/a104-fy24-dpw-budget-presentation-pdf.pdf,reference,1,https://www.lunenburgma.gov/ArchiveCenter/ViewFile/Item/104,200,1,2026-09-05
town-budget/docs/a107-fy24-facilities-budget-presentation-pdf.pdf,reference,1,https://www.lunenburgma.gov/ArchiveCenter/ViewFile/Item/107,200,1,2026-09-05
town-budget/docs/a106-fy24-finance-committee-budget-presentation-pdf.pdf,reference,1,https://www.lunenburgma.gov/ArchiveCenter/ViewFile/Item/106,200,1,2026-09-05
town-budget/docs/a111-fy24-finance-committee-budget-presentation-schedule-and-public-hearing-date-pdf.pdf,reference,1,https://www.lunenburgma.gov/ArchiveCenter/ViewFile/Item/111,200,1,2026-09-05
town-budget/docs/a109-fy24-fire-department-budget-presentation-pdf.pdf,reference,1,https://www.lunenburgma.gov/ArchiveCenter/ViewFile/Item/109 https://www.lunenburgma.gov/ArchiveCenter/ViewFile/Item/158,000,0,2026-09-05
town-budget/docs/a105-fy24-it-budget-presentation-pdf.pdf,reference,1,https://www.lunenburgma.gov/ArchiveCenter/ViewFile/Item/105,200,1,2026-09-05
town-budget/docs/a99-fy24-land-use-budget-presentation-pdf.pdf,reference,1,https://www.lunenburgma.gov/ArchiveCenter/ViewFile/Item/99,200,1,2026-09-05
town-budget/docs/a101-fy24-monty-tech-budget-presentation-pdf.pdf,reference,1,https://www.lunenburgma.gov/ArchiveCenter/ViewFile/Item/101,200,1,2026-09-05
town-budget/docs/a103-fy24-monty-tech-budget-for-public-hearing-march-08-2023-pdf.pdf,reference,1,https://www.lunenburgma.gov/ArchiveCenter/ViewFile/Item/103,200,1,2026-09-05
town-budget/docs/1777-fy24-police-budget-attachment-a-10-year-additional-officer-plan.pdf,reference,1,https://www.lunenburgma.gov/DocumentCenter/View/1777,200,1,2026-09-05
town-budget/docs/1778-fy24-police-budget-attachment-b-budget-line-items.pdf,reference,1,https://www.lunenburgma.gov/DocumentCenter/View/1778,200,1,2026-09-05
town-budget/docs/1779-fy24-police-budget-attachment-c-overtime-calculations.pdf,reference,1,https://www.lunenburgma.gov/DocumentCenter/View/1779,200,1,2026-09-05
town-budget/docs/1780-fy24-police-budget-narrative.pdf,reference,1,https://www.lunenburgma.gov/DocumentCenter/View/1780,200,1,2026-09-05
town-budget/docs/1781-fy24-police-budget-presentation.pdf,reference,1,https://www.lunenburgma.gov/DocumentCenter/View/1781 https://www.lunenburgma.gov/ArchiveCenter/ViewFile/Item/102,000,0,2026-09-05
town-budget/docs/a98-fy24-public-access-budget-presentation-pdf.pdf,reference,1,https://www.lunenburgma.gov/ArchiveCenter/ViewFile/Item/98,200,1,2026-09-05
town-budget/docs/a189-fy24-revenue-expense-worksheet-february-16-2023-pdf.pdf,reference,1,https://www.lunenburgma.gov/ArchiveCenter/ViewFile/Item/189,200,1,2026-09-05
town-budget/docs/3003-fy24-state-budget-municipal-investments-by-kp-law-pdf.pdf,reference,1,https://www.lunenburgma.gov/DocumentCenter/View/3003,200,1,2026-09-05
town-budget/docs/a100-fy24-superintendent-s-proposed-budget-pdf.pdf,reference,1,https://www.lunenburgma.gov/ArchiveCenter/ViewFile/Item/100,200,1,2026-09-05
town-budget/docs/a195-fy24-town-manager-capital-plan-presentation-pdf.pdf,reference,1,https://www.lunenburgma.gov/ArchiveCenter/ViewFile/Item/195,200,1,2026-09-05
town-budget/docs/a186-fy24-town-manager-preliminary-budget-line-item-detail-pdf.pdf,reference,1,https://www.lunenburgma.gov/ArchiveCenter/ViewFile/Item/186,200,1,2026-09-05
town-budget/docs/a187-fy24-town-manager-preliminary-budget-message-and-proposal-pdf.pdf,reference,1,https://www.lunenburgma.gov/ArchiveCenter/ViewFile/Item/187,200,1,2026-09-05
town-budget/docs/a188-fy24-town-manager-preliminary-budget-presentation-pdf.pdf,reference,1,https://www.lunenburgma.gov/ArchiveCenter/ViewFile/Item/188,200,1,2026-09-05
town-budget/docs/2419-fy24-year-end-report.pdf,reference,1,https://www.lunenburgma.gov/DocumentCenter/View/2419,200,1,2026-09-05
town-budget/docs/a110-fy24-fy28-superintendent-s-projected-identified-needs-pdf.pdf,reference,1,https://www.lunenburgma.gov/ArchiveCenter/ViewFile/Item/110,200,1,2026-09-05
town-budget/docs/a196-fy24-fy33-dpw-equipment-capital-plan-presentation-pdf.pdf,reference,1,https://www.lunenburgma.gov/ArchiveCenter/ViewFile/Item/196,200,1,2026-09-05
town-budget/docs/a197-fy24-fy33-dpw-infrastructure-capital-plan-presentation-pdf.pdf,reference,1,https://www.lunenburgma.gov/ArchiveCenter/ViewFile/Item/197,200,1,2026-09-05
town-budget/docs/a198-fy24-fy33-facilities-capital-plan-presentation-pdf.pdf,reference,1,https://www.lunenburgma.gov/ArchiveCenter/ViewFile/Item/198,200,1,2026-09-05
town-budget/docs/a199-fy24-fy33-fire-department-capital-plan-presentation-pdf.pdf,reference,1,https://www.lunenburgma.gov/ArchiveCenter/ViewFile/Item/199,200,1,2026-09-05
town-budget/docs/a200-fy24-fy33-police-department-capital-plan-presentation-pdf.pdf,reference,1,https://www.lunenburgma.gov/ArchiveCenter/ViewFile/Item/200,200,1,2026-09-05
town-budget/docs/a201-fy24-fy33-rating-criteria-used-for-capital-plan-requests-pdf.pdf,reference,1,https://www.lunenburgma.gov/ArchiveCenter/ViewFile/Item/201,200,1,2026-09-05
town-budget/docs/a135-fy25-budget-message-and-proposal-for-bos-and-fc.pdf,reference,1,https://www.lunenburgma.gov/ArchiveCenter/ViewFile/Item/135,200,1,2026-09-05
town-budget/docs/2499-fy25-governor-awards-lunenburg-fd-state-firefighter-safety-grant-pdf.pdf,reference,1,https://www.lunenburgma.gov/DocumentCenter/View/2499,200,1,2026-09-05
town-budget/docs/1782-fy25-police-budget-table-of-contents.pdf,reference,1,https://www.lunenburgma.gov/DocumentCenter/View/1782,200,1,2026-09-05
town-budget/docs/a133-fy25-preliminary-budget-documents.zip,reference,1,https://www.lunenburgma.gov/ArchiveCenter/ViewFile/Item/133,200,1,2026-09-05
town-budget/docs/a136-fy25-preliminary-budget-presentation-to-fincomm-and-sb-2-15-24.pdf,reference,1,https://www.lunenburgma.gov/ArchiveCenter/ViewFile/Item/136,200,1,2026-09-05
town-budget/docs/1352-fy25-snow-and-ice-vendor-agreement.pdf,reference,1,https://www.lunenburgma.gov/DocumentCenter/View/1352,200,1,2026-09-05
town-budget/docs/a137-fy25-town-manager-s-line-item-detail-and-revenue-expense-worksheet-2-13-24.pdf,reference,1,https://www.lunenburgma.gov/ArchiveCenter/ViewFile/Item/137,200,1,2026-09-05
town-budget/docs/a138-fy25-town-manager-s-preliminary-budget-recommendation-pdf.pdf,reference,1,https://www.lunenburgma.gov/ArchiveCenter/ViewFile/Item/138,200,1,2026-09-05
town-budget/docs/a205-fy25-fy34-capital-plan-requests-by-department-pdf.pdf,reference,1,https://www.lunenburgma.gov/ArchiveCenter/ViewFile/Item/205,200,1,2026-09-05
town-budget/docs/a203-fy25-fy34-dpw-capital-request-presentation-pdf.pdf,reference,1,https://www.lunenburgma.gov/ArchiveCenter/ViewFile/Item/203,200,1,2026-09-05
town-budget/docs/a206-fy25-fy34-facilities-and-parks-capital-plan-presentation-pdf.pdf,reference,1,https://www.lunenburgma.gov/ArchiveCenter/ViewFile/Item/206,200,1,2026-09-05
town-budget/docs/a204-fy25-fy34-fire-dept-capital-plan-presentation-pdf.pdf,reference,1,https://www.lunenburgma.gov/ArchiveCenter/ViewFile/Item/204,200,1,2026-09-05
town-budget/docs/a207-fy25-fy34-lps-capital-plan-presentation-pdf.pdf,reference,1,https://www.lunenburgma.gov/ArchiveCenter/ViewFile/Item/207,200,1,2026-09-05
town-budget/docs/a208-fy25-fy34-lunenburg-it-capital-plan-presentation-pdf.pdf,reference,1,https://www.lunenburgma.gov/ArchiveCenter/ViewFile/Item/208,200,1,2026-09-05
town-budget/docs/a209-fy25-fy34-police-dept-cap-plan-presentation-pdf.pdf,reference,1,https://www.lunenburgma.gov/ArchiveCenter/ViewFile/Item/209,200,1,2026-09-05
town-budget/docs/a210-fy25-fy34-ten-year-capital-plan-by-funding-source-town-manager-recommendation-pd.pdf,reference,1,https://www.lunenburgma.gov/ArchiveCenter/ViewFile/Item/210,200,1,2026-09-05
town-budget/docs/2862-fy26-select-board-and-town-manager-goals-pdf.pdf,reference,1,https://www.lunenburgma.gov/DocumentCenter/View/2862,200,1,2026-09-05
town-budget/docs/3607-fy27-coa-budget-presentation-pdf.pdf,reference,1,https://www.lunenburgma.gov/DocumentCenter/View/3607,200,1,2026-09-05
town-budget/docs/4346-fy27-detail-rates.pdf,reference,1,https://www.lunenburgma.gov/DocumentCenter/View/4346,200,1,2026-09-05
town-budget/docs/3610-fy27-department-of-public-works-budget-presentation-pdf.pdf,reference,1,https://www.lunenburgma.gov/DocumentCenter/View/3610,200,1,2026-09-05
town-budget/docs/3580-fy27-facilities-and-parks-budget-presentation-pdf.pdf,reference,1,https://www.lunenburgma.gov/DocumentCenter/View/3580,200,1,2026-09-05
town-budget/docs/3581-fy27-fire-department-budget-presentation-pdf.pdf,reference,1,https://www.lunenburgma.gov/DocumentCenter/View/3581,200,1,2026-09-05
town-budget/docs/3608-fy27-general-government-budget-presentation-pdf.pdf,reference,1,https://www.lunenburgma.gov/DocumentCenter/View/3608,200,1,2026-09-05
town-budget/docs/3611-fy27-general-government-unclassified-budget-presentation-pdf-nbsp.pdf,reference,1,https://www.lunenburgma.gov/DocumentCenter/View/3611,200,1,2026-09-05
town-budget/docs/3582-fy27-it-budget-presentation-pdf.pdf,reference,1,https://www.lunenburgma.gov/DocumentCenter/View/3582,200,1,2026-09-05
town-budget/docs/3609-fy27-land-use-budget-presentation-pdf.pdf,reference,1,https://www.lunenburgma.gov/DocumentCenter/View/3609,200,1,2026-09-05
town-budget/docs/3612-fy27-library-budget-presentation-pdf.pdf,reference,1,https://www.lunenburgma.gov/DocumentCenter/View/3612,200,1,2026-09-05
town-budget/docs/3583-fy27-monty-tech-budget-presentation-pdf.pdf,reference,1,https://www.lunenburgma.gov/DocumentCenter/View/3583,200,1,2026-09-05
town-budget/docs/3584-fy27-police-department-budget-presentation-pdf.pdf,reference,1,https://www.lunenburgma.gov/DocumentCenter/View/3584,200,1,2026-09-05
town-budget/docs/3585-fy27-preliminary-budget-presentation-pdf.pdf,reference,1,https://www.lunenburgma.gov/DocumentCenter/View/3585,200,1,2026-09-05
town-budget/docs/3613-fy27-public-access-cable-budget-presentation-pdf.pdf,reference,1,https://www.lunenburgma.gov/DocumentCenter/View/3613,200,1,2026-09-05
town-budget/docs/4284-fy27-real-estate-exemption-flyer.pdf,reference,1,https://www.lunenburgma.gov/DocumentCenter/View/4284,200,1,2026-09-05
town-budget/docs/3586-fy27-school-department-budget-presentation-pdf.pdf,reference,1,https://www.lunenburgma.gov/DocumentCenter/View/3586,200,1,2026-09-05
town-budget/docs/4283-fy27-senior-means-tested-application.pdf,reference,1,https://www.lunenburgma.gov/DocumentCenter/View/4283,200,1,2026-09-05
town-budget/docs/4285-fy27-senior-means-tested-brochure.pdf,reference,1,https://www.lunenburgma.gov/DocumentCenter/View/4285,200,1,2026-09-05
town-budget/docs/a118-fiscal-year-2012-budget-as-appropriated-a-copy-of-the-fiscal-year-2012-budget-as.pdf,reference,1,https://www.lunenburgma.gov/ArchiveCenter/ViewFile/Item/118,200,1,2026-09-05
town-budget/docs/a119-fiscal-year-2013-appendix-document-5-comprehensive-pavement-management-system-pd.pdf,reference,1,https://www.lunenburgma.gov/ArchiveCenter/ViewFile/Item/119,200,1,2026-09-05
town-budget/docs/a117-fiscal-year-2013-appendix-documents-1-4-pdf.pdf,reference,1,https://www.lunenburgma.gov/ArchiveCenter/ViewFile/Item/117,200,1,2026-09-05
town-budget/docs/a116-fiscal-year-2013-budget-line-item-detail-of-fiscal-year-2013-budget-recommendati.pdf,reference,1,https://www.lunenburgma.gov/ArchiveCenter/ViewFile/Item/116,200,1,2026-09-05
town-budget/docs/a114-fiscal-year-2014-budget-as-appropriated-pdf.pdf,reference,1,https://www.lunenburgma.gov/ArchiveCenter/ViewFile/Item/114,200,1,2026-09-05
town-budget/docs/a113-fiscal-year-2015-budget-final-after-recap-pdf.pdf,reference,1,https://www.lunenburgma.gov/ArchiveCenter/ViewFile/Item/113,200,1,2026-09-05
town-budget/docs/a115-fiscal-year-2016-budget-presentation-pdf.pdf,reference,1,https://www.lunenburgma.gov/ArchiveCenter/ViewFile/Item/115,200,1,2026-09-05
town-budget/docs/a112-fiscal-year-2016-preliminary-budget-pdf.pdf,reference,1,https://www.lunenburgma.gov/ArchiveCenter/ViewFile/Item/112,200,1,2026-09-05
town-budget/docs/a82-fiscal-year-2021-adjustment-worksheet-made-to-budget-due-to-covid-19-pdf.pdf,reference,1,https://www.lunenburgma.gov/ArchiveCenter/ViewFile/Item/82,200,1,2026-09-05
town-budget/docs/a83-fiscal-year-2021-budget-message-and-preliminary-budget-proposal-pdf.pdf,reference,1,https://www.lunenburgma.gov/ArchiveCenter/ViewFile/Item/83,200,1,2026-09-05
town-budget/docs/a81-fiscal-year-2021-capital-plan-presentation-pdf.pdf,reference,1,https://www.lunenburgma.gov/ArchiveCenter/ViewFile/Item/81,200,1,2026-09-05
town-budget/docs/a86-fiscal-year-2021-preliminary-budget-line-item-detail-february-11-2020-pdf.pdf,reference,1,https://www.lunenburgma.gov/ArchiveCenter/ViewFile/Item/86,200,1,2026-09-05
town-budget/docs/a84-fiscal-year-2021-preliminary-budget-presentation-pdf.pdf,reference,1,https://www.lunenburgma.gov/ArchiveCenter/ViewFile/Item/84,200,1,2026-09-05
town-budget/docs/a79-fiscal-year-2021-revenue-expense-worksheet-may-7-2020-pdf.pdf,reference,1,https://www.lunenburgma.gov/ArchiveCenter/ViewFile/Item/79,200,1,2026-09-05
town-budget/docs/a80-fiscal-year-2021-revised-school-budget-presentation-pdf.pdf,reference,1,https://www.lunenburgma.gov/ArchiveCenter/ViewFile/Item/80,200,1,2026-09-05
town-budget/docs/a85-fiscal-year-2021-town-manager-budget-recommendation-revised-due-to-covid-19-pdf.pdf,reference,1,https://www.lunenburgma.gov/ArchiveCenter/ViewFile/Item/85,200,1,2026-09-05
town-budget/docs/a76-fiscal-year-2022-budget-message-and-preliminary-budget-recommendation-pdf.pdf,reference,1,https://www.lunenburgma.gov/ArchiveCenter/ViewFile/Item/76,200,1,2026-09-05
town-budget/docs/a77-fiscal-year-2022-budget-presentation-pdf.pdf,reference,1,https://www.lunenburgma.gov/ArchiveCenter/ViewFile/Item/77,200,1,2026-09-05
town-budget/docs/a78-fiscal-year-2022-capital-plan-presentation-pdf.pdf,reference,1,https://www.lunenburgma.gov/ArchiveCenter/ViewFile/Item/78,200,1,2026-09-05
town-budget/docs/1783-i-fy25-police-budget-narrative.pdf,reference,1,https://www.lunenburgma.gov/DocumentCenter/View/1783,200,1,2026-09-05
town-budget/docs/1784-ii-attachment-a-police-budget-as-expended-fy15-fy23.pdf,reference,1,https://www.lunenburgma.gov/DocumentCenter/View/1784,200,1,2026-09-05
town-budget/docs/1785-iii-attachment-b-fy25-10-year-hiring-plan.pdf,reference,1,https://www.lunenburgma.gov/DocumentCenter/View/1785,200,1,2026-09-05
town-budget/docs/1786-iv-attachment-c-fy25-police-preliminary-budget.pdf,reference,1,https://www.lunenburgma.gov/DocumentCenter/View/1786,200,1,2026-09-05
town-budget/docs/3378-lunenburg-proposed-roadway-capital-improvement-plan-list-pdf.pdf,reference,1,https://www.lunenburgma.gov/DocumentCenter/View/3378,200,1,2026-09-05
town-budget/docs/3358-lunenburg-senior-citizen-property-tax-work-off-program-application-2025-pdf.pdf,reference,1,https://www.lunenburgma.gov/DocumentCenter/View/3358,200,1,2026-09-05
town-budget/docs/787-march-17-2022-tax-lien-sale-auction-registration-form-pdf.pdf,reference,1,https://www.lunenburgma.gov/DocumentCenter/View/787,200,1,2026-09-05
town-budget/docs/785-motor-vehicle-excise-tax-pdf.pdf,reference,1,https://www.lunenburgma.gov/DocumentCenter/View/785,200,1,2026-09-05
town-budget/docs/4306-notice-of-tax-taking-lists.pdf,reference,1,https://www.lunenburgma.gov/DocumentCenter/View/4306,200,1,2026-09-05
town-budget/docs/4396-november-17-2026-special-town-meeting-legal-notice.pdf,reference,1,https://www.lunenburgma.gov/DocumentCenter/View/4396,200,1,2026-09-05
town-budget/docs/783-real-estate-personal-property-tax-actual-billing-pdf.pdf,reference,1,https://www.lunenburgma.gov/DocumentCenter/View/783,200,1,2026-09-05
town-budget/docs/784-real-estate-tax-preliminary-billing-pfd.pdf,reference,1,https://www.lunenburgma.gov/DocumentCenter/View/784,200,1,2026-09-05
town-budget/docs/3547-role-of-the-assessing-department.pdf,reference,1,https://www.lunenburgma.gov/DocumentCenter/View/3547,200,1,2026-09-05
town-budget/docs/493-senior-citizen-property-tax-work-off-program-application-form-pdf.pdf,reference,1,https://www.lunenburgma.gov/DocumentCenter/View/493,200,1,2026-09-05
town-budget/docs/494-senior-tax-work-off-program-brochure-pdf.pdf,reference,1,https://www.lunenburgma.gov/DocumentCenter/View/494,200,1,2026-09-05
town-budget/docs/1416-senior-tax-work-off-record-hours.pdf,reference,1,https://www.lunenburgma.gov/DocumentCenter/View/1416,200,1,2026-09-05
town-budget/docs/4373-september-3-2026-special-town-meeting-warrant.pdf,reference,1,https://www.lunenburgma.gov/DocumentCenter/View/4373,200,1,2026-09-05
town-budget/docs/4365-september-3-2026-special-town-meeting-legal-notice.pdf,reference,1,https://www.lunenburgma.gov/DocumentCenter/View/4365,200,1,2026-09-05
town-budget/docs/786-tax-lien-sale-auction-notice-pdf.pdf,reference,1,https://www.lunenburgma.gov/DocumentCenter/View/786,200,1,2026-09-05
town-budget/docs/1787-v-attachment-d-fy25-overtime-costing-out-model.pdf,reference,1,https://www.lunenburgma.gov/DocumentCenter/View/1787,200,1,2026-09-05
town-budget/docs/1788-vii-fy25-police-budget-presentation.pdf,reference,1,https://www.lunenburgma.gov/DocumentCenter/View/1788,200,1,2026-09-05
town-budget/docs/182-w-4-federal-tax-form-pdf.pdf,reference,1,https://www.lunenburgma.gov/DocumentCenter/View/182,200,1,2026-09-05
town-supplementary/docs/394-1-40-school-resource-officer-pdf.pdf,reference,1,https://www.lunenburgma.gov/DocumentCenter/View/394,200,1,2026-09-05
town-supplementary/docs/2504-2-3-25-assessor-conference-presentation-pdf.pdf,reference,1,https://www.lunenburgma.gov/DocumentCenter/View/2504,200,1,2026-09-05
town-supplementary/docs/1982-3-25-2024-presentation-how-can-we-help-you-property-tax-exemptions-amp-assistanc.pptx,reference,1,https://www.lunenburgma.gov/DocumentCenter/View/1982,200,1,2026-09-05
town-supplementary/docs/2086-4-14-sex-offender-audits-pdf.pdf,reference,1,https://www.lunenburgma.gov/DocumentCenter/View/2086,200,1,2026-09-05
town-supplementary/docs/442-4-38-reserve-officer-hiring-process-pdf.pdf,reference,1,https://www.lunenburgma.gov/DocumentCenter/View/442,200,1,2026-09-05
town-supplementary/docs/443-4-39-reserve-officer-program-pdf.pdf,reference,1,https://www.lunenburgma.gov/DocumentCenter/View/443,200,1,2026-09-05
town-supplementary/docs/344-bencor-financial-wellness-pdf.pdf,reference,1,https://www.lunenburgma.gov/DocumentCenter/View/344,200,1,2026-09-05
town-supplementary/docs/3541-board-of-assessors-code-of-conduct-pdf.pdf,reference,1,https://www.lunenburgma.gov/DocumentCenter/View/3541,200,1,2026-09-05
town-supplementary/docs/3463-bridge-assessment-and-ranking-prepared-for-the-town-of-lunenburg-by-bsc-group-ma.pdf,reference,1,https://www.lunenburgma.gov/DocumentCenter/View/3463,200,1,2026-09-05
town-supplementary/docs/187-conflict-of-interest-financial-disclosure-pdf.pdf,reference,1,https://www.lunenburgma.gov/DocumentCenter/View/187,200,1,2026-09-05
town-supplementary/docs/2499-fy25-governor-awards-lunenburg-fd-state-firefighter-safety-grant-pdf.pdf,reference,1,https://www.lunenburgma.gov/DocumentCenter/View/2499,200,1,2026-09-05
town-supplementary/docs/1352-fy25-snow-and-ice-vendor-agreement.pdf,reference,1,https://www.lunenburgma.gov/DocumentCenter/View/1352,200,1,2026-09-05
town-supplementary/docs/4284-fy27-real-estate-exemption-flyer.pdf,reference,1,https://www.lunenburgma.gov/DocumentCenter/View/4284,200,1,2026-09-05
town-supplementary/docs/4283-fy27-senior-means-tested-application.pdf,reference,1,https://www.lunenburgma.gov/DocumentCenter/View/4283,200,1,2026-09-05
town-supplementary/docs/4285-fy27-senior-means-tested-brochure.pdf,reference,1,https://www.lunenburgma.gov/DocumentCenter/View/4285,200,1,2026-09-05
town-supplementary/docs/3358-lunenburg-senior-citizen-property-tax-work-off-program-application-2025-pdf.pdf,reference,1,https://www.lunenburgma.gov/DocumentCenter/View/3358,200,1,2026-09-05
town-supplementary/docs/787-march-17-2022-tax-lien-sale-auction-registration-form-pdf.pdf,reference,1,https://www.lunenburgma.gov/DocumentCenter/View/787,200,1,2026-09-05
town-supplementary/docs/785-motor-vehicle-excise-tax-pdf.pdf,reference,1,https://www.lunenburgma.gov/DocumentCenter/View/785,200,1,2026-09-05
town-supplementary/docs/4306-notice-of-tax-taking-lists.pdf,reference,1,https://www.lunenburgma.gov/DocumentCenter/View/4306,200,1,2026-09-05
town-supplementary/docs/783-real-estate-personal-property-tax-actual-billing-pdf.pdf,reference,1,https://www.lunenburgma.gov/DocumentCenter/View/783,200,1,2026-09-05
town-supplementary/docs/784-real-estate-tax-preliminary-billing-pfd.pdf,reference,1,https://www.lunenburgma.gov/DocumentCenter/View/784,200,1,2026-09-05
town-supplementary/docs/3547-role-of-the-assessing-department.pdf,reference,1,https://www.lunenburgma.gov/DocumentCenter/View/3547,200,1,2026-09-05
town-supplementary/docs/493-senior-citizen-property-tax-work-off-program-application-form-pdf.pdf,reference,1,https://www.lunenburgma.gov/DocumentCenter/View/493,200,1,2026-09-05
town-supplementary/docs/494-senior-tax-work-off-program-brochure-pdf.pdf,reference,1,https://www.lunenburgma.gov/DocumentCenter/View/494,200,1,2026-09-05
town-supplementary/docs/1416-senior-tax-work-off-record-hours.pdf,reference,1,https://www.lunenburgma.gov/DocumentCenter/View/1416,200,1,2026-09-05
town-supplementary/docs/786-tax-lien-sale-auction-notice-pdf.pdf,reference,1,https://www.lunenburgma.gov/DocumentCenter/View/786,200,1,2026-09-05
town-supplementary/docs/182-w-4-federal-tax-form-pdf.pdf,reference,1,https://www.lunenburgma.gov/DocumentCenter/View/182,200,1,2026-09-05
dese/radar-district-comparison.xlsx,reference,1,https://www.doe.mass.edu/research/radar/district-comparison.xlsx,200,1,2026-09-05
dese/lunenburg-finance-profile.html,reference,1,https://profiles.doe.mass.edu/profiles/finance.aspx?orgcode=01620000&orgtypecode=5&dropDownOrgCode=2,200,1,2026-09-05
dese/selected-populations-2019.html,reference,1,https://profiles.doe.mass.edu/statereport/selectedpopulations.aspx,200,1,2026-09-05
dese/selected-populations-2020.html,reference,1,https://profiles.doe.mass.edu/statereport/selectedpopulations.aspx,200,1,2026-09-05
dese/selected-populations-2021.html,reference,1,https://profiles.doe.mass.edu/statereport/selectedpopulations.aspx,200,1,2026-09-05
dese/selected-populations-2022.html,reference,1,https://profiles.doe.mass.edu/statereport/selectedpopulations.aspx,200,1,2026-09-05
dese/selected-populations-2023.html,reference,1,https://profiles.doe.mass.edu/statereport/selectedpopulations.aspx,200,1,2026-09-05
dese/selected-populations-2024.html,reference,1,https://profiles.doe.mass.edu/statereport/selectedpopulations.aspx,200,1,2026-09-05
dese/selected-populations-2025.html,reference,1,https://profiles.doe.mass.edu/statereport/selectedpopulations.aspx,200,1,2026-09-05
dese/selected-populations-2026.html,reference,1,https://profiles.doe.mass.edu/statereport/selectedpopulations.aspx,200,1,2026-09-05
dese/selected-populations.csv,reference,1,https://profiles.doe.mass.edu/statereport/selectedpopulations.aspx,200,1,2026-09-05
