role_as_printed,position,times_seen
,,489
,Administrative Staff,4
,Behaviour / BCBA,4
,Classroom Teacher,360
,Coach / Athletics,1
,Custodial / Facilities,121
,Director,2
,Food Service,131
,Guidance / Adjustment Counselor,41
,Nurse,8
,Paraprofessional,215
,School Psychologist,4
,Special Education Teacher,83
,Specialist Teacher,74
'ecretary,,1
(10-12) A-L,,1
(10-12) DH,Department Head,1
(6-8) Dean,,1
(Art),Specialist Teacher,3
(Art) MS,Specialist Teacher,4
(BCBA),Behaviour / BCBA,1
(Behaviorist),Behaviour / BCBA,4
(Interventionist),,1
(LHS Social Worker),,1
(LMS Social Worker),,4
(LPN),,2
(Library),Specialist Teacher,3
(Middle & High LPN),,1
(Music),Specialist Teacher,1
(Music) DH,Department Head,2
(Music) MS,Specialist Teacher,5
(OT),Speech / OT / PT,1
(PE),Specialist Teacher,12
(PT),Speech / OT / PT,1
(Psychologist,School Psychologist,1
(Psychologist),School Psychologist,5
(School Adjustment Counselor) Grade 6,Guidance / Adjustment Counselor,1
(Speech),Speech / OT / PT,6
(TLC) Theraputic Learning Center,Special Education Teacher,1
(Tech),,1
(Tech) MS,,5
(Therapy Dog),,1
(nurse),Nurse,3
(para),Paraprofessional,44
*,,3
*,Classroom Teacher,4
*,Guidance / Adjustment Counselor,1
10,,1
101,,1
101 Math/Social Studies,Classroom Teacher,1
101/Blue,,1
101/Red,,1
102,,1
102 ELA/Social Studies,Classroom Teacher,1
102/Red,,3
103 Math/7th Grade Geography,Classroom Teacher,1
103/Blue,,2
104 Math/Social Studies,Classroom Teacher,1
104/White,,1
105 Science/Math,Classroom Teacher,1
105/Blue,,1
105/White,,1
106 ELA/Social Studies (WHITE),Classroom Teacher,1
107,,1
107 ELA/Social Studies,Classroom Teacher,1
107/White,,3
108 Library/Media Center,Specialist Teacher,1
109 Science/Social Studies,Classroom Teacher,1
111 Science/Social Studies,Classroom Teacher,1
113 Grade 7 Teacher,Classroom Teacher,1
114 Art,Specialist Teacher,2
118 Music,Specialist Teacher,2
119 Technology Education,Specialist Teacher,1
15,,1
1:1 Aide,Paraprofessional,1
1:1 Para,Paraprofessional,4
1:1 Paraprofessional,Paraprofessional,2
1:1 Tutor,Paraprofessional,1
1:2 Para Grade 4,Paraprofessional,1
1A,Classroom Teacher,12
1B,Classroom Teacher,13
1C,Classroom Teacher,12
1D,Classroom Teacher,11
1E,Classroom Teacher,12
1F,Classroom Teacher,2
1st Grade,,3
1st grade,,1
20,Classroom Teacher,1
201 Math/Social Studies,Classroom Teacher,1
201/Blue,,1
201/White,,1
202 Science/Social Studies,Classroom Teacher,1
202/White,,3
203 Grade 8 Teacher,Classroom Teacher,1
203/Blue,,2
203/White,,1
204 ELA/Social Studies (WHITE),Classroom Teacher,1
204/Blue,,1
205,,1
205/Red,,3
207/Red,,3
209,Classroom Teacher,2
209 Science/Social Studies (RED),Classroom Teacher,1
210,,1
210,Classroom Teacher,2
211,Classroom Teacher,2
211 ELA/Social Studies,Classroom Teacher,1
212,Classroom Teacher,2
212 Math/Social Studies,Classroom Teacher,1
213,Classroom Teacher,2
213 Social Studies/Science (RED),Classroom Teacher,1
215,Classroom Teacher,1
215 Math/Science,Classroom Teacher,1
216 ELA/Science,Classroom Teacher,1
2A,Classroom Teacher,8
2B,Classroom Teacher,9
2B - Teacher,Classroom Teacher,1
2C,Classroom Teacher,9
2C - Teacher,Classroom Teacher,1
2D,Classroom Teacher,10
2D - Teacher,Classroom Teacher,1
2E,Classroom Teacher,1
2F,Classroom Teacher,10
2nd Grade,,1
2nd/grade,,4
3A,Classroom Teacher,5
3B,Classroom Teacher,5
3C,Classroom Teacher,5
3D,Classroom Teacher,5
3E,Classroom Teacher,5
4A,Classroom Teacher,1
4B,Classroom Teacher,1
4C,Classroom Teacher,1
4D,Classroom Teacher,1
4E,Classroom Teacher,1
510,Food Service,3
5A,Classroom Teacher,1
5A - Blue,Classroom Teacher,1
5B,Classroom Teacher,1
5B - Blue,Classroom Teacher,1
5C - Blue,Classroom Teacher,1
5C.,Classroom Teacher,1
5D,Classroom Teacher,1
5D - White,Classroom Teacher,1
5E,Classroom Teacher,1
5E - White,Classroom Teacher,1
6th,,3
6th                   DH,Department Head,1
6th DH,Department Head,4
7th,,8
8-9,,2
8th,,5
A,,2
A - Teache,,1
ACH Teacher,Classroom Teacher,5
AD,,7
AD Secretary,Administrative Staff,2
Access,,1
"Access Para, 112",Paraprofessional,1
Accounting/Data Reporting,,4
Accounting/Data Reporting Services Mgr.,,1
Accounts Payable Clerk,,1
Acheive Teacher,Classroom Teacher,1
Achieve Assistants/Tutors,Paraprofessional,3
Achieve I Teacher,Classroom Teacher,1
Achieve Para,Paraprofessional,4
Achieve Teacher,Classroom Teacher,3
Achieve/TLC Para,Paraprofessional,5
Adjustment Counselor,Guidance / Adjustment Counselor,1
Adjustment Counselor 9-12,Guidance / Adjustment Counselor,1
Adm. Assist.,Administrative Staff,1
Adm. Assistant,Administrative Staff,5
Adm. Secretary,Administrative Staff,10
Adm. Secretary 6-12,Administrative Staff,1
Admin Secretary,Administrative Staff,3
Admin Secty,Administrative Staff,6
Admin. Assistant,Administrative Staff,3
Admin. Asst.,,1
Admin. Secretary,Administrative Staff,8
Admin. Secty.,Administrative Staff,3
Administrative Assistant,,2
Administrative Secretary,Administrative Staff,3
Aide,Paraprofessional,5
All 6th & A-K 8th,,1
All 7th & L-Z 8th,,1
Art,Specialist Teacher,10
Art MS,Specialist Teacher,1
"Art, 114",Specialist Teacher,8
Assistant Principal,Assistant Principal,23
Assistant Principal:,Assistant Principal,1
Asst. Principal,Assistant Principal,17
Asst. Principal 6-12,Assistant Principal,1
Athletic Director,Director,5
Athletic Sec.,Coach / Athletics,1
Athletic Secretary,Administrative Staff,7
Athletic/Secretary,Administrative Staff,1
Augment. Spec.,,2
B,,2
BCB,,1
BCBA,Behaviour / BCBA,19
"BCBA, 109",Behaviour / BCBA,1
"BCBA, 111",Behaviour / BCBA,1
Behavior Specialis,Behaviour / BCBA,1
Behaviorist,Behaviour / BCBA,1
Blue,Classroom Teacher,22
Business Manager,,1
COTA,,14
Cafe,,3
Cafe.,,1
Cafeteria Manager,Food Service,7
Cafeteria Mgr.,Food Service,4
Café,,6
Café Employee,,4
Café Manager,,9
Café Monitor,,1
Chairperson,,5
Clerk,,3
Clerk (part-time),,1
Community Member,,1
Community Representative,,1
Community Representative:,,1
Cook/Managers,,6
Coordinator,,2
Counselor,Guidance / Adjustment Counselor,2
Counselor / ICS,Guidance / Adjustment Counselor,1
Counselor / LCSW,Guidance / Adjustment Counselor,1
Counselor / LICSW,Guidance / Adjustment Counselor,1
Counselor / LSW,Guidance / Adjustment Counselor,1
Counselor 9-12 (H-N),Guidance / Adjustment Counselor,1
Counselor DH 9-12 (A-G),Department Head,1
Custodian,Custodial / Facilities,4
Custodian/Nigh,Custodial / Facilities,2
Custodian/Night,Custodial / Facilities,11
D,,1
DH,Department Head,27
Dean of Students,,4
Dean of Students(.4),,1
Department Liaison,,5
Dept Liaison,,6
Dept. Head,Department Head,16
Dept. Liaison,,32
Dept. Liason,,1
Dir. Teaching/Learning,Director,1
Director,Director,15
Director (shared with the Town),Director,1
Director of Academic Programs,Director,1
Director of Facilities,Director,1
Director of Food Services,Director,2
Director of Instruction,Director,1
Director of Teaching and Learning,Director,2
Director of Vocational Programs,Director,1
District Health & Safety,,2
District Health &Safety,,1
District-wide,,5
District-wide Utility/Custodial,Custodial / Facilities,4
E,,1
E - Teache,,1
ELL,,1
ELL Specialist,,1
ELL Teacher,Classroom Teacher,9
"ELL Teacher, 109",Classroom Teacher,2
"ELL Teacher, 119",Classroom Teacher,4
Executive Secretary,Administrative Staff,5
Extended Day & Early Learning Center,Special Education Teacher,1
FL,,2
Food Service Director,Director,2
General workers,,17
Gr. 3 Para,Paraprofessional,11
Gr. 3 Para One-One,Paraprofessional,1
Gr. 3 Teacher,Classroom Teacher,4
"Gr. 3 Teacher, 214",Classroom Teacher,3
Gr. 3/4 Para,Paraprofessional,1
Gr. 4 Para,Paraprofessional,12
Gr. 4 Paraprofessional,Paraprofessional,1
Gr. 4 Teacher,Classroom Teacher,7
"Gr. 4 Teacher, 206",Classroom Teacher,3
Gr. 4 Teacher/MTSS,Classroom Teacher,1
Gr. 4 Tutor,Paraprofessional,1
Gr. 4/5 Para,Paraprofessional,1
Gr. 4/5 Tutor,Paraprofessional,1
Gr. 5 Para,Paraprofessional,11
Gr. 5 Paraprofessional,Paraprofessional,1
Gr. 5 Teacher,Classroom Teacher,8
"Gr. 5 Teacher, 106",Classroom Teacher,3
Gr. 5 Tutor,Paraprofessional,1
Gr. 6 Para,Paraprofessional,2
Gr. 6 Paraprofessional,Paraprofessional,2
Gr. 6 Teacher,Classroom Teacher,5
Gr. 6 Tutor,Paraprofessional,1
Gr. 6-12,Classroom Teacher,1
Gr. 7 Para,Paraprofessional,2
Gr. 7 Paraprofessional,Paraprofessional,1
Gr. 7 Teacher,Classroom Teacher,5
Gr. 8 Para,Paraprofessional,2
Gr. 8 Teacher,Classroom Teacher,1
Gr: 5 Para,Paraprofessional,1
Grade 1,Classroom Teacher,2
Grade 2,Classroom Teacher,2
Grade 6,Classroom Teacher,4
Grade 6 1:1,Classroom Teacher,1
Grade 7 Tutor,Paraprofessional,1
Grade 8,Classroom Teacher,1
Grade 8 Tutor,Paraprofessional,2
Grade- 6 & 7-Red,,1
Grades 4 & 5,,4
Grades 6 & 7,,5
Grades 7 & 8,,3
Greenhouse Asst.,,7
Greenhouse Manager,,1
Guid. Counselor,Guidance / Adjustment Counselor,1
Guid. Sec. & LMHS Registrar,Administrative Staff,1
Guid./Psych.,,1
Guidance,Guidance / Adjustment Counselor,9
Guidance Counselor,Guidance / Adjustment Counselor,4
Guidance Sec.,Guidance / Adjustment Counselor,2
Guidance Secretary,Administrative Staff,8
"Guidance, 216",Guidance / Adjustment Counselor,1
Guidance/126,Guidance / Adjustment Counselor,2
HS Nurse,Nurse,1
HS Principal,Principal,1
HS Secretary,Administrative Staff,2
Head,,1
Head Custodian,Custodial / Facilities,7
High School,,1
IA,,1
IC,,1
ID,,4
IE,,1
IF,,1
IT Dept.,,5
IT Director,Director,1
Instructional Services Director,Director,1
Interim Assistant Principal,Assistant Principal,1
Interim Principal,Principal,1
Interventionist,,2
Interventionist/2 04,,1
Interventionist/20,,1
Interventionist/Room 104,,1
Ist Grade,,1
K-1,,1
K-2,,1
K1,,1
K1 - Teacher,Classroom Teacher,4
K2,,2
K2 - Teacher,Classroom Teacher,4
K3,,2
K3 - Teacher,Classroom Teacher,4
K4,,2
K4 - Teacher,Classroom Teacher,4
K5,,1
K5 - Teacher,Classroom Teacher,2
K5-Teacher,Classroom Teacher,1
K6,,2
K6 - Teacher,Classroom Teacher,1
KI,,1
Kindergarten,Classroom Teacher,3
LHS Assistant Principal,Assistant Principal,2
LHS Café Manager,,1
LICSW,,1
LMHS Office Clerk,Administrative Staff,1
LMHS Principal,Principal,4
LMS Assistant Principal,Assistant Principal,4
LMS Social Worker,,1
LPN,,1
LPS Café Manager,,1
Lead,,1
Lead Custodian,Custodial / Facilities,3
Learning Center,Special Education Teacher,3
Learning Center Tutors,Paraprofessional,10
Library,Specialist Teacher,4
"Library, 108",Specialist Teacher,6
Library/Media,Specialist Teacher,3
Library/Technology,Specialist Teacher,1
Literacy Specialist/Title 1,,1
Long Term Sub TBD Middle School,,1
Lunenburg High Café Manager,,1
Lunenburg High School Café Manager,,2
Lunenburg Middle-High School Café Manager,,2
Lunenburg Primary School Café Manager,,4
"MS Nurse, Long Term Sub",Nurse,1
MS Principal,Principal,1
MS Secretary,Administrative Staff,5
Maintenance,Custodial / Facilities,31
Manager,,6
Math Specialist,Classroom Teacher,2
Media Specialist,Specialist Teacher,4
Media/Library Specialist,Specialist Teacher,1
Member,,9
Middle School,,1
Music,Specialist Teacher,10
Music MS,Specialist Teacher,1
"Music, 118",Specialist Teacher,7
Network Administrator,,3
Nurse,Nurse,35
Nurse (Achieve),Nurse,1
OT,Speech / OT / PT,4
Occ. Ther.,,1
Occup Therap,,1
Occup Therap.,,5
Occup. Therap.,,4
Occup. Therapist,,1
Occup.Therapy,,1
Occupational Therapist,Speech / OT / PT,5
"Occupational Therapist, 109",Speech / OT / PT,1
"Occupational Therapist, 112",Speech / OT / PT,1
Office Clerk,Administrative Staff,9
Ortice,,1
PE,Specialist Teacher,21
"PE, GYM",Specialist Teacher,1
"PE, Gym",Specialist Teacher,1
"PE, Gym/Health",Specialist Teacher,1
"PE, gym Health, 216",Specialist Teacher,1
"PE, mGym/Health",Specialist Teacher,1
PE/Health,Specialist Teacher,4
PT,Speech / OT / PT,3
Par,,1
Para,Paraprofessional,202
Para Grade 3,Paraprofessional,1
Paraprofessional,Paraprofessional,34
Parapropfessional,,1
Paraprotessional,,1
Parents,,11
Parents:,,6
Phys. Ther.,,1
Phys. Therap,,6
Phys. Therap.,,2
Phys. Therapist,,1
Phys.Ther,,1
Physical Education,Specialist Teacher,1
Physical Therapy,Speech / OT / PT,1
Pre-School,Classroom Teacher,1
Primary School Café Manager,,1
Principal,Principal,42
Principal:,Principal,2
Psychologi,,1
Psychologist,School Psychologist,18
Red,,3
Red,Classroom Teacher,35
SEL,,2
"SEL, 216",,1
SLP,Speech / OT / PT,4
SLP 6-12,Speech / OT / PT,1
SRO,,1
STEM,,5
"STEM, 109",,2
STEP,,1
Sch. Psychologist,School Psychologist,1
School Committee Rep,,2
School Committee Rep:,,2
School Linked Services,,1
School Nurse,Nurse,8
School Personnel Services Manager,,1
School Psych,,5
School Psych.,,5
School Psychologist,School Psychologist,1
School Technology Coordinator,Specialist Teacher,2
Secretary,Administrative Staff,24
Secretary (PT),Administrative Staff,1
Secretary (part-time),Administrative Staff,4
Secretary Support,Administrative Staff,4
Senior Custodian,Custodial / Facilities,11
Social Worker,,13
Sp.Ed Para,Paraprofessional,1
Special Ed 1 & 2,Special Education Teacher,1
Special Ed K& 1,Special Education Teacher,1
Special Ed Teacher,Special Education Teacher,2
Special Services Coordinator,,1
Sped Para,Paraprofessional,11
Speec,,1
Speech,Speech / OT / PT,32
"Speech, 204",Speech / OT / PT,1
"Speech, 213",Speech / OT / PT,1
"Speech, 215",Speech / OT / PT,2
"Speech-Language, 113",Speech / OT / PT,1
Speech/Lang.,Speech / OT / PT,7
Speech/Language,Speech / OT / PT,5
Superintendent,Superintendent,6
Superintendent-Director,Superintendent,1
TCP Café Manager,,1
THMS Café Manager,,1
TLC Inclusion,,1
TLC Para,Paraprofessional,4
TLC Teach,,1
TLC Teacher,Classroom Teacher,5
Teacher,Classroom Teacher,160
Teacher/110,Classroom Teacher,4
Teacher/111,Classroom Teacher,2
Teacher/113,Classroom Teacher,1
Teachers,Classroom Teacher,7
Teachers:,Classroom Teacher,8
Teaching Assist.,,2
Teaching Asst.,,3
Tech,,2
Tech MS,,1
Tech Support Specialist,,1
Tech. 119,,1
Technician,,4
Technician (part-time),,2
Technology,Specialist Teacher,2
Title 1 Coordinator/ Literacy Specialist,,2
Title One,,1
Title One Tutor,Paraprofessional,3
Turkey Hill Elementary School Café Manager,,2
Turkey Hill Middle School Cafe Manager,,1
Turkey Hill Middle School Café Manager,,1
Turnkey Hill Middle School Café Manager,,1
Tutor,Paraprofessional,31
Tutor/204,Paraprofessional,1
Tutor/208,Paraprofessional,3
Tutor/Room Former Lunchroom,Paraprofessional,1
Tutor/Room Tech Lab 119,Paraprofessional,1
Tutors,Paraprofessional,4
Tutors/Aides,Paraprofessional,17
Vember,,1
Vice-Chairperson,,5
White,,1
White,Classroom Teacher,42
Wilson Para,Paraprofessional,1
Wilson Reading,,3
"Wilson Reading, 204",,1
"Wilson Reading, 213",,1
Wilson Tutor,Paraprofessional,2
_eache,,1
b,,1
café,,2
ecretary,,1
i - Teach,,1
nurse,Nurse,1
para,Paraprofessional,18
para/substitute admin asst.,Paraprofessional,1
ra,,1
|Gr. 3 Para,Paraprofessional,1
"ВСвА, 110",,1
• Pa,,1
