fy,school,position,count
2011,central-office,(unmapped),13
2011,central-office,Administrative Staff,3
2011,central-office,Custodial / Facilities,3
2011,central-office,Director,2
2011,central-office,Superintendent,1
2011,high,(unmapped),24
2011,high,Administrative Staff,4
2011,high,Assistant Principal,1
2011,high,Classroom Teacher,2
2011,high,Custodial / Facilities,4
2011,high,Director,2
2011,high,Food Service,4
2011,high,Guidance / Adjustment Counselor,2
2011,high,Nurse,1
2011,high,Paraprofessional,10
2011,high,Principal,1
2011,high,Specialist Teacher,1
2011,passios,Administrative Staff,1
2011,passios,Classroom Teacher,17
2011,passios,Guidance / Adjustment Counselor,1
2011,passios,Nurse,1
2011,passios,Paraprofessional,13
2011,passios,Principal,1
2011,passios,Special Education Teacher,3
2011,passios,Specialist Teacher,5
2011,primary,(unmapped),21
2011,primary,Administrative Staff,1
2011,primary,Behaviour / BCBA,1
2011,primary,Classroom Teacher,9
2011,primary,Guidance / Adjustment Counselor,1
2011,primary,Nurse,1
2011,primary,Paraprofessional,11
2011,primary,Principal,2
2011,primary,School Psychologist,1
2011,primary,Special Education Teacher,2
2011,primary,Speech / OT / PT,2
2011,turkey-hill,(unmapped),6
2011,turkey-hill,Administrative Staff,1
2011,turkey-hill,Classroom Teacher,21
2011,turkey-hill,Guidance / Adjustment Counselor,2
2011,turkey-hill,Nurse,1
2011,turkey-hill,Paraprofessional,3
2011,turkey-hill,Principal,1
2011,turkey-hill,Specialist Teacher,8
2011,turkey-hill,Speech / OT / PT,1
2012,central-office,(unmapped),14
2012,central-office,Administrative Staff,4
2012,central-office,Custodial / Facilities,3
2012,central-office,Director,2
2012,central-office,Special Education Teacher,1
2012,central-office,Superintendent,1
2012,high,(unmapped),28
2012,high,Administrative Staff,4
2012,high,Assistant Principal,1
2012,high,Classroom Teacher,18
2012,high,Food Service,3
2012,high,Guidance / Adjustment Counselor,2
2012,high,Nurse,1
2012,high,Paraprofessional,7
2012,high,Principal,1
2012,high,Specialist Teacher,1
2012,primary,(unmapped),6
2012,primary,Administrative Staff,1
2012,primary,Assistant Principal,1
2012,primary,Classroom Teacher,22
2012,primary,Food Service,2
2012,primary,Guidance / Adjustment Counselor,1
2012,primary,Nurse,1
2012,primary,Paraprofessional,21
2012,primary,Principal,1
2012,primary,Special Education Teacher,3
2012,primary,Specialist Teacher,2
2012,primary,Speech / OT / PT,2
2012,turkey-hill,(unmapped),8
2012,turkey-hill,Administrative Staff,1
2012,turkey-hill,Assistant Principal,1
2012,turkey-hill,Classroom Teacher,18
2012,turkey-hill,Custodial / Facilities,3
2012,turkey-hill,Food Service,5
2012,turkey-hill,Nurse,1
2012,turkey-hill,Paraprofessional,4
2012,turkey-hill,Principal,1
2012,turkey-hill,Specialist Teacher,5
2012,turkey-hill,Speech / OT / PT,1
2013,high,(unmapped),23
2013,high,Administrative Staff,3
2013,high,Assistant Principal,1
2013,high,Classroom Teacher,18
2013,high,Department Head,8
2013,high,Guidance / Adjustment Counselor,2
2013,high,Nurse,1
2013,high,Principal,1
2013,high,Specialist Teacher,1
2013,high,Speech / OT / PT,1
2013,primary,(unmapped),8
2013,primary,Administrative Staff,1
2013,primary,Assistant Principal,1
2013,primary,Classroom Teacher,22
2013,primary,Custodial / Facilities,3
2013,primary,Food Service,4
2013,primary,Guidance / Adjustment Counselor,1
2013,primary,Nurse,1
2013,primary,Paraprofessional,17
2013,primary,Principal,1
2013,primary,Special Education Teacher,4
2013,primary,Specialist Teacher,4
2013,primary,Speech / OT / PT,2
2013,turkey-hill,(unmapped),6
2013,turkey-hill,Administrative Staff,1
2013,turkey-hill,Assistant Principal,1
2013,turkey-hill,Classroom Teacher,24
2013,turkey-hill,Nurse,1
2013,turkey-hill,Paraprofessional,4
2013,turkey-hill,Principal,1
2013,turkey-hill,Specialist Teacher,5
2013,turkey-hill,Speech / OT / PT,1
2014,central-office,(unmapped),13
2014,central-office,Administrative Staff,4
2014,central-office,Custodial / Facilities,1
2014,central-office,Director,3
2014,central-office,Superintendent,1
2014,high,(unmapped),21
2014,high,Administrative Staff,4
2014,high,Assistant Principal,1
2014,high,Classroom Teacher,23
2014,high,Custodial / Facilities,3
2014,high,Department Head,8
2014,high,Food Service,3
2014,high,Guidance / Adjustment Counselor,2
2014,high,Nurse,1
2014,high,Paraprofessional,11
2014,high,Principal,1
2014,high,Specialist Teacher,1
2014,high,Speech / OT / PT,1
2014,primary,(unmapped),6
2014,primary,Administrative Staff,1
2014,primary,Assistant Principal,1
2014,primary,Classroom Teacher,23
2014,primary,Custodial / Facilities,2
2014,primary,Food Service,4
2014,primary,Guidance / Adjustment Counselor,1
2014,primary,Nurse,1
2014,primary,Paraprofessional,20
2014,primary,Principal,1
2014,primary,Special Education Teacher,4
2014,primary,Specialist Teacher,3
2014,primary,Speech / OT / PT,2
2014,turkey-hill,(unmapped),3
2014,turkey-hill,Administrative Staff,1
2014,turkey-hill,Assistant Principal,1
2014,turkey-hill,Classroom Teacher,26
2014,turkey-hill,Custodial / Facilities,3
2014,turkey-hill,Food Service,4
2014,turkey-hill,Nurse,1
2014,turkey-hill,Paraprofessional,15
2014,turkey-hill,Principal,1
2014,turkey-hill,Specialist Teacher,5
2014,turkey-hill,Speech / OT / PT,1
2015,central-office,(unmapped),13
2015,central-office,Administrative Staff,4
2015,central-office,Custodial / Facilities,1
2015,central-office,Director,3
2015,central-office,Superintendent,1
2015,high,(unmapped),30
2015,high,Administrative Staff,2
2015,high,Assistant Principal,1
2015,high,Classroom Teacher,22
2015,high,Coach / Athletics,1
2015,high,Custodial / Facilities,3
2015,high,Food Service,3
2015,high,Guidance / Adjustment Counselor,3
2015,high,Nurse,1
2015,high,Paraprofessional,12
2015,high,Principal,1
2015,high,Specialist Teacher,1
2015,high,Speech / OT / PT,1
2015,primary,(unmapped),29
2015,primary,Administrative Staff,1
2015,primary,Assistant Principal,2
2015,primary,Classroom Teacher,30
2015,primary,Custodial / Facilities,2
2015,primary,Food Service,4
2015,primary,Nurse,1
2015,primary,Paraprofessional,7
2015,primary,Principal,2
2015,primary,Special Education Teacher,1
2015,primary,Specialist Teacher,3
2015,turkey-hill,(unmapped),8
2015,turkey-hill,Administrative Staff,1
2015,turkey-hill,Assistant Principal,1
2015,turkey-hill,Classroom Teacher,25
2015,turkey-hill,Custodial / Facilities,3
2015,turkey-hill,Food Service,4
2015,turkey-hill,Nurse,2
2015,turkey-hill,Paraprofessional,15
2015,turkey-hill,Principal,1
2015,turkey-hill,Specialist Teacher,5
2015,turkey-hill,Speech / OT / PT,2
2016,central-office,(unmapped),12
2016,central-office,Administrative Staff,4
2016,central-office,Custodial / Facilities,2
2016,central-office,Director,4
2016,central-office,Specialist Teacher,1
2016,central-office,Superintendent,1
2016,high,(unmapped),26
2016,high,Administrative Staff,3
2016,high,Assistant Principal,1
2016,high,Behaviour / BCBA,1
2016,high,Classroom Teacher,18
2016,high,Custodial / Facilities,6
2016,high,Director,1
2016,high,Food Service,4
2016,high,Guidance / Adjustment Counselor,2
2016,high,Nurse,1
2016,high,Paraprofessional,11
2016,high,Principal,1
2016,high,School Psychologist,1
2016,high,Specialist Teacher,1
2016,high,Speech / OT / PT,1
2016,middle,(unmapped),3
2016,middle,Administrative Staff,1
2016,middle,Assistant Principal,1
2016,middle,Classroom Teacher,26
2016,middle,Food Service,4
2016,middle,Nurse,1
2016,middle,Paraprofessional,8
2016,middle,Principal,1
2016,middle,Specialist Teacher,5
2016,middle,Speech / OT / PT,1
2016,primary,(unmapped),7
2016,primary,Administrative Staff,2
2016,primary,Assistant Principal,1
2016,primary,Behaviour / BCBA,1
2016,primary,Classroom Teacher,20
2016,primary,Custodial / Facilities,3
2016,primary,Food Service,4
2016,primary,Nurse,1
2016,primary,Paraprofessional,12
2016,primary,Principal,1
2016,primary,School Psychologist,1
2016,primary,Special Education Teacher,3
2016,primary,Specialist Teacher,4
2016,primary,Speech / OT / PT,2
2016,turkey-hill,(unmapped),5
2016,turkey-hill,Classroom Teacher,19
2016,turkey-hill,Custodial / Facilities,5
2016,turkey-hill,Food Service,3
2016,turkey-hill,Guidance / Adjustment Counselor,1
2016,turkey-hill,Nurse,4
2016,turkey-hill,Paraprofessional,15
2016,turkey-hill,Special Education Teacher,9
2017,central-office,(unmapped),7
2017,central-office,Administrative Staff,3
2017,central-office,Custodial / Facilities,1
2017,central-office,Director,5
2017,central-office,Specialist Teacher,1
2017,central-office,Superintendent,1
2017,high,(unmapped),28
2017,high,Administrative Staff,4
2017,high,Assistant Principal,1
2017,high,Behaviour / BCBA,1
2017,high,Classroom Teacher,18
2017,high,Custodial / Facilities,5
2017,high,Director,1
2017,high,Food Service,4
2017,high,Guidance / Adjustment Counselor,3
2017,high,Nurse,1
2017,high,Paraprofessional,13
2017,high,Principal,1
2017,high,Specialist Teacher,1
2017,high,Speech / OT / PT,1
2017,middle,(unmapped),34
2017,middle,Administrative Staff,2
2017,middle,Behaviour / BCBA,1
2017,middle,Custodial / Facilities,5
2017,middle,Food Service,5
2017,middle,Guidance / Adjustment Counselor,2
2017,middle,Paraprofessional,7
2017,middle,Principal,1
2017,middle,School Psychologist,1
2017,middle,Specialist Teacher,5
2017,middle,Speech / OT / PT,3
2017,primary,(unmapped),16
2017,primary,Administrative Staff,2
2017,primary,Assistant Principal,1
2017,primary,Behaviour / BCBA,1
2017,primary,Classroom Teacher,20
2017,primary,Custodial / Facilities,2
2017,primary,Food Service,2
2017,primary,Guidance / Adjustment Counselor,1
2017,primary,Nurse,1
2017,primary,Paraprofessional,14
2017,primary,Principal,1
2017,primary,Special Education Teacher,3
2017,primary,Specialist Teacher,4
2017,primary,Speech / OT / PT,2
2017,turkey-hill,(unmapped),8
2017,turkey-hill,Administrative Staff,1
2017,turkey-hill,Assistant Principal,1
2017,turkey-hill,Classroom Teacher,16
2017,turkey-hill,Custodial / Facilities,6
2017,turkey-hill,Food Service,4
2017,turkey-hill,Guidance / Adjustment Counselor,1
2017,turkey-hill,Nurse,1
2017,turkey-hill,Paraprofessional,9
2017,turkey-hill,Principal,1
2017,turkey-hill,School Psychologist,1
2017,turkey-hill,Special Education Teacher,9
2018,high,(unmapped),27
2018,high,Administrative Staff,5
2018,high,Assistant Principal,1
2018,high,Behaviour / BCBA,1
2018,high,Classroom Teacher,18
2018,high,Custodial / Facilities,5
2018,high,Director,1
2018,high,Food Service,4
2018,high,Guidance / Adjustment Counselor,3
2018,high,Nurse,1
2018,high,Paraprofessional,12
2018,high,Principal,1
2018,high,Specialist Teacher,1
2018,high,Speech / OT / PT,1
2018,middle,(unmapped),29
2018,middle,Behaviour / BCBA,1
2018,middle,Custodial / Facilities,6
2018,middle,Food Service,5
2018,middle,Guidance / Adjustment Counselor,2
2018,middle,Paraprofessional,14
2018,middle,Principal,1
2018,middle,School Psychologist,1
2018,middle,Specialist Teacher,5
2018,middle,Speech / OT / PT,3
2018,primary,(unmapped),16
2018,primary,Administrative Staff,2
2018,primary,Assistant Principal,1
2018,primary,Classroom Teacher,18
2018,primary,Custodial / Facilities,3
2018,primary,Food Service,1
2018,primary,Guidance / Adjustment Counselor,1
2018,primary,Nurse,1
2018,primary,Paraprofessional,18
2018,primary,Principal,1
2018,primary,School Psychologist,1
2018,primary,Special Education Teacher,3
2018,primary,Specialist Teacher,4
2018,primary,Speech / OT / PT,1
2018,turkey-hill,(unmapped),8
2018,turkey-hill,Classroom Teacher,16
2018,turkey-hill,Custodial / Facilities,6
2018,turkey-hill,Food Service,4
2018,turkey-hill,Guidance / Adjustment Counselor,2
2018,turkey-hill,Nurse,4
2018,turkey-hill,Paraprofessional,8
2018,turkey-hill,Special Education Teacher,10
2019,high,(unmapped),19
2019,high,Administrative Staff,3
2019,high,Assistant Principal,1
2019,high,Behaviour / BCBA,1
2019,high,Classroom Teacher,22
2019,high,Custodial / Facilities,3
2019,high,Food Service,6
2019,high,Guidance / Adjustment Counselor,4
2019,high,Nurse,1
2019,high,Paraprofessional,12
2019,high,Principal,1
2019,high,Speech / OT / PT,1
2019,middle,(unmapped),24
2019,middle,Behaviour / BCBA,1
2019,middle,Custodial / Facilities,6
2019,middle,Food Service,5
2019,middle,Guidance / Adjustment Counselor,2
2019,middle,Paraprofessional,13
2019,middle,School Psychologist,1
2019,middle,Special Education Teacher,1
2019,middle,Specialist Teacher,5
2019,middle,Speech / OT / PT,3
2019,monty-tech,(unmapped),1
2019,monty-tech,Assistant Principal,1
2019,monty-tech,Director,2
2019,monty-tech,Principal,1
2019,monty-tech,Superintendent,1
2019,primary,(unmapped),13
2019,primary,Administrative Staff,2
2019,primary,Assistant Principal,1
2019,primary,Behaviour / BCBA,1
2019,primary,Classroom Teacher,21
2019,primary,Food Service,3
2019,primary,Guidance / Adjustment Counselor,1
2019,primary,Nurse,1
2019,primary,Paraprofessional,18
2019,primary,Principal,1
2019,primary,School Psychologist,1
2019,primary,Special Education Teacher,3
2019,primary,Specialist Teacher,4
2019,primary,Speech / OT / PT,2
2019,turkey-hill,(unmapped),10
2019,turkey-hill,Classroom Teacher,10
2019,turkey-hill,Custodial / Facilities,6
2019,turkey-hill,Food Service,3
2019,turkey-hill,Paraprofessional,8
2019,turkey-hill,Special Education Teacher,7
2020,high,(unmapped),15
2020,high,Administrative Staff,5
2020,high,Assistant Principal,1
2020,high,Behaviour / BCBA,3
2020,high,Classroom Teacher,16
2020,high,Department Head,8
2020,high,Director,1
2020,high,Nurse,2
2020,high,Principal,2
2020,high,School Psychologist,2
2020,high,Special Education Teacher,2
2020,high,Specialist Teacher,11
2020,high,Speech / OT / PT,2
2020,middle,(unmapped),26
2020,middle,Custodial / Facilities,6
2020,middle,Department Head,4
2020,middle,Food Service,3
2020,middle,Special Education Teacher,8
2020,middle,Specialist Teacher,1
2020,primary,(unmapped),8
2020,primary,Administrative Staff,2
2020,primary,Assistant Principal,1
2020,primary,Behaviour / BCBA,1
2020,primary,Classroom Teacher,23
2020,primary,Custodial / Facilities,4
2020,primary,Food Service,1
2020,primary,Guidance / Adjustment Counselor,1
2020,primary,Nurse,1
2020,primary,Paraprofessional,13
2020,primary,Principal,1
2020,primary,School Psychologist,2
2020,primary,Special Education Teacher,3
2020,primary,Specialist Teacher,5
2020,primary,Speech / OT / PT,3
2020,turkey-hill,(unmapped),6
2020,turkey-hill,Administrative Staff,1
2020,turkey-hill,Assistant Principal,1
2020,turkey-hill,Behaviour / BCBA,1
2020,turkey-hill,Classroom Teacher,22
2020,turkey-hill,Custodial / Facilities,5
2020,turkey-hill,Guidance / Adjustment Counselor,2
2020,turkey-hill,Nurse,1
2020,turkey-hill,Paraprofessional,14
2020,turkey-hill,Principal,1
2020,turkey-hill,School Psychologist,2
2020,turkey-hill,Specialist Teacher,4
2020,turkey-hill,Speech / OT / PT,2
2021,central-office,(unmapped),11
2021,central-office,Director,1
2021,high,(unmapped),34
2021,high,Administrative Staff,2
2021,high,Classroom Teacher,11
2021,high,Custodial / Facilities,6
2021,high,Director,1
2021,high,Guidance / Adjustment Counselor,3
2021,high,Paraprofessional,15
2021,high,Speech / OT / PT,1
2021,middle,(unmapped),20
2021,middle,Behaviour / BCBA,1
2021,middle,Custodial / Facilities,1
2021,middle,Department Head,3
2021,middle,Food Service,1
2021,middle,Paraprofessional,12
2021,middle,School Psychologist,1
2021,middle,Specialist Teacher,6
2021,middle,Speech / OT / PT,1
2021,primary,(unmapped),8
2021,primary,Administrative Staff,1
2021,primary,Behaviour / BCBA,1
2021,primary,Classroom Teacher,13
2021,primary,Custodial / Facilities,3
2021,primary,Food Service,3
2021,primary,Paraprofessional,17
2021,primary,Special Education Teacher,3
2021,primary,Specialist Teacher,4
2021,primary,Speech / OT / PT,2
2021,turkey-hill,(unmapped),10
2021,turkey-hill,Administrative Staff,2
2021,turkey-hill,Assistant Principal,1
2021,turkey-hill,Behaviour / BCBA,1
2021,turkey-hill,Classroom Teacher,13
2021,turkey-hill,Custodial / Facilities,6
2021,turkey-hill,Food Service,1
2021,turkey-hill,Guidance / Adjustment Counselor,1
2021,turkey-hill,Nurse,2
2021,turkey-hill,Paraprofessional,17
2021,turkey-hill,Principal,1
2021,turkey-hill,School Psychologist,1
2021,turkey-hill,Specialist Teacher,1
2021,turkey-hill,Speech / OT / PT,2
2022,central-office,(unmapped),12
2022,central-office,Director,1
2022,high,(unmapped),8
2022,high,Administrative Staff,5
2022,high,Assistant Principal,3
2022,high,Behaviour / BCBA,1
2022,high,Classroom Teacher,17
2022,high,Department Head,6
2022,high,Guidance / Adjustment Counselor,2
2022,high,Principal,1
2022,high,School Psychologist,1
2022,high,Specialist Teacher,4
2022,high,Speech / OT / PT,1
2022,middle,(unmapped),27
2022,middle,Administrative Staff,1
2022,middle,Behaviour / BCBA,1
2022,middle,Custodial / Facilities,6
2022,middle,Department Head,6
2022,middle,Food Service,6
2022,middle,Nurse,1
2022,middle,Paraprofessional,15
2022,middle,School Psychologist,1
2022,middle,Special Education Teacher,3
2022,middle,Specialist Teacher,13
2022,middle,Speech / OT / PT,1
2022,primary,(unmapped),10
2022,primary,Administrative Staff,2
2022,primary,Assistant Principal,1
2022,primary,Classroom Teacher,20
2022,primary,Custodial / Facilities,3
2022,primary,Food Service,3
2022,primary,Guidance / Adjustment Counselor,2
2022,primary,Nurse,1
2022,primary,Paraprofessional,19
2022,primary,Principal,1
2022,primary,School Psychologist,1
2022,primary,Special Education Teacher,3
2022,primary,Specialist Teacher,4
2022,primary,Speech / OT / PT,1
2022,turkey-hill,(unmapped),10
2022,turkey-hill,Administrative Staff,2
2022,turkey-hill,Assistant Principal,1
2022,turkey-hill,Behaviour / BCBA,1
2022,turkey-hill,Classroom Teacher,24
2022,turkey-hill,Custodial / Facilities,7
2022,turkey-hill,Director,1
2022,turkey-hill,Guidance / Adjustment Counselor,1
2022,turkey-hill,Nurse,2
2022,turkey-hill,Paraprofessional,14
2022,turkey-hill,Principal,1
2022,turkey-hill,School Psychologist,1
2022,turkey-hill,Specialist Teacher,4
2022,turkey-hill,Speech / OT / PT,2
2023,high,(unmapped),23
2023,high,Administrative Staff,4
2023,high,Assistant Principal,2
2023,high,Behaviour / BCBA,1
2023,high,Classroom Teacher,23
2023,high,Custodial / Facilities,3
2023,high,Director,1
2023,high,Food Service,3
2023,high,Guidance / Adjustment Counselor,3
2023,high,Nurse,1
2023,high,Paraprofessional,14
2023,high,Principal,1
2023,high,Specialist Teacher,1
2023,middle,(unmapped),20
2023,middle,Administrative Staff,1
2023,middle,Assistant Principal,1
2023,middle,Behaviour / BCBA,1
2023,middle,Classroom Teacher,1
2023,middle,Custodial / Facilities,1
2023,middle,Department Head,3
2023,middle,Nurse,1
2023,middle,Paraprofessional,6
2023,middle,Principal,1
2023,middle,School Psychologist,1
2023,middle,Specialist Teacher,4
2023,middle,Speech / OT / PT,1
2023,primary,(unmapped),21
2023,primary,Administrative Staff,2
2023,primary,Assistant Principal,2
2023,primary,Behaviour / BCBA,1
2023,primary,Classroom Teacher,25
2023,primary,Custodial / Facilities,2
2023,primary,Food Service,1
2023,primary,Guidance / Adjustment Counselor,1
2023,primary,Nurse,1
2023,primary,Paraprofessional,22
2023,primary,Principal,1
2023,primary,Specialist Teacher,3
2023,primary,Speech / OT / PT,2
2023,turkey-hill,(unmapped),20
2023,turkey-hill,Classroom Teacher,7
2023,turkey-hill,Custodial / Facilities,6
2023,turkey-hill,Food Service,1
2023,turkey-hill,Guidance / Adjustment Counselor,1
2023,turkey-hill,Nurse,1
2023,turkey-hill,Paraprofessional,16
2023,turkey-hill,School Psychologist,1
2023,turkey-hill,Specialist Teacher,4
2023,turkey-hill,Speech / OT / PT,2
2024,high,(unmapped),13
2024,high,Administrative Staff,2
2024,high,Behaviour / BCBA,1
2024,high,Classroom Teacher,23
2024,high,Coach / Athletics,1
2024,high,Custodial / Facilities,4
2024,high,Director,1
2024,high,Food Service,8
2024,high,Guidance / Adjustment Counselor,3
2024,high,Paraprofessional,14
2024,high,Specialist Teacher,6
2024,high,Speech / OT / PT,1
2024,middle,(unmapped),22
2024,middle,Administrative Staff,1
2024,middle,Assistant Principal,1
2024,middle,Behaviour / BCBA,1
2024,middle,Classroom Teacher,1
2024,middle,Department Head,3
2024,middle,Food Service,1
2024,middle,Nurse,1
2024,middle,Paraprofessional,18
2024,middle,Principal,1
2024,middle,School Psychologist,1
2024,middle,Specialist Teacher,6
2024,middle,Speech / OT / PT,1
2024,primary,(unmapped),8
2024,primary,Administrative Staff,2
2024,primary,Assistant Principal,1
2024,primary,Behaviour / BCBA,1
2024,primary,Classroom Teacher,23
2024,primary,Custodial / Facilities,3
2024,primary,Food Service,3
2024,primary,Guidance / Adjustment Counselor,1
2024,primary,Nurse,1
2024,primary,Paraprofessional,20
2024,primary,Principal,1
2024,primary,School Psychologist,1
2024,primary,Specialist Teacher,6
2024,primary,Speech / OT / PT,2
2024,turkey-hill,(unmapped),27
2024,turkey-hill,Administrative Staff,4
2024,turkey-hill,Assistant Principal,2
2024,turkey-hill,Behaviour / BCBA,2
2024,turkey-hill,Classroom Teacher,35
2024,turkey-hill,Custodial / Facilities,13
2024,turkey-hill,Director,1
2024,turkey-hill,Food Service,1
2024,turkey-hill,Guidance / Adjustment Counselor,2
2024,turkey-hill,Nurse,3
2024,turkey-hill,Paraprofessional,29
2024,turkey-hill,Principal,2
2024,turkey-hill,School Psychologist,2
2024,turkey-hill,Specialist Teacher,8
2024,turkey-hill,Speech / OT / PT,4
2025,high,(unmapped),4
2025,high,Administrative Staff,2
2025,high,Assistant Principal,2
2025,high,Classroom Teacher,38
2025,high,Custodial / Facilities,2
2025,high,Guidance / Adjustment Counselor,3
2025,high,Nurse,1
2025,high,Paraprofessional,11
2025,high,Principal,1
2025,middle,(unmapped),18
2025,middle,Administrative Staff,1
2025,middle,Assistant Principal,1
2025,middle,Behaviour / BCBA,1
2025,middle,Custodial / Facilities,1
2025,middle,Department Head,3
2025,middle,Food Service,1
2025,middle,Guidance / Adjustment Counselor,1
2025,middle,Nurse,1
2025,middle,Paraprofessional,11
2025,middle,Principal,1
2025,middle,School Psychologist,1
2025,middle,Special Education Teacher,2
2025,middle,Specialist Teacher,5
2025,middle,Speech / OT / PT,1
2025,primary,(unmapped),14
2025,primary,Administrative Staff,1
2025,primary,Assistant Principal,1
2025,primary,Behaviour / BCBA,1
2025,primary,Classroom Teacher,16
2025,primary,Custodial / Facilities,2
2025,primary,Director,2
2025,primary,Food Service,3
2025,primary,Guidance / Adjustment Counselor,1
2025,primary,Nurse,1
2025,primary,Paraprofessional,20
2025,primary,Principal,1
2025,primary,School Psychologist,1
2025,primary,Special Education Teacher,2
2025,primary,Specialist Teacher,4
2025,primary,Speech / OT / PT,3
2025,turkey-hill,(unmapped),6
2025,turkey-hill,Administrative Staff,1
2025,turkey-hill,Assistant Principal,2
2025,turkey-hill,Classroom Teacher,23
2025,turkey-hill,Custodial / Facilities,6
2025,turkey-hill,Food Service,4
2025,turkey-hill,Nurse,1
2025,turkey-hill,Paraprofessional,10
2025,turkey-hill,Principal,2
2025,turkey-hill,School Psychologist,1
2025,turkey-hill,Specialist Teacher,4
2025,turkey-hill,Speech / OT / PT,4
