"sy","dist_code","dist_name","ind_cat","ind_subcat","ind_value","ind_value_type"
"2025","01620000","Lunenburg","Student Enrollment","In-District FTE Pupils","1568.9","Count"
"2025","01620000","Lunenburg","Student Enrollment","Out-of-District FTE Pupils","97.0","Count"
"2025","01620000","Lunenburg","Student Enrollment","Total FTE Pupils","1665.9","Count"
"2025","01620000","Lunenburg","Student Demographics","English learner % Headcount","3.5","Percent"
"2025","01620000","Lunenburg","Student Demographics","Low-Income % Headcount","23.3","Percent"
"2025","01620000","Lunenburg","Student Demographics","Student Headcount","1563.0","Count"
"2025","01620000","Lunenburg","Student Demographics","Students with disabilities % Headcount","15.8","Percent"
"2025","01620000","Lunenburg","Teacher Salaries","Average Teacher Salary","97233.0","Amount"
"2025","01620000","Lunenburg","Teacher Salaries","Teacher FTE","105.1","Count"
"2025","01620000","Lunenburg","Teacher Salaries","Teachers per 100 FTE students","6.7","Count"
"2025","01620000","Lunenburg","Other Staff","Instructional Coach FTE","1.0","Count"
"2025","01620000","Lunenburg","Other Staff","Instructional Support FTE","11.5","Count"
"2025","01620000","Lunenburg","Other Staff","Paraprofessional FTE","67.0","Count"
"2025","01620000","Lunenburg","Other Staff","Special Education Instructional Support FTE","0.0","Count"
"2025","01620000","Lunenburg","MCAS Performance","ELA Grade 10 % Meets or Exceeds","57.0","Percent"
"2025","01620000","Lunenburg","MCAS Performance","ELA Grades 3-8 % Meets or Exceeds","45.9","Percent"
"2025","01620000","Lunenburg","MCAS Performance","Math Grade 10 % Meets or Exceeds","50.9","Percent"
"2025","01620000","Lunenburg","MCAS Performance","Math Grades 3-8 % Meets or Exceeds","46.2","Percent"
"2025","01620000","Lunenburg","Expenditures Per Pupil","Administration","581.0","Amount"
"2025","01620000","Lunenburg","Expenditures Per Pupil","Guidance, Counseling and Testing","677.0","Amount"
"2025","01620000","Lunenburg","Expenditures Per Pupil","Instructional Leadership","1109.0","Amount"
"2025","01620000","Lunenburg","Expenditures Per Pupil","Instructional Materials, Equipment and Technology","226.0","Amount"
"2025","01620000","Lunenburg","Expenditures Per Pupil","Insurance, Retirement Programs and Other","3459.0","Amount"
"2025","01620000","Lunenburg","Expenditures Per Pupil","Operations and Maintenance","1253.0","Amount"
"2025","01620000","Lunenburg","Expenditures Per Pupil","Other Teaching Services","2010.0","Amount"
"2025","01620000","Lunenburg","Expenditures Per Pupil","Professional Development","48.0","Amount"
"2025","01620000","Lunenburg","Expenditures Per Pupil","Pupil Services","1908.0","Amount"
"2025","01620000","Lunenburg","Expenditures Per Pupil","Teachers","6513.0","Amount"
"2025","01620000","Lunenburg","Expenditures Per Pupil","Total Expenditures","18027.0","Amount"
"2025","01620000","Lunenburg","Expenditures Per Pupil","Total In-District Expenditures","17785.0","Amount"
"2024","01620000","Lunenburg","Student Enrollment","In-District FTE Pupils","1580.5","Count"
"2024","01620000","Lunenburg","Student Enrollment","Out-of-District FTE Pupils","99.9","Count"
"2024","01620000","Lunenburg","Student Enrollment","Total FTE Pupils","1680.4","Count"
"2024","01620000","Lunenburg","Student Demographics","English learner % Headcount","3.0","Percent"
"2024","01620000","Lunenburg","Student Demographics","Low-Income % Headcount","24.8","Percent"
"2024","01620000","Lunenburg","Student Demographics","Student Headcount","1580.0","Count"
"2024","01620000","Lunenburg","Student Demographics","Students with disabilities % Headcount","14.7","Percent"
"2024","01620000","Lunenburg","Teacher Salaries","Average Teacher Salary","98894.0","Amount"
"2024","01620000","Lunenburg","Teacher Salaries","Teacher FTE","114.0","Count"
"2024","01620000","Lunenburg","Teacher Salaries","Teachers per 100 FTE students","7.2","Count"
"2024","01620000","Lunenburg","Other Staff","Instructional Coach FTE","1.0","Count"
"2024","01620000","Lunenburg","Other Staff","Instructional Support FTE","9.3","Count"
"2024","01620000","Lunenburg","Other Staff","Paraprofessional FTE","66.0","Count"
"2024","01620000","Lunenburg","Other Staff","Special Education Instructional Support FTE","1.0","Count"
"2024","01620000","Lunenburg","MCAS Performance","ELA Grade 10 % Meets or Exceeds","66.7","Percent"
"2024","01620000","Lunenburg","MCAS Performance","ELA Grades 3-8 % Meets or Exceeds","39.4","Percent"
"2024","01620000","Lunenburg","MCAS Performance","Math Grade 10 % Meets or Exceeds","60.5","Percent"
"2024","01620000","Lunenburg","MCAS Performance","Math Grades 3-8 % Meets or Exceeds","45.8","Percent"
"2024","01620000","Lunenburg","Expenditures Per Pupil","Administration","733.0","Amount"
"2024","01620000","Lunenburg","Expenditures Per Pupil","Guidance, Counseling and Testing","1001.0","Amount"
"2024","01620000","Lunenburg","Expenditures Per Pupil","Instructional Leadership","1080.0","Amount"
"2024","01620000","Lunenburg","Expenditures Per Pupil","Instructional Materials, Equipment and Technology","441.0","Amount"
"2024","01620000","Lunenburg","Expenditures Per Pupil","Insurance, Retirement Programs and Other","2082.0","Amount"
"2024","01620000","Lunenburg","Expenditures Per Pupil","Operations and Maintenance","1472.0","Amount"
"2024","01620000","Lunenburg","Expenditures Per Pupil","Other Teaching Services","2092.0","Amount"
"2024","01620000","Lunenburg","Expenditures Per Pupil","Professional Development","18.0","Amount"
"2024","01620000","Lunenburg","Expenditures Per Pupil","Pupil Services","978.0","Amount"
"2024","01620000","Lunenburg","Expenditures Per Pupil","Teachers","7133.0","Amount"
"2024","01620000","Lunenburg","Expenditures Per Pupil","Total Expenditures","17601.0","Amount"
"2024","01620000","Lunenburg","Expenditures Per Pupil","Total In-District Expenditures","17029.0","Amount"
"2023","01620000","Lunenburg","Student Enrollment","In-District FTE Pupils","1566.1","Count"
"2023","01620000","Lunenburg","Student Enrollment","Out-of-District FTE Pupils","105.4","Count"
"2023","01620000","Lunenburg","Student Enrollment","Total FTE Pupils","1671.5","Count"
"2023","01620000","Lunenburg","Student Demographics","English learner % Headcount","2.2","Percent"
"2023","01620000","Lunenburg","Student Demographics","Low-Income % Headcount","24.9","Percent"
"2023","01620000","Lunenburg","Student Demographics","Student Headcount","1562.0","Count"
"2023","01620000","Lunenburg","Student Demographics","Students with disabilities % Headcount","14.9","Percent"
"2023","01620000","Lunenburg","Teacher Salaries","Average Teacher Salary","88019.0","Amount"
"2023","01620000","Lunenburg","Teacher Salaries","Teacher FTE","112.8","Count"
"2023","01620000","Lunenburg","Teacher Salaries","Teachers per 100 FTE students","7.2","Count"
"2023","01620000","Lunenburg","Other Staff","Instructional Coach FTE","0.0","Count"
"2023","01620000","Lunenburg","Other Staff","Instructional Support FTE","9.3","Count"
"2023","01620000","Lunenburg","Other Staff","Paraprofessional FTE","59.0","Count"
"2023","01620000","Lunenburg","Other Staff","Special Education Instructional Support FTE","1.0","Count"
"2023","01620000","Lunenburg","MCAS Performance","ELA Grade 10 % Meets or Exceeds","61.4","Percent"
"2023","01620000","Lunenburg","MCAS Performance","ELA Grades 3-8 % Meets or Exceeds","44.1","Percent"
"2023","01620000","Lunenburg","MCAS Performance","Math Grade 10 % Meets or Exceeds","65.4","Percent"
"2023","01620000","Lunenburg","MCAS Performance","Math Grades 3-8 % Meets or Exceeds","43.6","Percent"
"2023","01620000","Lunenburg","Expenditures Per Pupil","Administration","805.0","Amount"
"2023","01620000","Lunenburg","Expenditures Per Pupil","Guidance, Counseling and Testing","795.0","Amount"
"2023","01620000","Lunenburg","Expenditures Per Pupil","Instructional Leadership","1209.0","Amount"
"2023","01620000","Lunenburg","Expenditures Per Pupil","Instructional Materials, Equipment and Technology","262.0","Amount"
"2023","01620000","Lunenburg","Expenditures Per Pupil","Insurance, Retirement Programs and Other","3573.0","Amount"
"2023","01620000","Lunenburg","Expenditures Per Pupil","Operations and Maintenance","1190.0","Amount"
"2023","01620000","Lunenburg","Expenditures Per Pupil","Other Teaching Services","1596.0","Amount"
"2023","01620000","Lunenburg","Expenditures Per Pupil","Professional Development","230.0","Amount"
"2023","01620000","Lunenburg","Expenditures Per Pupil","Pupil Services","1772.0","Amount"
"2023","01620000","Lunenburg","Expenditures Per Pupil","Teachers","6262.0","Amount"
"2023","01620000","Lunenburg","Expenditures Per Pupil","Total Expenditures","17684.0","Amount"
"2023","01620000","Lunenburg","Expenditures Per Pupil","Total In-District Expenditures","17695.0","Amount"
"2022","01620000","Lunenburg","Student Enrollment","In-District FTE Pupils","1599.8","Count"
"2022","01620000","Lunenburg","Student Enrollment","Out-of-District FTE Pupils","125.1","Count"
"2022","01620000","Lunenburg","Student Enrollment","Total FTE Pupils","1724.9","Count"
"2022","01620000","Lunenburg","Student Demographics","English learner % Headcount","1.4","Percent"
"2022","01620000","Lunenburg","Student Demographics","Low-Income % Headcount","25.6","Percent"
"2022","01620000","Lunenburg","Student Demographics","Student Headcount","1597.0","Count"
"2022","01620000","Lunenburg","Student Demographics","Students with disabilities % Headcount","14.1","Percent"
"2022","01620000","Lunenburg","Teacher Salaries","Average Teacher Salary","85426.0","Amount"
"2022","01620000","Lunenburg","Teacher Salaries","Teacher FTE","111.3","Count"
"2022","01620000","Lunenburg","Teacher Salaries","Teachers per 100 FTE students","7.0","Count"
"2022","01620000","Lunenburg","Other Staff","Instructional Coach FTE","0.0","Count"
"2022","01620000","Lunenburg","Other Staff","Instructional Support FTE","9.5","Count"
"2022","01620000","Lunenburg","Other Staff","Paraprofessional FTE","55.5","Count"
"2022","01620000","Lunenburg","Other Staff","Special Education Instructional Support FTE","1.0","Count"
"2022","01620000","Lunenburg","MCAS Performance","ELA Grade 10 % Meets or Exceeds","65.0","Percent"
"2022","01620000","Lunenburg","MCAS Performance","ELA Grades 3-8 % Meets or Exceeds","40.5","Percent"
"2022","01620000","Lunenburg","MCAS Performance","Math Grade 10 % Meets or Exceeds","59.5","Percent"
"2022","01620000","Lunenburg","MCAS Performance","Math Grades 3-8 % Meets or Exceeds","38.6","Percent"
"2022","01620000","Lunenburg","Expenditures Per Pupil","Administration","763.0","Amount"
"2022","01620000","Lunenburg","Expenditures Per Pupil","Guidance, Counseling and Testing","607.0","Amount"
"2022","01620000","Lunenburg","Expenditures Per Pupil","Instructional Leadership","1215.0","Amount"
"2022","01620000","Lunenburg","Expenditures Per Pupil","Instructional Materials, Equipment and Technology","193.0","Amount"
"2022","01620000","Lunenburg","Expenditures Per Pupil","Insurance, Retirement Programs and Other","2919.0","Amount"
"2022","01620000","Lunenburg","Expenditures Per Pupil","Operations and Maintenance","1224.0","Amount"
"2022","01620000","Lunenburg","Expenditures Per Pupil","Other Teaching Services","1483.0","Amount"
"2022","01620000","Lunenburg","Expenditures Per Pupil","Professional Development","132.0","Amount"
"2022","01620000","Lunenburg","Expenditures Per Pupil","Pupil Services","1460.0","Amount"
"2022","01620000","Lunenburg","Expenditures Per Pupil","Teachers","5878.0","Amount"
"2022","01620000","Lunenburg","Expenditures Per Pupil","Total Expenditures","15864.0","Amount"
"2022","01620000","Lunenburg","Expenditures Per Pupil","Total In-District Expenditures","15873.0","Amount"
"2021","01620000","Lunenburg","Student Enrollment","In-District FTE Pupils","1575.5","Count"
"2021","01620000","Lunenburg","Student Enrollment","Out-of-District FTE Pupils","124.2","Count"
"2021","01620000","Lunenburg","Student Enrollment","Total FTE Pupils","1699.7","Count"
"2021","01620000","Lunenburg","Student Demographics","English learner % Headcount","1.1","Percent"
"2021","01620000","Lunenburg","Student Demographics","Low-Income % Headcount","20.7","Percent"
"2021","01620000","Lunenburg","Student Demographics","Student Headcount","1593.0","Count"
"2021","01620000","Lunenburg","Student Demographics","Students with disabilities % Headcount","16.3","Percent"
"2021","01620000","Lunenburg","Teacher Salaries","Average Teacher Salary","85067.0","Amount"
"2021","01620000","Lunenburg","Teacher Salaries","Teacher FTE","108.7","Count"
"2021","01620000","Lunenburg","Teacher Salaries","Teachers per 100 FTE students","6.9","Count"
"2021","01620000","Lunenburg","Other Staff","Instructional Coach FTE","0.0","Count"
"2021","01620000","Lunenburg","Other Staff","Instructional Support FTE","7.4","Count"
"2021","01620000","Lunenburg","Other Staff","Paraprofessional FTE","59.5","Count"
"2021","01620000","Lunenburg","Other Staff","Special Education Instructional Support FTE","2.0","Count"
"2021","01620000","Lunenburg","MCAS Performance","ELA Grade 10 % Meets or Exceeds","83.2","Percent"
"2021","01620000","Lunenburg","MCAS Performance","ELA Grades 3-8 % Meets or Exceeds","50.4","Percent"
"2021","01620000","Lunenburg","MCAS Performance","Math Grade 10 % Meets or Exceeds","77.6","Percent"
"2021","01620000","Lunenburg","MCAS Performance","Math Grades 3-8 % Meets or Exceeds","36.7","Percent"
"2021","01620000","Lunenburg","Expenditures Per Pupil","Administration","772.0","Amount"
"2021","01620000","Lunenburg","Expenditures Per Pupil","Guidance, Counseling and Testing","518.0","Amount"
"2021","01620000","Lunenburg","Expenditures Per Pupil","Instructional Leadership","910.0","Amount"
"2021","01620000","Lunenburg","Expenditures Per Pupil","Instructional Materials, Equipment and Technology","449.0","Amount"
"2021","01620000","Lunenburg","Expenditures Per Pupil","Insurance, Retirement Programs and Other","2956.0","Amount"
"2021","01620000","Lunenburg","Expenditures Per Pupil","Operations and Maintenance","1136.0","Amount"
"2021","01620000","Lunenburg","Expenditures Per Pupil","Other Teaching Services","1473.0","Amount"
"2021","01620000","Lunenburg","Expenditures Per Pupil","Professional Development","58.0","Amount"
"2021","01620000","Lunenburg","Expenditures Per Pupil","Pupil Services","1059.0","Amount"
"2021","01620000","Lunenburg","Expenditures Per Pupil","Teachers","5869.0","Amount"
"2021","01620000","Lunenburg","Expenditures Per Pupil","Total Expenditures","15201.0","Amount"
"2021","01620000","Lunenburg","Expenditures Per Pupil","Total In-District Expenditures","15201.0","Amount"
"2020","01620000","Lunenburg","Student Enrollment","In-District FTE Pupils","1651.3","Count"
"2020","01620000","Lunenburg","Student Enrollment","Out-of-District FTE Pupils","121.5","Count"
"2020","01620000","Lunenburg","Student Enrollment","Total FTE Pupils","1772.8","Count"
"2020","01620000","Lunenburg","Student Demographics","English learner % Headcount","1.1","Percent"
"2020","01620000","Lunenburg","Student Demographics","Low-Income % Headcount","16.9","Percent"
"2020","01620000","Lunenburg","Student Demographics","Student Headcount","1641.0","Count"
"2020","01620000","Lunenburg","Student Demographics","Students with disabilities % Headcount","15.4","Percent"
"2020","01620000","Lunenburg","Teacher Salaries","Average Teacher Salary","83054.0","Amount"
"2020","01620000","Lunenburg","Teacher Salaries","Teacher FTE","107.4","Count"
"2020","01620000","Lunenburg","Teacher Salaries","Teachers per 100 FTE students","6.5","Count"
"2020","01620000","Lunenburg","Other Staff","Instructional Coach FTE","1.0","Count"
"2020","01620000","Lunenburg","Other Staff","Instructional Support FTE","5.9","Count"
"2020","01620000","Lunenburg","Other Staff","Paraprofessional FTE","57.0","Count"
"2020","01620000","Lunenburg","Other Staff","Special Education Instructional Support FTE","2.0","Count"
"2020","01620000","Lunenburg","Expenditures Per Pupil","Administration","674.0","Amount"
"2020","01620000","Lunenburg","Expenditures Per Pupil","Guidance, Counseling and Testing","472.0","Amount"
"2020","01620000","Lunenburg","Expenditures Per Pupil","Instructional Leadership","728.0","Amount"
"2020","01620000","Lunenburg","Expenditures Per Pupil","Instructional Materials, Equipment and Technology","143.0","Amount"
"2020","01620000","Lunenburg","Expenditures Per Pupil","Insurance, Retirement Programs and Other","2576.0","Amount"
"2020","01620000","Lunenburg","Expenditures Per Pupil","Operations and Maintenance","991.0","Amount"
"2020","01620000","Lunenburg","Expenditures Per Pupil","Other Teaching Services","1334.0","Amount"
"2020","01620000","Lunenburg","Expenditures Per Pupil","Professional Development","74.0","Amount"
"2020","01620000","Lunenburg","Expenditures Per Pupil","Pupil Services","1060.0","Amount"
"2020","01620000","Lunenburg","Expenditures Per Pupil","Teachers","5394.0","Amount"
"2020","01620000","Lunenburg","Expenditures Per Pupil","Total Expenditures","13797.0","Amount"
"2020","01620000","Lunenburg","Expenditures Per Pupil","Total In-District Expenditures","13446.0","Amount"
"2019","01620000","Lunenburg","Student Enrollment","In-District FTE Pupils","1654.0","Count"
"2019","01620000","Lunenburg","Student Enrollment","Out-of-District FTE Pupils","130.4","Count"
"2019","01620000","Lunenburg","Student Enrollment","Total FTE Pupils","1784.4","Count"
"2019","01620000","Lunenburg","Student Demographics","English learner % Headcount","1.5","Percent"
"2019","01620000","Lunenburg","Student Demographics","Low-Income % Headcount","16.7","Percent"
"2019","01620000","Lunenburg","Student Demographics","Student Headcount","1649.0","Count"
"2019","01620000","Lunenburg","Student Demographics","Students with disabilities % Headcount","16.7","Percent"
"2019","01620000","Lunenburg","Teacher Salaries","Average Teacher Salary","77908.0","Amount"
"2019","01620000","Lunenburg","Teacher Salaries","Teacher FTE","110.5","Count"
"2019","01620000","Lunenburg","Teacher Salaries","Teachers per 100 FTE students","6.7","Count"
"2019","01620000","Lunenburg","Other Staff","Instructional Coach FTE","0.0","Count"
"2019","01620000","Lunenburg","Other Staff","Instructional Support FTE","5.4","Count"
"2019","01620000","Lunenburg","Other Staff","Paraprofessional FTE","53.0","Count"
"2019","01620000","Lunenburg","Other Staff","Special Education Instructional Support FTE","2.0","Count"
"2019","01620000","Lunenburg","MCAS Performance","ELA Grade 10 % Meets or Exceeds","77.1","Percent"
"2019","01620000","Lunenburg","MCAS Performance","ELA Grades 3-8 % Meets or Exceeds","47.4","Percent"
"2019","01620000","Lunenburg","MCAS Performance","Math Grade 10 % Meets or Exceeds","71.3","Percent"
"2019","01620000","Lunenburg","MCAS Performance","Math Grades 3-8 % Meets or Exceeds","55.4","Percent"
"2019","01620000","Lunenburg","Expenditures Per Pupil","Administration","571.0","Amount"
"2019","01620000","Lunenburg","Expenditures Per Pupil","Guidance, Counseling and Testing","456.0","Amount"
"2019","01620000","Lunenburg","Expenditures Per Pupil","Instructional Leadership","751.0","Amount"
"2019","01620000","Lunenburg","Expenditures Per Pupil","Instructional Materials, Equipment and Technology","147.0","Amount"
"2019","01620000","Lunenburg","Expenditures Per Pupil","Insurance, Retirement Programs and Other","2843.0","Amount"
"2019","01620000","Lunenburg","Expenditures Per Pupil","Operations and Maintenance","967.0","Amount"
"2019","01620000","Lunenburg","Expenditures Per Pupil","Other Teaching Services","1322.0","Amount"
"2019","01620000","Lunenburg","Expenditures Per Pupil","Professional Development","76.0","Amount"
"2019","01620000","Lunenburg","Expenditures Per Pupil","Pupil Services","1212.0","Amount"
"2019","01620000","Lunenburg","Expenditures Per Pupil","Teachers","5205.0","Amount"
"2019","01620000","Lunenburg","Expenditures Per Pupil","Total Expenditures","13783.0","Amount"
"2019","01620000","Lunenburg","Expenditures Per Pupil","Total In-District Expenditures","13548.0","Amount"
"2018","01620000","Lunenburg","Student Enrollment","In-District FTE Pupils","1620.5","Count"
"2018","01620000","Lunenburg","Student Enrollment","Out-of-District FTE Pupils","143.4","Count"
"2018","01620000","Lunenburg","Student Enrollment","Total FTE Pupils","1763.9","Count"
"2018","01620000","Lunenburg","Student Demographics","English learner % Headcount","2.1","Percent"
"2018","01620000","Lunenburg","Student Demographics","Low-Income % Headcount","16.1","Percent"
"2018","01620000","Lunenburg","Student Demographics","Student Headcount","1641.0","Count"
"2018","01620000","Lunenburg","Student Demographics","Students with disabilities % Headcount","16.2","Percent"
"2018","01620000","Lunenburg","Teacher Salaries","Average Teacher Salary","74236.0","Amount"
"2018","01620000","Lunenburg","Teacher Salaries","Teacher FTE","115.1","Count"
"2018","01620000","Lunenburg","Teacher Salaries","Teachers per 100 FTE students","7.1","Count"
"2018","01620000","Lunenburg","Other Staff","Instructional Coach FTE","0.0","Count"
"2018","01620000","Lunenburg","Other Staff","Instructional Support FTE","6.9","Count"
"2018","01620000","Lunenburg","Other Staff","Paraprofessional FTE","51.0","Count"
"2018","01620000","Lunenburg","Other Staff","Special Education Instructional Support FTE","1.0","Count"
"2018","01620000","Lunenburg","MCAS Performance","ELA Grade 10 % Meets or Exceeds","98.1","Percent"
"2018","01620000","Lunenburg","MCAS Performance","ELA Grades 3-8 % Meets or Exceeds","50.4","Percent"
"2018","01620000","Lunenburg","MCAS Performance","Math Grade 10 % Meets or Exceeds","82.9","Percent"
"2018","01620000","Lunenburg","MCAS Performance","Math Grades 3-8 % Meets or Exceeds","53.2","Percent"
"2018","01620000","Lunenburg","Expenditures Per Pupil","Administration","599.0","Amount"
"2018","01620000","Lunenburg","Expenditures Per Pupil","Guidance, Counseling and Testing","426.0","Amount"
"2018","01620000","Lunenburg","Expenditures Per Pupil","Instructional Leadership","797.0","Amount"
"2018","01620000","Lunenburg","Expenditures Per Pupil","Instructional Materials, Equipment and Technology","222.0","Amount"
"2018","01620000","Lunenburg","Expenditures Per Pupil","Insurance, Retirement Programs and Other","2756.0","Amount"
"2018","01620000","Lunenburg","Expenditures Per Pupil","Operations and Maintenance","994.0","Amount"
"2018","01620000","Lunenburg","Expenditures Per Pupil","Other Teaching Services","1355.0","Amount"
"2018","01620000","Lunenburg","Expenditures Per Pupil","Professional Development","50.0","Amount"
"2018","01620000","Lunenburg","Expenditures Per Pupil","Pupil Services","1215.0","Amount"
"2018","01620000","Lunenburg","Expenditures Per Pupil","Teachers","5270.0","Amount"
"2018","01620000","Lunenburg","Expenditures Per Pupil","Total Expenditures","13828.0","Amount"
"2018","01620000","Lunenburg","Expenditures Per Pupil","Total In-District Expenditures","13684.0","Amount"
"2017","01620000","Lunenburg","Student Enrollment","In-District FTE Pupils","1619.3","Count"
"2017","01620000","Lunenburg","Student Enrollment","Out-of-District FTE Pupils","161.8","Count"
"2017","01620000","Lunenburg","Student Enrollment","Total FTE Pupils","1781.1","Count"
"2017","01620000","Lunenburg","Student Demographics","English learner % Headcount","1.6","Percent"
"2017","01620000","Lunenburg","Student Demographics","Low-Income % Headcount","16.3","Percent"
"2017","01620000","Lunenburg","Student Demographics","Student Headcount","1613.0","Count"
"2017","01620000","Lunenburg","Student Demographics","Students with disabilities % Headcount","17.4","Percent"
"2017","01620000","Lunenburg","Teacher Salaries","Teacher FTE","112.1","Count"
"2017","01620000","Lunenburg","Teacher Salaries","Teachers per 100 FTE students","6.9","Count"
"2017","01620000","Lunenburg","Other Staff","Instructional Coach FTE","0.0","Count"
"2017","01620000","Lunenburg","Other Staff","Instructional Support FTE","7.7","Count"
"2017","01620000","Lunenburg","Other Staff","Paraprofessional FTE","59.5","Count"
"2017","01620000","Lunenburg","Other Staff","Special Education Instructional Support FTE","1.0","Count"
"2017","01620000","Lunenburg","MCAS Performance","ELA Grade 10 % Meets or Exceeds","92.9","Percent"
"2017","01620000","Lunenburg","MCAS Performance","ELA Grades 3-8 % Meets or Exceeds","48.9","Percent"
"2017","01620000","Lunenburg","MCAS Performance","Math Grade 10 % Meets or Exceeds","90.3","Percent"
"2017","01620000","Lunenburg","MCAS Performance","Math Grades 3-8 % Meets or Exceeds","53.7","Percent"
"2017","01620000","Lunenburg","Expenditures Per Pupil","Administration","514.0","Amount"
"2017","01620000","Lunenburg","Expenditures Per Pupil","Guidance, Counseling and Testing","355.0","Amount"
"2017","01620000","Lunenburg","Expenditures Per Pupil","Instructional Leadership","793.0","Amount"
"2017","01620000","Lunenburg","Expenditures Per Pupil","Instructional Materials, Equipment and Technology","157.0","Amount"
"2017","01620000","Lunenburg","Expenditures Per Pupil","Insurance, Retirement Programs and Other","2511.0","Amount"
"2017","01620000","Lunenburg","Expenditures Per Pupil","Operations and Maintenance","914.0","Amount"
"2017","01620000","Lunenburg","Expenditures Per Pupil","Other Teaching Services","1315.0","Amount"
"2017","01620000","Lunenburg","Expenditures Per Pupil","Professional Development","113.0","Amount"
"2017","01620000","Lunenburg","Expenditures Per Pupil","Pupil Services","1123.0","Amount"
"2017","01620000","Lunenburg","Expenditures Per Pupil","Teachers","5185.0","Amount"
"2017","01620000","Lunenburg","Expenditures Per Pupil","Total Expenditures","13209.0","Amount"
"2017","01620000","Lunenburg","Expenditures Per Pupil","Total In-District Expenditures","12980.0","Amount"
"2016","01620000","Lunenburg","Student Enrollment","In-District FTE Pupils","1567.3","Count"
"2016","01620000","Lunenburg","Student Enrollment","Out-of-District FTE Pupils","142.5","Count"
"2016","01620000","Lunenburg","Student Enrollment","Total FTE Pupils","1709.8","Count"
"2016","01620000","Lunenburg","Student Demographics","English learner % Headcount","1.5","Percent"
"2016","01620000","Lunenburg","Student Demographics","Low-Income % Headcount","14.7","Percent"
"2016","01620000","Lunenburg","Student Demographics","Student Headcount","1567.0","Count"
"2016","01620000","Lunenburg","Student Demographics","Students with disabilities % Headcount","18.8","Percent"
"2016","01620000","Lunenburg","Teacher Salaries","Teacher FTE","104.7","Count"
"2016","01620000","Lunenburg","Teacher Salaries","Teachers per 100 FTE students","6.7","Count"
"2016","01620000","Lunenburg","Other Staff","Instructional Coach FTE","0.0","Count"
"2016","01620000","Lunenburg","Other Staff","Instructional Support FTE","8.3","Count"
"2016","01620000","Lunenburg","Other Staff","Paraprofessional FTE","51.0","Count"
"2016","01620000","Lunenburg","Other Staff","Special Education Instructional Support FTE","1.0","Count"
"2016","01620000","Lunenburg","MCAS Performance","ELA Grade 10 % Meets or Exceeds","96.3","Percent"
"2016","01620000","Lunenburg","MCAS Performance","ELA Grades 3-8 % Meets or Exceeds","72.1","Percent"
"2016","01620000","Lunenburg","MCAS Performance","Math Grade 10 % Meets or Exceeds","87.0","Percent"
"2016","01620000","Lunenburg","MCAS Performance","Math Grades 3-8 % Meets or Exceeds","67.1","Percent"
"2016","01620000","Lunenburg","Expenditures Per Pupil","Administration","478.0","Amount"
"2016","01620000","Lunenburg","Expenditures Per Pupil","Guidance, Counseling and Testing","358.0","Amount"
"2016","01620000","Lunenburg","Expenditures Per Pupil","Instructional Leadership","763.0","Amount"
"2016","01620000","Lunenburg","Expenditures Per Pupil","Instructional Materials, Equipment and Technology","132.0","Amount"
"2016","01620000","Lunenburg","Expenditures Per Pupil","Insurance, Retirement Programs and Other","2247.0","Amount"
"2016","01620000","Lunenburg","Expenditures Per Pupil","Operations and Maintenance","887.0","Amount"
"2016","01620000","Lunenburg","Expenditures Per Pupil","Other Teaching Services","1286.0","Amount"
"2016","01620000","Lunenburg","Expenditures Per Pupil","Professional Development","66.0","Amount"
"2016","01620000","Lunenburg","Expenditures Per Pupil","Pupil Services","1107.0","Amount"
"2016","01620000","Lunenburg","Expenditures Per Pupil","Teachers","5087.0","Amount"
"2016","01620000","Lunenburg","Expenditures Per Pupil","Total Expenditures","12982.0","Amount"
"2016","01620000","Lunenburg","Expenditures Per Pupil","Total In-District Expenditures","12412.0","Amount"
"2015","01620000","Lunenburg","Student Enrollment","In-District FTE Pupils","1563.3","Count"
"2015","01620000","Lunenburg","Student Enrollment","Out-of-District FTE Pupils","160.8","Count"
"2015","01620000","Lunenburg","Student Enrollment","Total FTE Pupils","1724.1","Count"
"2015","01620000","Lunenburg","Student Demographics","English learner % Headcount","1.1","Percent"
"2015","01620000","Lunenburg","Student Demographics","Low-Income % Headcount","12.0","Percent"
"2015","01620000","Lunenburg","Student Demographics","Student Headcount","1557.0","Count"
"2015","01620000","Lunenburg","Student Demographics","Students with disabilities % Headcount","18.2","Percent"
"2015","01620000","Lunenburg","Teacher Salaries","Teacher FTE","101.6","Count"
"2015","01620000","Lunenburg","Teacher Salaries","Teachers per 100 FTE students","6.5","Count"
"2015","01620000","Lunenburg","Other Staff","Instructional Coach FTE","0.0","Count"
"2015","01620000","Lunenburg","Other Staff","Instructional Support FTE","10.8","Count"
"2015","01620000","Lunenburg","Other Staff","Paraprofessional FTE","31.0","Count"
"2015","01620000","Lunenburg","Other Staff","Special Education Instructional Support FTE","2.0","Count"
"2015","01620000","Lunenburg","MCAS Performance","ELA Grade 10 % Meets or Exceeds","94.5","Percent"
"2015","01620000","Lunenburg","MCAS Performance","ELA Grades 3-8 % Meets or Exceeds","74.5","Percent"
"2015","01620000","Lunenburg","MCAS Performance","Math Grade 10 % Meets or Exceeds","86.4","Percent"
"2015","01620000","Lunenburg","MCAS Performance","Math Grades 3-8 % Meets or Exceeds","67.6","Percent"
"2015","01620000","Lunenburg","Expenditures Per Pupil","Administration","417.0","Amount"
"2015","01620000","Lunenburg","Expenditures Per Pupil","Guidance, Counseling and Testing","378.0","Amount"
"2015","01620000","Lunenburg","Expenditures Per Pupil","Instructional Leadership","651.0","Amount"
"2015","01620000","Lunenburg","Expenditures Per Pupil","Instructional Materials, Equipment and Technology","100.0","Amount"
"2015","01620000","Lunenburg","Expenditures Per Pupil","Insurance, Retirement Programs and Other","1967.0","Amount"
"2015","01620000","Lunenburg","Expenditures Per Pupil","Operations and Maintenance","902.0","Amount"
"2015","01620000","Lunenburg","Expenditures Per Pupil","Other Teaching Services","1114.0","Amount"
"2015","01620000","Lunenburg","Expenditures Per Pupil","Professional Development","65.0","Amount"
"2015","01620000","Lunenburg","Expenditures Per Pupil","Pupil Services","1082.0","Amount"
"2015","01620000","Lunenburg","Expenditures Per Pupil","Teachers","4848.0","Amount"
"2015","01620000","Lunenburg","Expenditures Per Pupil","Total Expenditures","12424.0","Amount"
"2015","01620000","Lunenburg","Expenditures Per Pupil","Total In-District Expenditures","11525.0","Amount"
"2014","01620000","Lunenburg","Student Enrollment","In-District FTE Pupils","1565.6","Count"
"2014","01620000","Lunenburg","Student Enrollment","Out-of-District FTE Pupils","139.5","Count"
"2014","01620000","Lunenburg","Student Enrollment","Total FTE Pupils","1705.1","Count"
"2014","01620000","Lunenburg","Student Demographics","English learner % Headcount","1.7","Percent"
"2014","01620000","Lunenburg","Student Demographics","Low-Income % Headcount","15.5","Percent"
"2014","01620000","Lunenburg","Student Demographics","Student Headcount","1564.0","Count"
"2014","01620000","Lunenburg","Student Demographics","Students with disabilities % Headcount","17.8","Percent"
"2014","01620000","Lunenburg","Teacher Salaries","Teacher FTE","100.6","Count"
"2014","01620000","Lunenburg","Teacher Salaries","Teachers per 100 FTE students","6.4","Count"
"2014","01620000","Lunenburg","Other Staff","Instructional Coach FTE","0.0","Count"
"2014","01620000","Lunenburg","Other Staff","Instructional Support FTE","11.4","Count"
"2014","01620000","Lunenburg","Other Staff","Paraprofessional FTE","16.2","Count"
"2014","01620000","Lunenburg","Other Staff","Special Education Instructional Support FTE","0.0","Count"
"2014","01620000","Lunenburg","MCAS Performance","ELA Grade 10 % Meets or Exceeds","92.5","Percent"
"2014","01620000","Lunenburg","MCAS Performance","ELA Grades 3-8 % Meets or Exceeds","75.2","Percent"
"2014","01620000","Lunenburg","MCAS Performance","Math Grade 10 % Meets or Exceeds","81.9","Percent"
"2014","01620000","Lunenburg","MCAS Performance","Math Grades 3-8 % Meets or Exceeds","70.0","Percent"
"2014","01620000","Lunenburg","Expenditures Per Pupil","Administration","398.0","Amount"
"2014","01620000","Lunenburg","Expenditures Per Pupil","Guidance, Counseling and Testing","372.0","Amount"
"2014","01620000","Lunenburg","Expenditures Per Pupil","Instructional Leadership","673.0","Amount"
"2014","01620000","Lunenburg","Expenditures Per Pupil","Instructional Materials, Equipment and Technology","155.0","Amount"
"2014","01620000","Lunenburg","Expenditures Per Pupil","Insurance, Retirement Programs and Other","2112.0","Amount"
"2014","01620000","Lunenburg","Expenditures Per Pupil","Operations and Maintenance","918.0","Amount"
"2014","01620000","Lunenburg","Expenditures Per Pupil","Other Teaching Services","1014.0","Amount"
"2014","01620000","Lunenburg","Expenditures Per Pupil","Professional Development","62.0","Amount"
"2014","01620000","Lunenburg","Expenditures Per Pupil","Pupil Services","1031.0","Amount"
"2014","01620000","Lunenburg","Expenditures Per Pupil","Teachers","4787.0","Amount"
"2014","01620000","Lunenburg","Expenditures Per Pupil","Total Expenditures","12384.0","Amount"
"2014","01620000","Lunenburg","Expenditures Per Pupil","Total In-District Expenditures","11521.0","Amount"
"2013","01620000","Lunenburg","Student Enrollment","In-District FTE Pupils","1581.0","Count"
"2013","01620000","Lunenburg","Student Enrollment","Out-of-District FTE Pupils","138.2","Count"
"2013","01620000","Lunenburg","Student Enrollment","Total FTE Pupils","1719.2","Count"
"2013","01620000","Lunenburg","Student Demographics","English learner % Headcount","1.1","Percent"
"2013","01620000","Lunenburg","Student Demographics","Low-Income % Headcount","13.9","Percent"
"2013","01620000","Lunenburg","Student Demographics","Student Headcount","1587.0","Count"
"2013","01620000","Lunenburg","Student Demographics","Students with disabilities % Headcount","18.4","Percent"
"2013","01620000","Lunenburg","Teacher Salaries","Teacher FTE","103.0","Count"
"2013","01620000","Lunenburg","Teacher Salaries","Teachers per 100 FTE students","6.5","Count"
"2013","01620000","Lunenburg","Other Staff","Instructional Coach FTE","0.0","Count"
"2013","01620000","Lunenburg","Other Staff","Instructional Support FTE","7.5","Count"
"2013","01620000","Lunenburg","Other Staff","Paraprofessional FTE","14.8","Count"
"2013","01620000","Lunenburg","Other Staff","Special Education Instructional Support FTE","0.0","Count"
"2013","01620000","Lunenburg","MCAS Performance","ELA Grade 10 % Meets or Exceeds","97.3","Percent"
"2013","01620000","Lunenburg","MCAS Performance","ELA Grades 3-8 % Meets or Exceeds","73.4","Percent"
"2013","01620000","Lunenburg","MCAS Performance","Math Grade 10 % Meets or Exceeds","96.4","Percent"
"2013","01620000","Lunenburg","MCAS Performance","Math Grades 3-8 % Meets or Exceeds","70.9","Percent"
"2013","01620000","Lunenburg","Expenditures Per Pupil","Administration","359.0","Amount"
"2013","01620000","Lunenburg","Expenditures Per Pupil","Guidance, Counseling and Testing","366.0","Amount"
"2013","01620000","Lunenburg","Expenditures Per Pupil","Instructional Leadership","577.0","Amount"
"2013","01620000","Lunenburg","Expenditures Per Pupil","Instructional Materials, Equipment and Technology","149.0","Amount"
"2013","01620000","Lunenburg","Expenditures Per Pupil","Insurance, Retirement Programs and Other","2119.0","Amount"
"2013","01620000","Lunenburg","Expenditures Per Pupil","Operations and Maintenance","977.0","Amount"
"2013","01620000","Lunenburg","Expenditures Per Pupil","Other Teaching Services","998.0","Amount"
"2013","01620000","Lunenburg","Expenditures Per Pupil","Professional Development","47.0","Amount"
"2013","01620000","Lunenburg","Expenditures Per Pupil","Pupil Services","1009.0","Amount"
"2013","01620000","Lunenburg","Expenditures Per Pupil","Teachers","4739.0","Amount"
"2013","01620000","Lunenburg","Expenditures Per Pupil","Total Expenditures","12027.0","Amount"
"2013","01620000","Lunenburg","Expenditures Per Pupil","Total In-District Expenditures","11342.0","Amount"
"2012","01620000","Lunenburg","Student Enrollment","In-District FTE Pupils","1639.5","Count"
"2012","01620000","Lunenburg","Student Enrollment","Out-of-District FTE Pupils","124.4","Count"
"2012","01620000","Lunenburg","Student Enrollment","Total FTE Pupils","1763.9","Count"
"2012","01620000","Lunenburg","Student Demographics","English learner % Headcount","0.6","Percent"
"2012","01620000","Lunenburg","Student Demographics","Low-Income % Headcount","8.9","Percent"
"2012","01620000","Lunenburg","Student Demographics","Student Headcount","1637.0","Count"
"2012","01620000","Lunenburg","Student Demographics","Students with disabilities % Headcount","17.8","Percent"
"2012","01620000","Lunenburg","Teacher Salaries","Teacher FTE","114.5","Count"
"2012","01620000","Lunenburg","Teacher Salaries","Teachers per 100 FTE students","7.0","Count"
"2012","01620000","Lunenburg","Other Staff","Instructional Coach FTE","0.0","Count"
"2012","01620000","Lunenburg","Other Staff","Instructional Support FTE","4.3","Count"
"2012","01620000","Lunenburg","Other Staff","Paraprofessional FTE","24.1","Count"
"2012","01620000","Lunenburg","Other Staff","Special Education Instructional Support FTE","0.0","Count"
"2012","01620000","Lunenburg","MCAS Performance","ELA Grade 10 % Meets or Exceeds","98.4","Percent"
"2012","01620000","Lunenburg","MCAS Performance","ELA Grades 3-8 % Meets or Exceeds","76.9","Percent"
"2012","01620000","Lunenburg","MCAS Performance","Math Grade 10 % Meets or Exceeds","88.7","Percent"
"2012","01620000","Lunenburg","MCAS Performance","Math Grades 3-8 % Meets or Exceeds","69.1","Percent"
"2012","01620000","Lunenburg","Expenditures Per Pupil","Administration","353.0","Amount"
"2012","01620000","Lunenburg","Expenditures Per Pupil","Guidance, Counseling and Testing","332.0","Amount"
"2012","01620000","Lunenburg","Expenditures Per Pupil","Instructional Leadership","656.0","Amount"
"2012","01620000","Lunenburg","Expenditures Per Pupil","Instructional Materials, Equipment and Technology","137.0","Amount"
"2012","01620000","Lunenburg","Expenditures Per Pupil","Insurance, Retirement Programs and Other","2025.0","Amount"
"2012","01620000","Lunenburg","Expenditures Per Pupil","Operations and Maintenance","825.0","Amount"
"2012","01620000","Lunenburg","Expenditures Per Pupil","Other Teaching Services","1001.0","Amount"
"2012","01620000","Lunenburg","Expenditures Per Pupil","Professional Development","105.0","Amount"
"2012","01620000","Lunenburg","Expenditures Per Pupil","Pupil Services","965.0","Amount"
"2012","01620000","Lunenburg","Expenditures Per Pupil","Teachers","4554.0","Amount"
"2012","01620000","Lunenburg","Expenditures Per Pupil","Total Expenditures","11448.0","Amount"
"2012","01620000","Lunenburg","Expenditures Per Pupil","Total In-District Expenditures","10955.0","Amount"
"2011","01620000","Lunenburg","Student Enrollment","In-District FTE Pupils","1663.5","Count"
"2011","01620000","Lunenburg","Student Enrollment","Out-of-District FTE Pupils","91.7","Count"
"2011","01620000","Lunenburg","Student Enrollment","Total FTE Pupils","1755.2","Count"
"2011","01620000","Lunenburg","Student Demographics","English learner % Headcount","0.5","Percent"
"2011","01620000","Lunenburg","Student Demographics","Low-Income % Headcount","10.1","Percent"
"2011","01620000","Lunenburg","Student Demographics","Student Headcount","1650.0","Count"
"2011","01620000","Lunenburg","Student Demographics","Students with disabilities % Headcount","15.8","Percent"
"2011","01620000","Lunenburg","Teacher Salaries","Teacher FTE","102.3","Count"
"2011","01620000","Lunenburg","Teacher Salaries","Teachers per 100 FTE students","6.1","Count"
"2011","01620000","Lunenburg","Other Staff","Instructional Coach FTE","0.0","Count"
"2011","01620000","Lunenburg","Other Staff","Instructional Support FTE","5.5","Count"
"2011","01620000","Lunenburg","Other Staff","Paraprofessional FTE","24.1","Count"
"2011","01620000","Lunenburg","Other Staff","Special Education Instructional Support FTE","0.0","Count"
"2011","01620000","Lunenburg","MCAS Performance","ELA Grade 10 % Meets or Exceeds","95.1","Percent"
"2011","01620000","Lunenburg","MCAS Performance","ELA Grades 3-8 % Meets or Exceeds","80.0","Percent"
"2011","01620000","Lunenburg","MCAS Performance","Math Grade 10 % Meets or Exceeds","92.3","Percent"
"2011","01620000","Lunenburg","MCAS Performance","Math Grades 3-8 % Meets or Exceeds","70.0","Percent"
"2011","01620000","Lunenburg","Expenditures Per Pupil","Administration","332.0","Amount"
"2011","01620000","Lunenburg","Expenditures Per Pupil","Guidance, Counseling and Testing","366.0","Amount"
"2011","01620000","Lunenburg","Expenditures Per Pupil","Instructional Leadership","668.0","Amount"
"2011","01620000","Lunenburg","Expenditures Per Pupil","Instructional Materials, Equipment and Technology","112.0","Amount"
"2011","01620000","Lunenburg","Expenditures Per Pupil","Insurance, Retirement Programs and Other","1874.0","Amount"
"2011","01620000","Lunenburg","Expenditures Per Pupil","Operations and Maintenance","822.0","Amount"
"2011","01620000","Lunenburg","Expenditures Per Pupil","Other Teaching Services","996.0","Amount"
"2011","01620000","Lunenburg","Expenditures Per Pupil","Professional Development","146.0","Amount"
"2011","01620000","Lunenburg","Expenditures Per Pupil","Pupil Services","1065.0","Amount"
"2011","01620000","Lunenburg","Expenditures Per Pupil","Teachers","4352.0","Amount"
"2011","01620000","Lunenburg","Expenditures Per Pupil","Total Expenditures","11080.0","Amount"
"2011","01620000","Lunenburg","Expenditures Per Pupil","Total In-District Expenditures","10734.0","Amount"
"2010","01620000","Lunenburg","Student Enrollment","In-District FTE Pupils","1719.2","Count"
"2010","01620000","Lunenburg","Student Enrollment","Out-of-District FTE Pupils","89.7","Count"
"2010","01620000","Lunenburg","Student Enrollment","Total FTE Pupils","1808.9","Count"
"2010","01620000","Lunenburg","Student Demographics","English learner % Headcount","0.6","Percent"
"2010","01620000","Lunenburg","Student Demographics","Low-Income % Headcount","9.2","Percent"
"2010","01620000","Lunenburg","Student Demographics","Student Headcount","1702.0","Count"
"2010","01620000","Lunenburg","Student Demographics","Students with disabilities % Headcount","15.2","Percent"
"2010","01620000","Lunenburg","Teacher Salaries","Teacher FTE","120.4","Count"
"2010","01620000","Lunenburg","Teacher Salaries","Teachers per 100 FTE students","7.0","Count"
"2010","01620000","Lunenburg","Other Staff","Instructional Coach FTE","0.0","Count"
"2010","01620000","Lunenburg","Other Staff","Instructional Support FTE","6.0","Count"
"2010","01620000","Lunenburg","Other Staff","Paraprofessional FTE","39.9","Count"
"2010","01620000","Lunenburg","Other Staff","Special Education Instructional Support FTE","1.0","Count"
"2010","01620000","Lunenburg","MCAS Performance","ELA Grade 10 % Meets or Exceeds","91.1","Percent"
"2010","01620000","Lunenburg","MCAS Performance","ELA Grades 3-8 % Meets or Exceeds","75.7","Percent"
"2010","01620000","Lunenburg","MCAS Performance","Math Grade 10 % Meets or Exceeds","88.2","Percent"
"2010","01620000","Lunenburg","MCAS Performance","Math Grades 3-8 % Meets or Exceeds","64.9","Percent"
"2010","01620000","Lunenburg","Expenditures Per Pupil","Administration","363.0","Amount"
"2010","01620000","Lunenburg","Expenditures Per Pupil","Guidance, Counseling and Testing","305.0","Amount"
"2010","01620000","Lunenburg","Expenditures Per Pupil","Instructional Leadership","729.0","Amount"
"2010","01620000","Lunenburg","Expenditures Per Pupil","Instructional Materials, Equipment and Technology","111.0","Amount"
"2010","01620000","Lunenburg","Expenditures Per Pupil","Insurance, Retirement Programs and Other","1839.0","Amount"
"2010","01620000","Lunenburg","Expenditures Per Pupil","Operations and Maintenance","846.0","Amount"
"2010","01620000","Lunenburg","Expenditures Per Pupil","Other Teaching Services","936.0","Amount"
"2010","01620000","Lunenburg","Expenditures Per Pupil","Professional Development","92.0","Amount"
"2010","01620000","Lunenburg","Expenditures Per Pupil","Pupil Services","996.0","Amount"
"2010","01620000","Lunenburg","Expenditures Per Pupil","Teachers","4349.0","Amount"
"2010","01620000","Lunenburg","Expenditures Per Pupil","Total Expenditures","10720.0","Amount"
"2010","01620000","Lunenburg","Expenditures Per Pupil","Total In-District Expenditures","10566.0","Amount"
"2009","01620000","Lunenburg","Student Enrollment","In-District FTE Pupils","1750.0","Count"
"2009","01620000","Lunenburg","Student Enrollment","Out-of-District FTE Pupils","83.8","Count"
"2009","01620000","Lunenburg","Student Enrollment","Total FTE Pupils","1833.8","Count"
"2009","01620000","Lunenburg","Student Demographics","English learner % Headcount","0.4","Percent"
"2009","01620000","Lunenburg","Student Demographics","Low-Income % Headcount","8.2","Percent"
"2009","01620000","Lunenburg","Student Demographics","Student Headcount","1739.0","Count"
"2009","01620000","Lunenburg","Student Demographics","Students with disabilities % Headcount","14.7","Percent"
"2009","01620000","Lunenburg","Teacher Salaries","Teacher FTE","120.2","Count"
"2009","01620000","Lunenburg","Teacher Salaries","Teachers per 100 FTE students","6.9","Count"
"2009","01620000","Lunenburg","Other Staff","Instructional Coach FTE","0.0","Count"
"2009","01620000","Lunenburg","Other Staff","Instructional Support FTE","5.0","Count"
"2009","01620000","Lunenburg","Other Staff","Paraprofessional FTE","46.4","Count"
"2009","01620000","Lunenburg","Other Staff","Special Education Instructional Support FTE","1.0","Count"
"2009","01620000","Lunenburg","MCAS Performance","ELA Grade 10 % Meets or Exceeds","91.9","Percent"
"2009","01620000","Lunenburg","MCAS Performance","ELA Grades 3-8 % Meets or Exceeds","75.9","Percent"
"2009","01620000","Lunenburg","MCAS Performance","Math Grade 10 % Meets or Exceeds","88.2","Percent"
"2009","01620000","Lunenburg","MCAS Performance","Math Grades 3-8 % Meets or Exceeds","67.3","Percent"
"2009","01620000","Lunenburg","Expenditures Per Pupil","Administration","333.0","Amount"
"2009","01620000","Lunenburg","Expenditures Per Pupil","Guidance, Counseling and Testing","317.0","Amount"
"2009","01620000","Lunenburg","Expenditures Per Pupil","Instructional Leadership","765.0","Amount"
"2009","01620000","Lunenburg","Expenditures Per Pupil","Instructional Materials, Equipment and Technology","127.0","Amount"
"2009","01620000","Lunenburg","Expenditures Per Pupil","Insurance, Retirement Programs and Other","1693.0","Amount"
"2009","01620000","Lunenburg","Expenditures Per Pupil","Operations and Maintenance","872.0","Amount"
"2009","01620000","Lunenburg","Expenditures Per Pupil","Other Teaching Services","955.0","Amount"
"2009","01620000","Lunenburg","Expenditures Per Pupil","Professional Development","85.0","Amount"
"2009","01620000","Lunenburg","Expenditures Per Pupil","Pupil Services","1022.0","Amount"
"2009","01620000","Lunenburg","Expenditures Per Pupil","Teachers","4189.0","Amount"
"2009","01620000","Lunenburg","Expenditures Per Pupil","Total Expenditures","10605.0","Amount"
"2009","01620000","Lunenburg","Expenditures Per Pupil","Total In-District Expenditures","10359.0","Amount"
