fy,side,item,amount,basis,source
2014,general,Athletic Coaches,114636,actual,district-budget/docs/fy19-proposed-athletics-budget.pdf
2014,general,Athletic Dues & Fees,9519,actual,district-budget/docs/fy19-proposed-athletics-budget.pdf
2014,general,Athletic Equipment/Reconditioning,3065,actual,district-budget/docs/fy19-proposed-athletics-budget.pdf
2014,general,Athletic Insurance,5990,actual,district-budget/docs/fy19-proposed-athletics-budget.pdf
2014,general,Athletic Officials,39875,actual,district-budget/docs/fy19-proposed-athletics-budget.pdf
2014,general,Athletic Replacement of Uniforms,3787,actual,district-budget/docs/fy19-proposed-athletics-budget.pdf
2014,general,Athletic Transportation,17000,actual,district-budget/docs/fy19-proposed-athletics-budget.pdf
2014,general,Special Detail/Athletic Events,444,actual,district-budget/docs/fy19-proposed-athletics-budget.pdf
2014,revolving,Athletic Coaches,45278,actual,district-budget/docs/fy19-proposed-athletics-budget.pdf
2014,revolving,Athletic Expenses/Supplies,31894,actual,district-budget/docs/fy19-proposed-athletics-budget.pdf
2014,revolving,Athletic New Equipment,890,actual,district-budget/docs/fy19-proposed-athletics-budget.pdf
2014,revolving,Athletic Transportation,30085,actual,district-budget/docs/fy19-proposed-athletics-budget.pdf
2015,general,Athletic Coaches,130661,actual,district-budget/docs/fy19-proposed-athletics-budget.pdf
2015,general,Athletic Dues & Fees,9759,actual,district-budget/docs/fy19-proposed-athletics-budget.pdf
2015,general,Athletic Equipment/Reconditioning,4361,actual,district-budget/docs/fy19-proposed-athletics-budget.pdf
2015,general,Athletic Insurance,5990,actual,district-budget/docs/fy19-proposed-athletics-budget.pdf
2015,general,Athletic New Equipment,1440,actual,district-budget/docs/fy19-proposed-athletics-budget.pdf
2015,general,Athletic Officials,40469,actual,district-budget/docs/fy19-proposed-athletics-budget.pdf
2015,general,Athletic Replacement of Uniforms,4960,actual,district-budget/docs/fy19-proposed-athletics-budget.pdf
2015,general,Athletic Transportation,21600,actual,district-budget/docs/fy19-proposed-athletics-budget.pdf
2015,general,Special Detail/Athletic Events,5559,actual,district-budget/docs/fy19-proposed-athletics-budget.pdf
2015,revolving,Athletic Coaches,27221,actual,district-budget/docs/fy19-proposed-athletics-budget.pdf
2015,revolving,Athletic Expenses/Supplies,38730,actual,district-budget/docs/fy19-proposed-athletics-budget.pdf
2015,revolving,Athletic Secretary,5245,actual,district-budget/docs/fy19-proposed-athletics-budget.pdf
2015,revolving,Athletic Transportation,40742,actual,district-budget/docs/fy19-proposed-athletics-budget.pdf
2015,revolving,REVENUE — Fees,121875,actual,district-budget/docs/fy19-proposed-athletics-budget.pdf
2015,revolving,REVENUE — Gate receipts,13892,actual,district-budget/docs/fy19-proposed-athletics-budget.pdf
2016,general,Athletic Coaches,120646,actual,district-budget/docs/fy19-proposed-athletics-budget.pdf
2016,general,Athletic Dues & Fees,9751,actual,district-budget/docs/fy19-proposed-athletics-budget.pdf
2016,general,Athletic Equipment/Reconditioning,5265,actual,district-budget/docs/fy19-proposed-athletics-budget.pdf
2016,general,Athletic Insurance,5990,actual,district-budget/docs/fy19-proposed-athletics-budget.pdf
2016,general,Athletic New Equipment,5456,actual,district-budget/docs/fy19-proposed-athletics-budget.pdf
2016,general,Athletic Officials,38997,actual,district-budget/docs/fy19-proposed-athletics-budget.pdf
2016,general,Athletic Replacement of Uniforms,1669,actual,district-budget/docs/fy19-proposed-athletics-budget.pdf
2016,general,Athletic Transportation,23000,actual,district-budget/docs/fy19-proposed-athletics-budget.pdf
2016,general,Special Detail/Athletic Events,139,actual,district-budget/docs/fy19-proposed-athletics-budget.pdf
2016,revolving,Athletic Coaches,40092,actual,district-budget/docs/fy19-proposed-athletics-budget.pdf
2016,revolving,Athletic Expenses/Supplies,32623,actual,district-budget/docs/fy19-proposed-athletics-budget.pdf
2016,revolving,Athletic Secretary,7796,actual,district-budget/docs/fy19-proposed-athletics-budget.pdf
2016,revolving,Athletic Transportation,33308,actual,district-budget/docs/fy19-proposed-athletics-budget.pdf
2016,revolving,REVENUE — Fees,103660,actual,district-budget/docs/fy19-proposed-athletics-budget.pdf
2016,revolving,REVENUE — Gate receipts,17796,actual,district-budget/docs/fy19-proposed-athletics-budget.pdf
2017,general,Athletic Coaches,130020,actual,district-budget/docs/fy19-proposed-athletics-budget.pdf
2017,general,Athletic Dues & Fees,10782,actual,district-budget/docs/fy19-proposed-athletics-budget.pdf
2017,general,Athletic Equipment/Reconditioning,157,actual,district-budget/docs/fy19-proposed-athletics-budget.pdf
2017,general,Athletic Insurance,5990,actual,district-budget/docs/fy19-proposed-athletics-budget.pdf
2017,general,Athletic New Equipment,5151,actual,district-budget/docs/fy19-proposed-athletics-budget.pdf
2017,general,Athletic Officials,38059,actual,district-budget/docs/fy19-proposed-athletics-budget.pdf
2017,general,Athletic Replacement of Uniforms,7944,actual,district-budget/docs/fy19-proposed-athletics-budget.pdf
2017,general,Athletic Transportation,23000,actual,district-budget/docs/fy19-proposed-athletics-budget.pdf
2017,general,Special Detail/Athletic Events,1592,actual,district-budget/docs/fy19-proposed-athletics-budget.pdf
2017,revolving,Athletic Coaches,34815,actual,district-budget/docs/fy19-proposed-athletics-budget.pdf
2017,revolving,Athletic Expenses/Supplies,37156,actual,district-budget/docs/fy19-proposed-athletics-budget.pdf
2017,revolving,Athletic Secretary,8594,actual,district-budget/docs/fy19-proposed-athletics-budget.pdf
2017,revolving,Athletic Transportation,50986,actual,district-budget/docs/fy19-proposed-athletics-budget.pdf
2017,revolving,REVENUE — Fees,95360,actual,district-budget/docs/fy19-proposed-athletics-budget.pdf
2017,revolving,REVENUE — Gate receipts,13191,actual,district-budget/docs/fy19-proposed-athletics-budget.pdf
2017,revolving,Track and Field Payment,25000,actual,district-budget/docs/fy19-proposed-athletics-budget.pdf
2018,general,Athletic Coaches,163146,budget,district-budget/docs/fy19-proposed-athletics-budget.pdf
2018,general,Athletic Director,48000,budget,district-budget/docs/fy19-proposed-athletics-budget.pdf
2018,general,Athletic Dues & Fees,12499,budget,district-budget/docs/fy19-proposed-athletics-budget.pdf
2018,general,Athletic Equipment/Reconditioning,4500,budget,district-budget/docs/fy19-proposed-athletics-budget.pdf
2018,general,Athletic Insurance,5990,budget,district-budget/docs/fy19-proposed-athletics-budget.pdf
2018,general,Athletic New Equipment,5850,budget,district-budget/docs/fy19-proposed-athletics-budget.pdf
2018,general,Athletic Officials,39221,budget,district-budget/docs/fy19-proposed-athletics-budget.pdf
2018,general,Athletic Replacement of Uniforms,7872,budget,district-budget/docs/fy19-proposed-athletics-budget.pdf
2018,general,Athletic Transportation,33500,budget,district-budget/docs/fy19-proposed-athletics-budget.pdf
2018,general,Special Detail/Athletic Events,5900,budget,district-budget/docs/fy19-proposed-athletics-budget.pdf
2018,revolving,Athletic Expenses/Supplies,27114,budget,district-budget/docs/fy19-proposed-athletics-budget.pdf
2018,revolving,Athletic New Equipment,3000,budget,district-budget/docs/fy19-proposed-athletics-budget.pdf
2018,revolving,Athletic Secretary,5437,budget,district-budget/docs/fy19-proposed-athletics-budget.pdf
2018,revolving,Athletic Transportation,27450,budget,district-budget/docs/fy19-proposed-athletics-budget.pdf
2018,revolving,REVENUE — Fees,90000,budget,district-budget/docs/fy19-proposed-athletics-budget.pdf
2018,revolving,REVENUE — Gate receipts,18000,budget,district-budget/docs/fy19-proposed-athletics-budget.pdf
2018,revolving,Track and Field Payment,40000,budget,district-budget/docs/fy19-proposed-athletics-budget.pdf
2019,general,Athletic Coaches,150636,budget,district-budget/docs/fy19-proposed-athletics-budget.pdf
2019,general,Athletic Director,49440,budget,district-budget/docs/fy19-proposed-athletics-budget.pdf
2019,general,Athletic Dues & Fees,12529,budget,district-budget/docs/fy19-proposed-athletics-budget.pdf
2019,general,Athletic Equipment/Reconditioning,4500,budget,district-budget/docs/fy19-proposed-athletics-budget.pdf
2019,general,Athletic Insurance,5990,budget,district-budget/docs/fy19-proposed-athletics-budget.pdf
2019,general,Athletic New Equipment,6400,budget,district-budget/docs/fy19-proposed-athletics-budget.pdf
2019,general,Athletic Officials,40117,budget,district-budget/docs/fy19-proposed-athletics-budget.pdf
2019,general,Athletic Replacement of Uniforms,8000,budget,district-budget/docs/fy19-proposed-athletics-budget.pdf
2019,general,Athletic Transportation,24975,budget,district-budget/docs/fy19-proposed-athletics-budget.pdf
2019,general,Special Detail/Athletic Events,5344,budget,district-budget/docs/fy19-proposed-athletics-budget.pdf
2019,revolving,Athletic Expenses/Supplies,28309,budget,district-budget/docs/fy19-proposed-athletics-budget.pdf
2019,revolving,Athletic New Equipment,4000,budget,district-budget/docs/fy19-proposed-athletics-budget.pdf
2019,revolving,Athletic Secretary,5593,budget,district-budget/docs/fy19-proposed-athletics-budget.pdf
2019,revolving,Athletic Transportation,40000,budget,district-budget/docs/fy19-proposed-athletics-budget.pdf
2019,revolving,Field upgrades / turf,10000,budget,district-budget/docs/fy19-proposed-athletics-budget.pdf
2019,revolving,REVENUE — Fees,90000,budget,district-budget/docs/fy19-proposed-athletics-budget.pdf
2019,revolving,REVENUE — Gate receipts,18000,budget,district-budget/docs/fy19-proposed-athletics-budget.pdf
2020,general,Athletic Coaches,91601.0,actual,fy24-approved-budget.txt
2020,general,Athletic Director,90000.0,actual,fy24-approved-budget.txt
2020,general,Athletic Dues & Fees,22290.0,actual,fy24-approved-budget.txt
2020,general,Athletic Equipment/Reconditioning,5898.0,actual,fy24-approved-budget.txt
2020,general,Athletic Expenses/Supplies,11243.0,actual,fy24-approved-budget.txt
2020,general,Athletic Insurance,5990.0,actual,fy24-approved-budget.txt
2020,general,Athletic New Equipment,4498.0,actual,fy24-approved-budget.txt
2020,general,Athletic Officials,201.0,actual,fy24-approved-budget.txt
2020,general,Athletic Replacement of Uniforms,10560.0,actual,fy24-approved-budget.txt
2020,general,Athletic Transportation,38795.0,actual,fy24-approved-budget.txt
2020,general,Special Detail/Athletic Events,9773.0,actual,fy24-approved-budget.txt
2020,general,Unified Sports Coach,1200.0,actual,fy24-approved-budget.txt
2021,general,Athletic Coaches,139492.0,actual,fy24-approved-budget.txt
2021,general,Athletic Director,91800.0,actual,fy24-approved-budget.txt
2021,general,Athletic Dues & Fees,20623.0,actual,fy24-approved-budget.txt
2021,general,Athletic Equipment/Reconditioning,10000.0,actual,fy24-approved-budget.txt
2021,general,Athletic Insurance,5990.0,actual,fy24-approved-budget.txt
2021,general,Athletic New Equipment,5850.0,actual,fy24-approved-budget.txt
2021,general,Athletic Officials,21148.0,actual,fy24-approved-budget.txt
2021,general,Athletic Replacement of Uniforms,7872.0,actual,fy24-approved-budget.txt
2021,general,Athletic Transportation,45000.0,actual,fy24-approved-budget.txt
2021,general,Special Detail/Athletic Events,5000.0,actual,fy24-approved-budget.txt
2021,general,Unified Sports Coach,3925.0,actual,fy24-approved-budget.txt
2022,general,Athletic Coaches,145991.0,actual,fy24-approved-budget.txt
2022,general,Athletic Director,103752.0,actual,fy24-approved-budget.txt
2022,general,Athletic Dues & Fees,20789.0,actual,fy24-approved-budget.txt
2022,general,Athletic Equipment/Reconditioning,4897.0,actual,fy24-approved-budget.txt
2022,general,Athletic Expenses/Supplies,834.0,actual,fy24-approved-budget.txt
2022,general,Athletic Insurance,8980.0,actual,fy24-approved-budget.txt
2022,general,Athletic New Equipment,5188.0,actual,fy24-approved-budget.txt
2022,general,Athletic Officials,47967.0,actual,fy24-approved-budget.txt
2022,general,Athletic Replacement of Uniforms,1690.0,actual,fy24-approved-budget.txt
2022,general,Athletic Transportation,48755.0,actual,fy24-approved-budget.txt
2022,general,Special Detail/Athletic Events,5897.0,actual,fy24-approved-budget.txt
2022,general,Unified Sports Coach,1200.0,actual,fy24-approved-budget.txt
2023,general,Athletic Coaches,100351.0,actual,fy27-budget-projections-as-of-2-24-26-with-restorations.txt
2023,general,Athletic Director,85977.0,actual,fy27-budget-projections-as-of-2-24-26-with-restorations.txt
2023,general,Athletic Dues & Fees,22251.0,actual,fy27-budget-projections-as-of-3-16-26-with-restorations.txt
2023,general,Athletic Equipment/Reconditioning,1932.0,actual,fy27-budget-projections-as-of-3-16-26-with-restorations.txt
2023,general,Athletic Insurance,8980.0,actual,fy27-budget-projections-as-of-3-16-26-with-restorations.txt
2023,general,Athletic New Equipment,5648.0,actual,fy27-budget-projections-as-of-3-16-26-with-restorations.txt
2023,general,Athletic Trainer,51660.0,actual,fy27-budget-projections-as-of-2-24-26-with-restorations.txt
2023,general,Athletic Transportation,39880.0,actual,fy27-budget-projections-as-of-3-16-26-with-restorations.txt
2023,general,Special Detail/Athletic Events,3705.0,actual,fy27-budget-projections-as-of-3-16-26-with-restorations.txt
2024,general,Athletic Coaches,46733.0,actual,fy27-budget-projections-as-of-2-24-26-with-restorations.txt
2024,general,Athletic Director,90200.0,actual,fy27-budget-projections-as-of-2-24-26-with-restorations.txt
2024,general,Athletic Dues & Fees,18486.0,actual,fy27-budget-projections-as-of-3-16-26-with-restorations.txt
2024,general,Athletic Equipment/Reconditioning,7602.0,actual,fy27-budget-projections-as-of-3-16-26-with-restorations.txt
2024,general,Athletic Insurance,8980.0,actual,fy27-budget-projections-as-of-3-16-26-with-restorations.txt
2024,general,Athletic New Equipment,5673.0,actual,fy27-budget-projections-as-of-3-16-26-with-restorations.txt
2024,general,Athletic Trainer,61800.0,actual,fy27-budget-projections-as-of-2-24-26-with-restorations.txt
2024,general,Athletic Transportation,40000.0,actual,fy27-budget-projections-as-of-3-16-26-with-restorations.txt
2024,general,Special Detail/Athletic Events,5807.0,actual,fy27-budget-projections-as-of-3-16-26-with-restorations.txt
2024,revolving,Athletic Officials,51570.0,unproven,"Athletics_v10.xlsx (citizen analysis, unpublished)"
2024,revolving,Athletic Transportation,77555.0,unproven,"Athletics_v10.xlsx (citizen analysis, unpublished)"
2025,general,Athletic Coaches,155614.0,actual,fy27-budget-projections-as-of-2-24-26-with-restorations.txt
2025,general,Athletic Director,96044.0,actual,fy27-budget-projections-as-of-2-24-26-with-restorations.txt
2025,general,Athletic Dues & Fees,31995.0,actual,fy27-budget-projections-as-of-3-16-26-with-restorations.txt
2025,general,Athletic Equipment/Reconditioning,7190.0,actual,fy27-budget-projections-as-of-3-16-26-with-restorations.txt
2025,general,Athletic Insurance,8980.0,actual,fy27-budget-projections-as-of-3-16-26-with-restorations.txt
2025,general,Athletic New Equipment,9055.0,actual,fy27-budget-projections-as-of-3-16-26-with-restorations.txt
2025,general,Athletic Trainer,63900.0,actual,fy27-budget-projections-as-of-2-24-26-with-restorations.txt
2025,general,Athletic Transportation,87822.0,actual,fy27-budget-projections-as-of-3-16-26-with-restorations.txt
2025,general,Special Detail/Athletic Events,72864.0,actual,fy27-budget-projections-as-of-3-16-26-with-restorations.txt
2025,revolving,Athletic Officials,50696.0,unproven,"Athletics_v10.xlsx (citizen analysis, unpublished)"
2025,revolving,Athletic Transportation,3244.06,unproven,"Athletics_v10.xlsx (citizen analysis, unpublished)"
2026,general,Athletic Coaches,159444.0,budget,budget-workbooks/fy27-proposals.xlsx
2026,general,Athletic Director,74406.0,budget,budget-workbooks/fy27-proposals.xlsx
2026,general,Athletic Dues & Fees,20000.0,budget,budget-workbooks/fy27-proposals.xlsx
2026,general,Athletic Equipment/Reconditioning,10000.0,budget,budget-workbooks/fy27-proposals.xlsx
2026,general,Athletic Insurance,9000.0,budget,budget-workbooks/fy27-proposals.xlsx
2026,general,Athletic New Equipment,6000.0,budget,budget-workbooks/fy27-proposals.xlsx
2026,general,Athletic Secretary,20407.0,budget,budget-workbooks/fy27-proposals.xlsx
2026,general,Athletic Trainer,66200.0,budget,budget-workbooks/fy27-proposals.xlsx
2026,general,Athletic Transportation,127550.0,budget,budget-workbooks/fy27-proposals.xlsx
2026,general,Freshman & Ms Coaches,14415.0,budget,budget-workbooks/fy27-proposals.xlsx
2026,general,Special Detail/Athletic Events,7100.0,budget,budget-workbooks/fy27-proposals.xlsx
2026,general,"Unified Sports,Track/Basketball Coach",3812.0,budget,budget-workbooks/fy27-proposals.xlsx
2026,revolving,General supplies,2795.2,actual,budget-workbooks/school-funds-fy26.xlsx
2026,revolving,"Purchase of service (officials, uniforms, transportation, ice time, dues)",113602.4,actual,budget-workbooks/school-funds-fy26.xlsx
2026,revolving,REVENUE — High school user fees (net),162870.55,actual,budget-workbooks/school-funds-fy26.xlsx
2026,revolving,REVENUE — Middle school user fees (net),26073.91,actual,budget-workbooks/school-funds-fy26.xlsx
2026,revolving,Salaries (4 revolving-fund staff),30513.84,actual,budget-workbooks/school-funds-fy26.xlsx
