path,url,code,state,remote_sha256,local_sha256,checked
budget-workbooks/ch70-fy27-summary.xlsx,https://www.doe.mass.edu/finance/chapter70/fy2027/p-summary-district.xlsx,200,identical,cef241f30300c06f443b7a9178efa293105a6104a3d8698f73693b27863713e9,cef241f30300c06f443b7a9178efa293105a6104a3d8698f73693b27863713e9,2026-09-05
contracts/pdf/custodial-2023-2026.pdf,https://drive.google.com/file/d/1TEAfls-FpbxdztLzjlmUIuXYdO-DUcOp/view,200,identical,5929416a16d74c28622e5cbd47b273c787911fb875d74aa03178eff3b336ab52,5929416a16d74c28622e5cbd47b273c787911fb875d74aa03178eff3b336ab52,2026-09-05
contracts/pdf/custodial-moa-2026.pdf,https://drive.google.com/file/d/1sQpGjV0WqURuhcmde6C8qZkrsVoOMJCn/view,200,identical,bca82b63e54f375a8e0361da596d11290f47f861b983d631d3f780ff7b573db6,bca82b63e54f375a8e0361da596d11290f47f861b983d631d3f780ff7b573db6,2026-09-05
contracts/pdf/dese-administrator-contract.pdf,https://profiles.doe.mass.edu/statereport/educatorcontractsdownload.aspx?orgcode=01620000&type=A,200,identical,726f74672117e3d27e23d5c130fcbaf4a9fc4ca300591181e17e4b3943f232af,726f74672117e3d27e23d5c130fcbaf4a9fc4ca300591181e17e4b3943f232af,2026-09-05
contracts/pdf/dese-superintendent-contract.pdf,https://profiles.doe.mass.edu/statereport/educatorcontractsdownload.aspx?orgcode=01620000&type=S,200,identical,8ee1ac7e1debfdb67994e7149e736c711141993b137c8067ba596035f11e5270,8ee1ac7e1debfdb67994e7149e736c711141993b137c8067ba596035f11e5270,2026-09-05
contracts/pdf/dese-teacher-contract.pdf,https://profiles.doe.mass.edu/statereport/educatorcontractsdownload.aspx?orgcode=01620000&type=T,200,identical,64e480cb21dfeb3966f41d87c08ba1072f6a1d04c5d7fc8a01a2513bc7146122,64e480cb21dfeb3966f41d87c08ba1072f6a1d04c5d7fc8a01a2513bc7146122,2026-09-05
contracts/pdf/nonaffiliated-benefits.pdf,https://drive.google.com/file/d/0B-TXWy9uLFrVZlRWd0ctTjg0ZWs/view,200,restricted,22893d2ee49a87a9eb15125f66c1e5af3ad3f047112083d3246bb075d5edaa06,ebd95697c61d8d68c69d679b571383c0a60a46f2e43aaa5a03aef46502b717e2,2026-09-05
contracts/pdf/nonaffiliated-salary-schedule.pdf,https://drive.google.com/file/d/0B-TXWy9uLFrVelNCaVFfSnpXbzA/view,200,restricted,d3e844153368a82652881bfbdc1e6cb69cf7a0473dcbfe763644acf841872173,c0130d322221b9807fe7995bd2c950958b1a69cebff35020790371b36a2e14e2,2026-09-05
contracts/pdf/paraprofessional-fy26-fy28.pdf,https://drive.google.com/file/d/1RIXSUui7D-dSglzXg_yhQRrdXooNRVsc/view,200,identical,871e8fb95085b0613d253f3a81d2c11068a937aa1861b444f4747cd3d8d65eac,871e8fb95085b0613d253f3a81d2c11068a937aa1861b444f4747cd3d8d65eac,2026-09-05
contracts/pdf/paraprofessional-salary-fy26-fy28.pdf,https://drive.google.com/file/d/1NCXXh3kcYwWamsZu4sJkg6BKSbnJrD2J/view,200,identical,4b271fad3aca78e4e69601ed10a948217b8739a61ab3c5a33eb1a7e3016fc599,4b271fad3aca78e4e69601ed10a948217b8739a61ab3c5a33eb1a7e3016fc599,2026-09-05
dese/district-spending-categories.csv,https://educationtocareer.data.mass.gov/resource/er3w-dyti.csv?DIST_CODE=01620000&$limit=5000,200,identical,dc6d9258356a264f7333535e27437f6e6ae55c8a63c0e83314344155a8e05a41,dc6d9258356a264f7333535e27437f6e6ae55c8a63c0e83314344155a8e05a41,2026-09-05
dese/lunenburg-finance-profile.html,https://profiles.doe.mass.edu/profiles/finance.aspx?orgcode=01620000&orgtypecode=5&dropDownOrgCode=2,200,differs,4f2996c9678c4246685b9172767fad052f36fad8573cfcd7fcc210f14bdcaca3,f24a3c995576f43ce761e4722a1dabba3f285a319995348d21a2ce6dd4721acd,2026-09-05
dese/radar-district-comparison.xlsx,https://www.doe.mass.edu/research/radar/district-comparison.xlsx,200,identical,0391c2d358c408c5c61e0dac257cabfca5ad67bfc2187196f80d5e0492a84e79,0391c2d358c408c5c61e0dac257cabfca5ad67bfc2187196f80d5e0492a84e79,2026-09-05
district-budget/docs/3-12-25-town-manager-39-s-budget.pdf,https://drive.google.com/file/d/1-VhsxRDJaU2Hq_NWkbDBWy4Gxy6zq8hu/view?usp=drive_link,200,identical,ee64717d3a8c454fa7aa5199f7e44694bbeb599a2aed1bf659a818ad7f9b5739,ee64717d3a8c454fa7aa5199f7e44694bbeb599a2aed1bf659a818ad7f9b5739,2026-09-05
district-budget/docs/additional-town-revenue-spending-plan.pdf,https://drive.google.com/file/d/1siNOaM58z3fUYGOK2F5OWiEzl9wgBfNM/view?usp=drive_link,200,identical,80c6ad5647c4731de7983dc411e4f10e3e75d09e3b62eea244895aa9c9dd58ab,80c6ad5647c4731de7983dc411e4f10e3e75d09e3b62eea244895aa9c9dd58ab,2026-09-05
district-budget/docs/additional-town-revenue-spending-plan.pdf,https://drive.google.com/file/d/1siNOaM58z3fUYGOK2F5OWiEzl9wgBfNM/view?usp=drive_link,200,identical,80c6ad5647c4731de7983dc411e4f10e3e75d09e3b62eea244895aa9c9dd58ab,80c6ad5647c4731de7983dc411e4f10e3e75d09e3b62eea244895aa9c9dd58ab,2026-09-05
district-budget/docs/athletic-program-costs-by-sport.pdf,https://drive.google.com/file/d/1KNp5CK-CELcwLjPDQPpgk1aagkSHC-Du/view?usp=drive_link,200,identical,218d17e1f192de3248888d09ba9f70928cf692b8947e8939385f8bf362d302f4,218d17e1f192de3248888d09ba9f70928cf692b8947e8939385f8bf362d302f4,2026-09-05
district-budget/docs/athletic-program-costs-by-sport.pdf,https://drive.google.com/file/d/1KNp5CK-CELcwLjPDQPpgk1aagkSHC-Du/view?usp=drive_link,200,identical,218d17e1f192de3248888d09ba9f70928cf692b8947e8939385f8bf362d302f4,218d17e1f192de3248888d09ba9f70928cf692b8947e8939385f8bf362d302f4,2026-09-05
district-budget/docs/balanced-budget-slides-3-23-26.pdf,https://drive.google.com/file/d/1sWH4_mVHc3oPDIzN14cJ1JazJxcf9JwN/view?usp=drive_link,200,identical,a216b1a1102cd935d434a0f9fd69ca6df6443f36d62844448596f280500abd6e,a216b1a1102cd935d434a0f9fd69ca6df6443f36d62844448596f280500abd6e,2026-09-05
district-budget/docs/balanced-budget-slides-3-23-26.pdf,https://drive.google.com/file/d/1sWH4_mVHc3oPDIzN14cJ1JazJxcf9JwN/view?usp=drive_link,200,identical,a216b1a1102cd935d434a0f9fd69ca6df6443f36d62844448596f280500abd6e,a216b1a1102cd935d434a0f9fd69ca6df6443f36d62844448596f280500abd6e,2026-09-05
district-budget/docs/budget-addendum-multi-scenario-financial-analysis.pdf,https://drive.google.com/file/d/1lcgzf6W5T36SBgHYUELXhUF7N5g-w320/view?usp=drive_link,200,identical,af173c9db1068f85b027fc658eaa09ea1e8c4de4aef75403d8f5787bbfc98e0b,af173c9db1068f85b027fc658eaa09ea1e8c4de4aef75403d8f5787bbfc98e0b,2026-09-05
district-budget/docs/budget-addendum-multi-scenario-financial-analysis.pdf,https://drive.google.com/file/d/1lcgzf6W5T36SBgHYUELXhUF7N5g-w320/view?usp=drive_link,200,identical,af173c9db1068f85b027fc658eaa09ea1e8c4de4aef75403d8f5787bbfc98e0b,af173c9db1068f85b027fc658eaa09ea1e8c4de4aef75403d8f5787bbfc98e0b,2026-09-05
district-budget/docs/budget-hearing-fy20-proposed-lps-budget.pdf,https://drive.google.com/open?id=1E8JFnIMnJ5rWUiKzSBrIN4bQ9kJPgyjB,200,identical,9c2266bc96789371415210ecb8f1a2bd95843caed5455ed1dc8ca709533c628a,9c2266bc96789371415210ecb8f1a2bd95843caed5455ed1dc8ca709533c628a,2026-09-05
district-budget/docs/budget-hearing-fy22-superintendent-39-s-recommended-budget.pdf,https://drive.google.com/file/d/1qXW14jN62_E__OK2V2B5rI7_bgsi91z-/view?usp=sharing,200,identical,6c916248bebc5eaf1e1b46c9b9ceee3a348c8d0341ea08b343da36db9b19ae24,6c916248bebc5eaf1e1b46c9b9ceee3a348c8d0341ea08b343da36db9b19ae24,2026-09-05
district-budget/docs/budget-hearing-superintendent-fy22-recommended-budget.pdf,https://drive.google.com/file/d/1LuW8loCIeY7VcHgj5NDh8gfY_mpSm4jR/view?usp=sharing,200,identical,911df241398b83d24d8094067ba1f1b66e121025b445f0d8d0e31fac45d3a28e,911df241398b83d24d8094067ba1f1b66e121025b445f0d8d0e31fac45d3a28e,2026-09-05
district-budget/docs/budget-message-for-families-2-27-26.pdf,https://drive.google.com/file/d/1629406huLmh7uEw-owRL-9bu2KEdFwLt/view?usp=drive_link,200,identical,2f5e56e0a3e6da0e43b99e13812fa3606c4f945592580356307a438dc47774d3,2f5e56e0a3e6da0e43b99e13812fa3606c4f945592580356307a438dc47774d3,2026-09-05
district-budget/docs/community-forums-scheduled-on-school-department-budget.docx,https://docs.google.com/document/d/1NrKTOrbVYEEt5tb_WGS3caDkM42oX8ik93RWg26fakE/edit?usp=sharing,200,repackaged,ea13f4b8154e2a43bb16af4daff3920d83cac9b940ac00f109cf0d7e409eb842,747ad25532ddfba617947898fc079468c05c2bea2ee63f9e85f97aab8adb6571,2026-09-05
district-budget/docs/faq-fy25-budget.pdf,https://drive.google.com/file/d/1MAq26ixldhSnZ9i6Bh7rjPLUmQBRDDTD/view?usp=drive_link,200,identical,560cdd6dbd1c9f0ce8bd7305afc0cae84df1649e576861e3a9d2a55fe4ba2f7e,560cdd6dbd1c9f0ce8bd7305afc0cae84df1649e576861e3a9d2a55fe4ba2f7e,2026-09-05
district-budget/docs/final-budget-document.pdf,https://drive.google.com/file/d/1wlHAD2YJ1gJ7zQ_F_1n3PiPecEytQdaM/view,200,identical,962191af96ae1ae10a4599bf4a5d2d7c164bfc7e1859f8f9e7b551f064d6f459,962191af96ae1ae10a4599bf4a5d2d7c164bfc7e1859f8f9e7b551f064d6f459,2026-09-05
district-budget/docs/final-budget-document.pdf,https://drive.google.com/file/d/1wlHAD2YJ1gJ7zQ_F_1n3PiPecEytQdaM/view,200,identical,962191af96ae1ae10a4599bf4a5d2d7c164bfc7e1859f8f9e7b551f064d6f459,962191af96ae1ae10a4599bf4a5d2d7c164bfc7e1859f8f9e7b551f064d6f459,2026-09-05
district-budget/docs/final-fy25-budget-4-3-24.pdf,https://drive.google.com/file/d/1zSAyQgXF8M99F-bgkgpG94rHF26-Y4IZ/view?usp=drive_link,200,identical,0be6d0544d175c957eb34f46a1999e8c873532bbbab9bd8ffa81e8fe2c499136,0be6d0544d175c957eb34f46a1999e8c873532bbbab9bd8ffa81e8fe2c499136,2026-09-05
district-budget/docs/final-fy26-sc-approved-budget-3-12-25-with-level-service-budget.pdf,https://drive.google.com/file/d/1rJRsQvLZtRqw5-KHvQb4jlCuZCm_nj1e/view?usp=drive_link,200,identical,8d199cd18e3c07e8bf854ef99ca69fb14bd8fcd777b3dfa74b04b3d596933459,8d199cd18e3c07e8bf854ef99ca69fb14bd8fcd777b3dfa74b04b3d596933459,2026-09-05
district-budget/docs/final-fy26-town-manager-39-s-target-budget-approved-3-12-25.pdf,https://drive.google.com/file/d/1oMrWV7-_K-EYq8ZYxAmoBmU2mSM1XQOJ/view?usp=drive_link,200,identical,828824b0c060fae9530e5132ba6aeacf227a89fbbd35661caccb226e6174d2b3,828824b0c060fae9530e5132ba6aeacf227a89fbbd35661caccb226e6174d2b3,2026-09-05
district-budget/docs/final-fy26-town-manager-39-s-target-budget.pdf,https://drive.google.com/file/d/1YjS4-FaFA5Zy-ZGy6pnkTF3myneKPsq0/view?usp=drive_link,200,identical,8e817e83d1fba756a8e4cf9e2706fcd923655c0860e6216f9405dd2541c4d939,8e817e83d1fba756a8e4cf9e2706fcd923655c0860e6216f9405dd2541c4d939,2026-09-05
district-budget/docs/free-cash-presentation.pdf,https://drive.google.com/file/d/1rdtrb2Llu5ILfKDY-4pV3Haz0_BqgRwT/view?usp=drive_link,200,identical,31fe47362944089b0b38a8601b8a655f37ecdbba1dc125bd603094c5cc32d9ed,31fe47362944089b0b38a8601b8a655f37ecdbba1dc125bd603094c5cc32d9ed,2026-09-05
district-budget/docs/frequently-asked-questions-november-town-meeting.pdf,https://drive.google.com/file/d/1ntDb3MeOIRRLosIF1GqdNMJz6wB5sB68/view?usp=drive_link,200,identical,f3edbeda7ad00ceeaeef2fec13d3f495f0a4ccba159d898750e2f14168c72b4f,f3edbeda7ad00ceeaeef2fec13d3f495f0a4ccba159d898750e2f14168c72b4f,2026-09-05
district-budget/docs/fy-24-budget-update.pdf,https://drive.google.com/file/d/1NVY9BY9c_Q0R9uw1w2_S0pUrlHcr8nQJ/view?usp=share_link,200,identical,7cfba6b19fe3235e53266261fc6558da5b951e3db6e01dfb750fed665439bd2b,7cfba6b19fe3235e53266261fc6558da5b951e3db6e01dfb750fed665439bd2b,2026-09-05
district-budget/docs/fy18-non-personnel-supt-recommended-budget-revised-6-6-17.pdf,https://drive.google.com/file/d/0B9UcBKxgqY3Pc3ZKZ004VWZiRVE/view?usp=sharing,200,identical,91f6e5a5f8d2b0c71ec15aef27945d6225e963a27c60c66b34bfe3544e0915dd,91f6e5a5f8d2b0c71ec15aef27945d6225e963a27c60c66b34bfe3544e0915dd,2026-09-05
district-budget/docs/fy18-personnel-supt-recommended-budget-revised-6-6-17.pdf,https://drive.google.com/file/d/0B9UcBKxgqY3PSFFoQ2oyRVJjcFk/view?usp=sharing,200,identical,d49b96403797a2d21526ea42361c0bc90ad437070f5616db5fceca026af4a2f0,d49b96403797a2d21526ea42361c0bc90ad437070f5616db5fceca026af4a2f0,2026-09-05
district-budget/docs/fy19-budget-hearing-document-4-4-18.pdf,https://drive.google.com/file/d/1C0zqmCyQN4S_nktpED2ycisfrtzPlGCe/view?usp=sharing,200,identical,9b7c507371b2b0205740f49eb706f86184d52eb792e68245f4eada5974b87caa,9b7c507371b2b0205740f49eb706f86184d52eb792e68245f4eada5974b87caa,2026-09-05
district-budget/docs/fy19-final-report.pdf,https://drive.google.com/open?id=1iAeGXrjUBda150l6oVg_RAKngZI44SNq,200,identical,c8939d2d6e8a506d21028b926124891f434b5719b492c1d5e0ab948441c48cbb,c8939d2d6e8a506d21028b926124891f434b5719b492c1d5e0ab948441c48cbb,2026-09-05
district-budget/docs/fy19-proposed-athletics-budget.pdf,https://drive.google.com/file/d/1UYTAQzmTbbv2kBVus4zR8lN3i0jqzaTn/view?usp=sharing,200,identical,e0a7c5baa041112c484f4059130f2ec2348325d1fe29b01e52af42d549430858,e0a7c5baa041112c484f4059130f2ec2348325d1fe29b01e52af42d549430858,2026-09-05
district-budget/docs/fy19-proposed-elementary-school-budget.pdf,https://drive.google.com/file/d/1e-rT_X-9uIY5NiHDKhAJlmqlmZx3Bk32/view?usp=sharing,200,identical,4ded6c56e177104c96487b9344382460110c6dbd2bd8a0b21da0cece6038c30e,4ded6c56e177104c96487b9344382460110c6dbd2bd8a0b21da0cece6038c30e,2026-09-05
district-budget/docs/fy19-proposed-health-budget.pdf,https://drive.google.com/file/d/1d3vq_Ox8kX3bOFk3AVmqOmDUNvKP06pK/view?usp=sharing,200,identical,60b9968ce055b7c356bb63b519e1612a36216e4301087370d3d569e0bd6ef5d5,60b9968ce055b7c356bb63b519e1612a36216e4301087370d3d569e0bd6ef5d5,2026-09-05
district-budget/docs/fy19-proposed-high-school-budget.pdf,https://drive.google.com/file/d/1t_Uv4FLTdFvqsSiOokeRAubyVAwUUb8J/view?usp=sharing,200,identical,fea7a3d814a862b6379d18f0aa57afb7f9c699da5de7885c0fe06d494f27e805,fea7a3d814a862b6379d18f0aa57afb7f9c699da5de7885c0fe06d494f27e805,2026-09-05
district-budget/docs/fy19-proposed-maintenance-budget.pdf,https://drive.google.com/file/d/1_c5j70z6xl22mv84TptHXP5Ioj-8hzc-/view?usp=sharing,200,identical,8544ac1ec562c6149949ef97b9c8cac3c2ea09d0f67a66f503c0b7949dc1f634,8544ac1ec562c6149949ef97b9c8cac3c2ea09d0f67a66f503c0b7949dc1f634,2026-09-05
district-budget/docs/fy19-proposed-middle-school-budget.pdf,https://drive.google.com/file/d/1Wkm4BZBAUrAxu8B2HFmg_g83CX4M5dfH/view?usp=sharing,200,identical,1c8725b086c75b2fe9112cb0f864f3f19c89c3d0c0cc432f1288414d377ef511,1c8725b086c75b2fe9112cb0f864f3f19c89c3d0c0cc432f1288414d377ef511,2026-09-05
district-budget/docs/fy19-proposed-primary-school-budget.pdf,https://drive.google.com/file/d/1ghfEP1OAmsD3_3VJhWijBD0oTlJFcMMO/view?usp=sharing,200,identical,3b87a598ea89f9f37fb570ee9508f080a60b053de18d2651bba55a9a26a9792b,3b87a598ea89f9f37fb570ee9508f080a60b053de18d2651bba55a9a26a9792b,2026-09-05
district-budget/docs/fy19-proposed-special-services-budget.pdf,https://drive.google.com/file/d/1X2KXosx0p75RgCZ1fBSuywlmeeL0nQ04/view?usp=sharing,200,identical,06dbf4124c82e9ca053437ff1e8e4ce46d75b93bb96bfec8b4fb57f1ad8cc095,06dbf4124c82e9ca053437ff1e8e4ce46d75b93bb96bfec8b4fb57f1ad8cc095,2026-09-05
district-budget/docs/fy19-proposed-technology-budget.pdf,https://drive.google.com/file/d/1jWw7xlJ0pwVX8L9HNVvn5-gqGu9_a7f0/view?usp=sharing,200,identical,0cca86a7497c4aacd4b9bea2278a17fef1d1575a62c61e25c7fa5754310fd0d8,0cca86a7497c4aacd4b9bea2278a17fef1d1575a62c61e25c7fa5754310fd0d8,2026-09-05
district-budget/docs/fy19-school-department-proposed-budget-for-budget-hearing-updated-3-30.pdf,https://drive.google.com/file/d/1y3LVA_hxJR5tT-FNmLDH4NwkW2Wrc5Lp/view?usp=sharing,200,identical,42e1ee6793ca207fae3f660f28fffb78f8176a233336cb966df4b7aa016147e8,42e1ee6793ca207fae3f660f28fffb78f8176a233336cb966df4b7aa016147e8,2026-09-05
district-budget/docs/fy19-school-dept-budget-approved-6-20-18.pdf,https://drive.google.com/file/d/1n5zdl-5S9e733CLpKMaUPw_bozfoV8Na/view?usp=sharing,200,identical,af6e9f3c7cc17e40117ad138547b5e94bbe0ef20dcbbab11fc77b4ff92afa40d,af6e9f3c7cc17e40117ad138547b5e94bbe0ef20dcbbab11fc77b4ff92afa40d,2026-09-05
district-budget/docs/fy19-school-level-service-budget-3.pdf,https://drive.google.com/file/d/1skXK_5dwnGzE4i2C89Zn6dE4v_AjJcS2/view?usp=sharing,200,identical,a56d20a3aa973e9ce39bb840bfabf14f2257e8bf2f7ef4f2f14aa5939d23fbb4,a56d20a3aa973e9ce39bb840bfabf14f2257e8bf2f7ef4f2f14aa5939d23fbb4,2026-09-05
district-budget/docs/fy19-supt-proposed-expense-budget.pdf,https://drive.google.com/file/d/1qRQthVwrMOc6uP-L5707WJUO6m_twKls/view?usp=sharing,200,identical,1bfb68744d4f63d412e0c1bdea5e806e324e71952389b23048f69ab1a8727afa,1bfb68744d4f63d412e0c1bdea5e806e324e71952389b23048f69ab1a8727afa,2026-09-05
district-budget/docs/fy19-supt-proposed-personnel-budget.pdf,https://drive.google.com/file/d/1hFapn8xWkG3SH_Hbqkhte-SNm2dIlidN/view?usp=sharing,200,identical,a15195a76b131f24c79949371f72c85cf5c2bb71011cd6d1126560f1e76d1252,a15195a76b131f24c79949371f72c85cf5c2bb71011cd6d1126560f1e76d1252,2026-09-05
district-budget/docs/fy20-budget-update-recommended-reductions-as-of-february-6-2019.pdf,https://drive.google.com/open?id=1OB-9wRp0Th0WXiRoNOVI8_-UTvTIECjl,200,identical,7f7f9673946ecdd109d4fe9c610b480fc9091bc5e2a6b0d4b9ffd25d1f6644db,7f7f9673946ecdd109d4fe9c610b480fc9091bc5e2a6b0d4b9ffd25d1f6644db,2026-09-05
district-budget/docs/fy20-budget-update-recommended-reductions-as-of-march-6-2019.pdf,https://drive.google.com/open?id=1dFjZ5KC-RamQDuWF8luyjLkFqRZFriOk,200,identical,6920363fc4c30a3bd058f748a4c681c5190ea652c7de979bfd41a0b2c1ebe29e,6920363fc4c30a3bd058f748a4c681c5190ea652c7de979bfd41a0b2c1ebe29e,2026-09-05
district-budget/docs/fy21-approved-school-budget-6-13-20.pdf,https://drive.google.com/file/d/1PWvp7zV7GQZOgyHGUbtCOBkYqfjvgGL2/view?usp=sharing,200,identical,36a48c47c2d563a26bfe4a698925f6442da170214bb001a9abfeca3190ab3166,36a48c47c2d563a26bfe4a698925f6442da170214bb001a9abfeca3190ab3166,2026-09-05
district-budget/docs/fy21-proposed-budget-april-29-2020.pdf,https://drive.google.com/file/d/1tDxM8D2oQ7BuKt5gGiBzxOQkVJl4Xv_g/view?usp=sharing,200,identical,1efc2020652b304d7d4793ff99d68978378ecd22699c21c897511e00337d3124,1efc2020652b304d7d4793ff99d68978378ecd22699c21c897511e00337d3124,2026-09-05
district-budget/docs/fy21-recommended-budget-presentation-4-22-20.pdf,https://drive.google.com/file/d/10nNbD6OYmngwxKH-pk-6k2Ukg3dDQeAs/view?usp=sharing,200,identical,5beaa65690365eb94123b48584921b08fb895657cfd75d9ba22a1d4047961f44,5beaa65690365eb94123b48584921b08fb895657cfd75d9ba22a1d4047961f44,2026-09-05
district-budget/docs/fy22-budget-schedule.pdf,https://drive.google.com/file/d/1Glo6BCEQDJaeadnyyLUQ2kU3V4BTZfzI/view?usp=sharing,200,identical,32441e68386bcc0adeb433858434f8ac8976c912f52958be8bb6ff9c962b27ee,32441e68386bcc0adeb433858434f8ac8976c912f52958be8bb6ff9c962b27ee,2026-09-05
district-budget/docs/fy23-approved-budget.pdf,https://drive.google.com/file/d/1yfaOxs0XQQXVYqzbNcUUW2VjRs3tuU1s/view?usp=sharing,200,identical,3914bb9715a127102f440542e6721816eb84fed8f6399ccedfdf9a7a2395c4b2,3914bb9715a127102f440542e6721816eb84fed8f6399ccedfdf9a7a2395c4b2,2026-09-05
district-budget/docs/fy23-quarterly-budget-update.pdf,https://drive.google.com/file/d/1nPw70g2flOz0puiMHr6VF9uFKGXadx3V/view?usp=share_link,200,identical,6fb1e3a1b304e64d7920fdbcdb59bff1e896dcb2f2817a0ab3be6d4e06060fb7,6fb1e3a1b304e64d7920fdbcdb59bff1e896dcb2f2817a0ab3be6d4e06060fb7,2026-09-05
district-budget/docs/fy23-superintendent-recommended-budget-presentation.pdf,https://drive.google.com/file/d/1at7iih46R1xhKWdkt4hCj7p_kYEHQiAf/view?usp=sharing,200,identical,2e613e609a998e12b8d0a3ccd8866af21ff6bebe680d37d40937a074bb4d7ba7,2e613e609a998e12b8d0a3ccd8866af21ff6bebe680d37d40937a074bb4d7ba7,2026-09-05
district-budget/docs/fy23-superintendent-recommended-budget.pdf,https://drive.google.com/file/d/1jfrcOR8NPIC2oGzaqljQfT1SWk5j-aiy/view?usp=sharing,200,identical,216d23067f6e11f40c5dd9925bbc219c3af0fb0c1d4b4b8b0ef19e998b159392,216d23067f6e11f40c5dd9925bbc219c3af0fb0c1d4b4b8b0ef19e998b159392,2026-09-05
district-budget/docs/fy24-approved-budget.pdf,https://drive.google.com/file/d/1oa9cOCN1sII1tuN54HBQsSaRQLEztPU1/view?usp=drive_link,200,identical,34f54f48404103b0442e1b0cbfb02cf0886a67fd0a603d887367a18e4db62718,34f54f48404103b0442e1b0cbfb02cf0886a67fd0a603d887367a18e4db62718,2026-09-05
district-budget/docs/fy24-superintendent-39-s-recommended-budget-presentation.pdf,https://drive.google.com/file/d/1fC_PanG7-TaLR84WdJpi1P1_ujSqEnvZ/view?usp=share_link,200,identical,ea8723213e010dd4dcbc1dab324c959fa98e37510688c9009d10ecf7a83d0220,ea8723213e010dd4dcbc1dab324c959fa98e37510688c9009d10ecf7a83d0220,2026-09-05
district-budget/docs/fy25-final-approved-budget-expenses-6-5-24.pdf,https://drive.google.com/file/d/1wNnSwruB8KuJ4S3hlYucLSU4AXSViKYe/view?usp=drive_link,200,identical,738aedf50c128ad029086c425d576f2b57a0372cd9630d30d0f5589146ebc6f4,738aedf50c128ad029086c425d576f2b57a0372cd9630d30d0f5589146ebc6f4,2026-09-05
district-budget/docs/fy25-final-approved-budget-salaries-6-5-24.pdf,https://drive.google.com/file/d/1nOiywE7p55WfOFbfXnGRP1yxX52wuppG/view?usp=drive_link,200,identical,159f6aed8a8aa62555cfb8a213ec0364195d4c72704ca7b1ce15bed2c8634d76,159f6aed8a8aa62555cfb8a213ec0364195d4c72704ca7b1ce15bed2c8634d76,2026-09-05
district-budget/docs/fy25-recommended-budget-5-52.pdf,https://drive.google.com/file/d/10jitFzL5x1sKBYeZswgFLgdsX4Wnj3Rz/view?usp=drive_link,200,identical,4bc750ca6959eb0bb48d28c995b4293dcf893906018cdc9c2b8d13434f696653,4bc750ca6959eb0bb48d28c995b4293dcf893906018cdc9c2b8d13434f696653,2026-09-05
district-budget/docs/fy25-recommended-budget-update-with-needs-based-budget.pdf,https://drive.google.com/file/d/1UhZyJd2AZhAQY4kzrZuSMAyEknZVWR9q/view?usp=drive_link,200,identical,8ed6169dc735e5f68051d0270c4fc0408c07480702f9347922a82e4caebae0bf,8ed6169dc735e5f68051d0270c4fc0408c07480702f9347922a82e4caebae0bf,2026-09-05
district-budget/docs/fy25-superintendent-39-s-budget-update.pdf,https://drive.google.com/file/d/1yJNhIyBLVT8mu4GeJuQSjniKCPA41Oyq/view?usp=drive_link,200,identical,9169e2700def0c1a2b6bebbc55d4e7f737ea5c3a7354657f4d804c017af5dc7c,9169e2700def0c1a2b6bebbc55d4e7f737ea5c3a7354657f4d804c017af5dc7c,2026-09-05
district-budget/docs/fy26-level-service-budget-presentation.pdf,https://drive.google.com/file/d/1hJagPg9F_zZJ813J5IiiXnkBnsAxswl6/view?usp=drive_link,200,identical,7087c89b3928e54a5610c539fb18123154d5a7fb219990db2b18213bb73abcb2,7087c89b3928e54a5610c539fb18123154d5a7fb219990db2b18213bb73abcb2,2026-09-05
district-budget/docs/fy26-school-department-budget-fincomm.pdf,https://drive.google.com/file/d/10559_Enqo5Aps8Th04CpWu--1d9VC5It/view?usp=drive_link,200,identical,f27b267738520ff48c5e7eb9c516bdc584745dcf4161de45056fa0fc0ab2b07b,f27b267738520ff48c5e7eb9c516bdc584745dcf4161de45056fa0fc0ab2b07b,2026-09-05
district-budget/docs/fy26-school-dept-approved-budget-3-12-25.pdf,https://drive.google.com/file/d/1ivO3-ZAKXtu0VEJuI7qDv8xEagit_jRq/view?usp=drive_link,200,identical,e8299f33ebd83266b8fe24cb33647e8007dfcfac6610d94b26ff5a2f0416ad80,e8299f33ebd83266b8fe24cb33647e8007dfcfac6610d94b26ff5a2f0416ad80,2026-09-05
district-budget/docs/fy26-superintendent-39-s-proposed-budget-2-26-25-updated-3-12-25.pdf,https://drive.google.com/file/d/14AXiUuLT-jLkmR7YxlzWwjVBzsxK8i_h/view?usp=drive_link,200,identical,4e5955892873f386009fef9762adc308b113f129191bc21cbb56a90f072fdfbb,4e5955892873f386009fef9762adc308b113f129191bc21cbb56a90f072fdfbb,2026-09-05
district-budget/docs/fy26-superintendent-39-s-proposed-budget-2-26-25-updated-3-12-25.pdf,https://drive.google.com/file/d/1sqlWrNsH43AE8JqAAnqNPpOt1mi3gCDU/view?usp=drive_link,200,reflowed,0efc97e198e25d3b7d1103691351ef933f687e6da8ad1bb860cc9f3115b5d8d0,4e5955892873f386009fef9762adc308b113f129191bc21cbb56a90f072fdfbb,2026-09-05
district-budget/docs/fy26-superintendent-39-s-proposed-budget-presentation-1-22-25.pdf,https://drive.google.com/file/d/1NIFFAn6bpI5cKGdoQokdDhPQo3XyG8X4/view?usp=drive_link,200,identical,1f7a2f82f926d2239c2efac8476b2d8fe568034a797e7823a5f3a8a3a56a7689,1f7a2f82f926d2239c2efac8476b2d8fe568034a797e7823a5f3a8a3a56a7689,2026-09-05
district-budget/docs/fy26-town-manager-39-s-target-budget-2-5-25-presentation.pdf,https://drive.google.com/file/d/1OK-Zvco1_7bAswJc2uejSOhYhh3sBcu2/view?usp=drive_link,200,identical,f96177a0fe50c33c701b3e435d76c5fca436251e32be405513b291e98b0c4dab,f96177a0fe50c33c701b3e435d76c5fca436251e32be405513b291e98b0c4dab,2026-09-05
district-budget/docs/fy27-budget-presentation-to-finance-committee-2-26-26.pdf,https://drive.google.com/file/d/1pIqD4oqA7b7XyX0MmzUQbh69eHHpRKob/view?usp=drive_link,200,identical,fd3cb8e59ea2ca84fc9e3340b0a1decfd79964f4bc466433d03502b4f83502ad,fd3cb8e59ea2ca84fc9e3340b0a1decfd79964f4bc466433d03502b4f83502ad,2026-09-05
district-budget/docs/fy27-budget-projections-as-of-2-16-26-with-restorations.pdf,https://drive.google.com/file/d/1xuHmqyZwjzmPJhaBdhCa-w7Ztcl-SHjP/view?usp=drive_link,200,identical,f4e7197f47d57fea7ad1eb31794f243fa6059a16c4fee9abecbca1dbfa59124f,f4e7197f47d57fea7ad1eb31794f243fa6059a16c4fee9abecbca1dbfa59124f,2026-09-05
district-budget/docs/fy27-budget-projections-as-of-2-24-26-with-restorations.pdf,https://drive.google.com/file/d/1cuDxh8j84J6R6O7-GwT0kVhvCCPY4qkX/view?usp=drive_link,200,identical,733a5a5a37e76dcecc42be649c9a7b0b650644acbd33a2e05fa0477577578baf,733a5a5a37e76dcecc42be649c9a7b0b650644acbd33a2e05fa0477577578baf,2026-09-05
district-budget/docs/fy27-budget-projections-as-of-3-16-26-with-restorations.pdf,https://drive.google.com/file/d/1l3RgnfbIHwja_OAI1QFERj9mmIe-NYd9/view?usp=drive_link,200,identical,79f94c397093b381149d9f06225ab5ba1cb83bd1f9627a2e4a60e5417b536f2b,79f94c397093b381149d9f06225ab5ba1cb83bd1f9627a2e4a60e5417b536f2b,2026-09-05
district-budget/docs/fy27-budget-projections-as-of-3-16-26-with-restorations.pdf,https://drive.google.com/file/d/1l3RgnfbIHwja_OAI1QFERj9mmIe-NYd9/view?usp=drive_link,200,identical,79f94c397093b381149d9f06225ab5ba1cb83bd1f9627a2e4a60e5417b536f2b,79f94c397093b381149d9f06225ab5ba1cb83bd1f9627a2e4a60e5417b536f2b,2026-09-05
district-budget/docs/fy27-budget-projections-as-of-3-23-26.pdf,https://drive.google.com/file/d/1sevLnaVtDTSxrPif9WnVO9LUXFI4AAef/view?usp=drive_link,200,identical,684b2964422b2ec34d88303656ff7e1297e0cf00a9d5030dacbefed9d1cb0593,684b2964422b2ec34d88303656ff7e1297e0cf00a9d5030dacbefed9d1cb0593,2026-09-05
district-budget/docs/fy27-budget-projections-as-of-3-23-26.pdf,https://drive.google.com/file/d/1sevLnaVtDTSxrPif9WnVO9LUXFI4AAef/view?usp=drive_link,200,identical,684b2964422b2ec34d88303656ff7e1297e0cf00a9d5030dacbefed9d1cb0593,684b2964422b2ec34d88303656ff7e1297e0cf00a9d5030dacbefed9d1cb0593,2026-09-05
district-budget/docs/fy27-superintendent-budget-presentation.pdf,https://drive.google.com/file/d/1ULXk_7YVRsfvEUaO7tUCyvYc36XxVbOJ/view?usp=drive_link,200,identical,8ef7ea20a4c58e7c7ba636d068260870a990e0e8a41b8db10de3f15c9705ae84,8ef7ea20a4c58e7c7ba636d068260870a990e0e8a41b8db10de3f15c9705ae84,2026-09-05
district-budget/docs/lhs-athletics-faq.pdf,https://tts-livesite.rschooltoday.com/sites/lunenburghs.rschoolteams.com/files/files/Private_User/jbunnell/Frequently%20Asked%20Questions.pdf,200,identical,07807f13c2e0a12e862446f4c88119fc0e468003f418012c61413d0e55d2fe8d,07807f13c2e0a12e862446f4c88119fc0e468003f418012c61413d0e55d2fe8d,2026-09-05
district-budget/docs/lunenburg-school-committee-override-statement.pdf,https://drive.google.com/file/d/1pR-jBGbi7SFv2ZEdYRE1BTejU37PeqnK/view?usp=drive_link,200,identical,7d45eac447431f812a7c02cd00e7ae73315a0612cdce215fb2c69657647cc1b7,7d45eac447431f812a7c02cd00e7ae73315a0612cdce215fb2c69657647cc1b7,2026-09-05
district-budget/docs/notice-of-budget-hearing-3-16-22.pdf,https://drive.google.com/file/d/16Fi9dvsxHJORgAqgsIBjchsQGD8_XKHR/view?usp=sharing,200,identical,2f27079c4185c6b2cf60d872e3716c442dd38d63f323dd8885c4729b5a16084c,2f27079c4185c6b2cf60d872e3716c442dd38d63f323dd8885c4729b5a16084c,2026-09-05
district-budget/docs/notice-of-budget-hearing-april-29-2020.bin,https://drive.google.com/file/d/10ks_7K772Qevdw6oEJeSQvQlMAD5k2uW/view?usp=sharing,200,restricted,c83c69068342c167f4b9bbd7b1c7d9f63612be2a262c110bd0e74f1805e4dcf9,961d69ac67bbe1c5bea097fdc23bab74bdd5c3d8c9fa8d2ac9b2e067975f1eef,2026-09-05
district-budget/docs/notice-of-public-budget-hearing-2-25.pdf,https://drive.google.com/file/d/1E2_Uk0p5EpaXRBrwTUoErZ-22ASxAnAM/view?usp=drive_link,200,identical,7b545092a4b9b95712d92f564ab213c22968c901900cb6568723b604f6e33479,7b545092a4b9b95712d92f564ab213c22968c901900cb6568723b604f6e33479,2026-09-05
district-budget/docs/notice-of-public-hearing-fy20-budget.pdf,https://drive.google.com/open?id=1XK3NgvlkLDMZ4oGt0pUzAvX21JrM4hM8,200,identical,3e6d18936e0493721c5eea84caa12d1603e07a0a1cc5ef3a2fc6bbc29cdb6d15,3e6d18936e0493721c5eea84caa12d1603e07a0a1cc5ef3a2fc6bbc29cdb6d15,2026-09-05
district-budget/docs/school-committee-approved-fy26-budget-personnel-cuts.pdf,https://drive.google.com/file/d/1ncK3VLbUe0Cr7d92ePey7uDS3r8wQr37/view?usp=drive_link,200,identical,7d036aa08b5164b9e0103d1e6a35897bcbd0d311ea59aa6da412855d4d9be509,7d036aa08b5164b9e0103d1e6a35897bcbd0d311ea59aa6da412855d4d9be509,2026-09-05
district-budget/docs/school-department-fy26-budget-overview.pdf,https://drive.google.com/file/d/1XrQR-5AfKCXeg6Hhv_pGg9Wf38_jvzYq/view?usp=drive_link,200,identical,803eeaa19367da44134428be45babc09248b6d795065ca09767e510e47f3bb6a,803eeaa19367da44134428be45babc09248b6d795065ca09767e510e47f3bb6a,2026-09-05
district-budget/docs/slide-deck-from-the-sc-meeting-3-23-26.pdf,https://drive.google.com/file/d/13ofJRpTJWaJ7lZN1ZLjXk8TkhiPt10aZ/view,200,identical,a16845269cde5dbc9ce5a25b1516085df3125477b1b103e1cda36333be92cb5b,a16845269cde5dbc9ce5a25b1516085df3125477b1b103e1cda36333be92cb5b,2026-09-05
district-budget/docs/slide-deck-from-the-sc-meeting-3-23-26.pdf,https://drive.google.com/file/d/13ofJRpTJWaJ7lZN1ZLjXk8TkhiPt10aZ/view,200,identical,a16845269cde5dbc9ce5a25b1516085df3125477b1b103e1cda36333be92cb5b,a16845269cde5dbc9ce5a25b1516085df3125477b1b103e1cda36333be92cb5b,2026-09-05
district-budget/docs/summary-page-tm-target-budget-needs-based-level-service.pdf,https://drive.google.com/file/d/1WkxOrEVlKCN290Sh04dltCB0jbY_3HcE/view?usp=drive_link,200,identical,3b80ed3c8081be63fe8d33bc1385e4a345b290556e8b975450d5e26f990bc3c1,3b80ed3c8081be63fe8d33bc1385e4a345b290556e8b975450d5e26f990bc3c1,2026-09-05
district-budget/docs/superintendent-39-s-fy21-budget-identified-needs.pdf,https://drive.google.com/file/d/1gySzdcYy5vJO1BDTR2F3rHOXFMEbQqUc/view?usp=sharing,200,identical,efc86b9004350d5b2f65c89554067abaf7346bd0ffd85977a2ff19d387150c61,efc86b9004350d5b2f65c89554067abaf7346bd0ffd85977a2ff19d387150c61,2026-09-05
district-budget/docs/superintendent-39-s-proposed-budget.docx,https://docs.google.com/document/d/1N4rN27vN6JIMB8zc4h0RJ0E5K0Yg6Jfcs3-TqZwdM-Y/edit?usp=sharing,200,repackaged,d23a577faf81a8376c83bc8e7697765fcbcc478ef018a09b36fa4ab809134f00,1ab844343956088ef8ee6019a2b8786a951db90af17819e9d63c3ed99c0244f3,2026-09-05
district-budget/docs/superintendent-s-budget-recommendations.docx,https://docs.google.com/document/d/1RsIjaplMSrIRN1mqLEmDZGgHdLbh_oEkGc0CIl-qO8w/edit?usp=sharing,200,repackaged,b8edbe0ab819de2e2177fb44d4da54af4d88e9af46e43d99e3e84b635e8703c0,988163c21725b291fc5fe99fe459f03b11cf3a7a8cdf84d8736f8f7d7b2d9e68,2026-09-05
district-budget/docs/superintendent-s-proposed-fy21-budget-presentation.pdf,https://drive.google.com/open?id=12yhM5zdKSwBe0Z4_u_vnna13-xeCzTE4,200,identical,085f3aecd59b68244dcb90fe257c9ddadd59b5896afcc568a2974facdb2f5b8f,085f3aecd59b68244dcb90fe257c9ddadd59b5896afcc568a2974facdb2f5b8f,2026-09-05
district-budget/docs/superintendent-s-recommended-fy20-budget-presentation.pdf,https://drive.google.com/file/d/1TzaN2O5zfqtpxcFNyWvg0Xq-oMpfxQm2/view?usp=sharing,200,identical,b9542c0f02c48dddda4b71e5856c421ec7c1ec2df6cc3b135e1c6d2663409098,b9542c0f02c48dddda4b71e5856c421ec7c1ec2df6cc3b135e1c6d2663409098,2026-09-05
district-budget/docs/the-tale-of-our-ten-districts.pdf,https://drive.google.com/file/d/1gxlUL-yGdEjmSxcxIXplpjEu17UeI598/view?usp=sharing,200,identical,56c2bc42de70e7ebef9924e88ae0b6b65d30eb7ac072f8bac592b450e83d7ef2,56c2bc42de70e7ebef9924e88ae0b6b65d30eb7ac072f8bac592b450e83d7ef2,2026-09-05
district-budget/docs/tm-budget-side-by-side-view.pdf,https://drive.google.com/file/d/1n6at46DkLQNADdDf3PPH8_UHekAB83k5/view?usp=drive_link,200,identical,b13d93edcbc362aed086a01ab1923cbceff1cdce08d0bcaade6e96d3103a34d4,b13d93edcbc362aed086a01ab1923cbceff1cdce08d0bcaade6e96d3103a34d4,2026-09-05
district-budget/docs/tm-budget-updated-3-12-25.pdf,https://drive.google.com/file/d/1gnnCgpWTL0HptwK1tG8EF1DoqYOeDSWf/view?usp=drive_link,200,identical,a3f42d69989d08ac48def8a2150a0ee3d5d1d47aa3911a24ffc9887e6a6254ee,a3f42d69989d08ac48def8a2150a0ee3d5d1d47aa3911a24ffc9887e6a6254ee,2026-09-05
district-budget/docs/town-meeting-budget-presentation.pdf,https://drive.google.com/file/d/1ciEXB4jOhnQ4pIpMwHtQnKm0b-AeM9Ay/view?usp=sharing,200,identical,d7137d9f545a54727bc5992dcdebd16a54789e74638966fc0603d5f33c06a379,d7137d9f545a54727bc5992dcdebd16a54789e74638966fc0603d5f33c06a379,2026-09-05
district-budget/docs/town-meeting-fy20-budget-documents.pdf,https://drive.google.com/file/d/1CLVdMtkGvtvtHoNJPBL6YEulsEh4OhHO/view?usp=sharing,200,identical,9c9323c53a74638ef322151ebba9c4848a0de933fe79077f1310fbbd1a33291c,9c9323c53a74638ef322151ebba9c4848a0de933fe79077f1310fbbd1a33291c,2026-09-05
district-budget/docs/updated-town-manager-39-s-budget-sheets-2-66-2-5-25.xlsx,https://docs.google.com/spreadsheets/d/1-51ZwN7Bb9qrnM3bPrMMdXveWfrxJq5c/edit?usp=drive_link&amp;ouid=115866774118931112779&amp;rtpof=true&amp;sd=true,200,identical,b80f9cf981cf5a029e6b4c0fb71935fdb603109af2f6c69ae6abd83400ee32a5,b80f9cf981cf5a029e6b4c0fb71935fdb603109af2f6c69ae6abd83400ee32a5,2026-09-05
peers/ashburnham-westminster-fy27-detail.pdf,https://files.smartsites.parentsquare.com/6739/fy27_budget_detail.pdf,200,identical,1f2dd113189625065c393bdbcc51590ce5d57abca971e501161d57c8fa00e5b7,1f2dd113189625065c393bdbcc51590ce5d57abca971e501161d57c8fa00e5b7,2026-09-05
peers/ashburnham-westminster-fy27-presentation.pdf,https://files.smartsites.parentsquare.com/6739/ashburnham_westminster_budget27_presentation_1.pdf,200,identical,5fd2f744bc50deec4db20b9f67011257787e208e3a0866ba611683c1e6ceb404,5fd2f744bc50deec4db20b9f67011257787e208e3a0866ba611683c1e6ceb404,2026-09-05
peers/ayer-shirley-fy27-expenses.pdf,https://www.ayer.ma.us/DocumentCenter/View/13478,200,identical,7b7dfef89f438f75a112394659e059b362f4d6baf9d086c01707f0994dcccaff,7b7dfef89f438f75a112394659e059b362f4d6baf9d086c01707f0994dcccaff,2026-09-05
peers/groton-dunstable-fy27-budget-book.pdf,https://files-backend.assets.thrillshare.com/documents/asset/uploaded_file/2198/Gdrsd/a9c839f0-1ed0-4e9a-b125-32a1c58ca85d/Budget-Book-FY27-01.28.26.pdf,200,identical,aaa7d4176af924d06a581f237643b64934f8c84d184dfa806abd15a2ed4d8e12,aaa7d4176af924d06a581f237643b64934f8c84d184dfa806abd15a2ed4d8e12,2026-09-05
peers/north-middlesex-finance-subcommittee.pdf,https://resources.finalsite.net/images/v1764774508/nmrsdorg/bregkjqfing6b9eyfqzz/2025-12-01-FinancePacket.pdf,200,identical,a8bd28fc0445c818d8f90b5f61203a21b2ad923c82bf3b739576dfc3afe5aa99,a8bd28fc0445c818d8f90b5f61203a21b2ad923c82bf3b739576dfc3afe5aa99,2026-09-05
peers/wachusett-fy27-budget-presentation.pdf,https://www.rutlandma.gov/DocumentCenter/View/3583,200,identical,10ce533b7b6fc8468dec629431d1cb52a035da5c87d7c78fedf3b9636a168be7,10ce533b7b6fc8468dec629431d1cb52a035da5c87d7c78fedf3b9636a168be7,2026-09-05
town-budget/docs/1352-fy25-snow-and-ice-vendor-agreement.pdf,https://www.lunenburgma.gov/DocumentCenter/View/1352,200,identical,8e2674a0cc11289356dcc3af70a699861719f6cd17ea2a49b459a864aedd0dfd,8e2674a0cc11289356dcc3af70a699861719f6cd17ea2a49b459a864aedd0dfd,2026-09-05
town-budget/docs/1416-senior-tax-work-off-record-hours.pdf,https://www.lunenburgma.gov/DocumentCenter/View/1416,200,identical,d23a3399e14c1148d39f029837a14a5e6d3377f337db3c95d5784749f9942baa,d23a3399e14c1148d39f029837a14a5e6d3377f337db3c95d5784749f9942baa,2026-09-05
town-budget/docs/1591-town-revenue-amp-proposition-2-5-presentation.pdf,https://www.lunenburgma.gov/DocumentCenter/View/1591,200,identical,0c4fa469ec8e8e0b7c4686e182732fe4e912a7280579f5b269cfba4a6a3acee3,0c4fa469ec8e8e0b7c4686e182732fe4e912a7280579f5b269cfba4a6a3acee3,2026-09-05
town-budget/docs/1591-town-revenue-amp-proposition-2-5-presentation.pdf,https://www.lunenburgma.gov/DocumentCenter/View/1591,200,identical,0c4fa469ec8e8e0b7c4686e182732fe4e912a7280579f5b269cfba4a6a3acee3,0c4fa469ec8e8e0b7c4686e182732fe4e912a7280579f5b269cfba4a6a3acee3,2026-09-05
town-budget/docs/1777-fy24-police-budget-attachment-a-10-year-additional-officer-plan.pdf,https://www.lunenburgma.gov/DocumentCenter/View/1777,200,identical,d8571227a19cf912f6c69ff5bf11fcb55c6f37ad14cd7980cbd5f213b6dd9b25,d8571227a19cf912f6c69ff5bf11fcb55c6f37ad14cd7980cbd5f213b6dd9b25,2026-09-05
town-budget/docs/1778-fy24-police-budget-attachment-b-budget-line-items.pdf,https://www.lunenburgma.gov/DocumentCenter/View/1778,200,identical,3bfb76836f24f7271e14a1646adec3db4bae08168aaefcae12558696ad2a8483,3bfb76836f24f7271e14a1646adec3db4bae08168aaefcae12558696ad2a8483,2026-09-05
town-budget/docs/1779-fy24-police-budget-attachment-c-overtime-calculations.pdf,https://www.lunenburgma.gov/DocumentCenter/View/1779,200,identical,4770d6dcfec4ea3aa8723090a953f82d8c9193b7d0c0533d051e5122594f4d2c,4770d6dcfec4ea3aa8723090a953f82d8c9193b7d0c0533d051e5122594f4d2c,2026-09-05
town-budget/docs/1780-fy24-police-budget-narrative.pdf,https://www.lunenburgma.gov/DocumentCenter/View/1780,200,identical,79222cd8ceaccb7fae6485e6f691a149b2a5aaf60d46312b7964d497c05aec5c,79222cd8ceaccb7fae6485e6f691a149b2a5aaf60d46312b7964d497c05aec5c,2026-09-05
town-budget/docs/1781-fy24-police-budget-presentation.pdf,https://www.lunenburgma.gov/DocumentCenter/View/1781,200,identical,1dbe49a7f380b59e7108e6242aa7a5658751728574b9c9d66fc6690e5fa3d00a,1dbe49a7f380b59e7108e6242aa7a5658751728574b9c9d66fc6690e5fa3d00a,2026-09-04
town-budget/docs/1781-fy24-police-budget-presentation.pdf,https://www.lunenburgma.gov/DocumentCenter/View/1781 https://www.lunenburgma.gov/ArchiveCenter/ViewFile/Item/102,000,unreachable,,1dbe49a7f380b59e7108e6242aa7a5658751728574b9c9d66fc6690e5fa3d00a,2026-09-05
town-budget/docs/1782-fy25-police-budget-table-of-contents.pdf,https://www.lunenburgma.gov/DocumentCenter/View/1782,200,identical,ed3be8ea3ccee83a53ec59e083ad1c9bfefa9b7e613da280ac59f8bf62cc5c41,ed3be8ea3ccee83a53ec59e083ad1c9bfefa9b7e613da280ac59f8bf62cc5c41,2026-09-05
town-budget/docs/1783-i-fy25-police-budget-narrative.pdf,https://www.lunenburgma.gov/DocumentCenter/View/1783,200,identical,b082c27b47e6b4ecf20abe4cf2b411866222a06f66f541a91e38d34e2b100cf4,b082c27b47e6b4ecf20abe4cf2b411866222a06f66f541a91e38d34e2b100cf4,2026-09-05
town-budget/docs/1784-ii-attachment-a-police-budget-as-expended-fy15-fy23.pdf,https://www.lunenburgma.gov/DocumentCenter/View/1784,200,identical,8ce38e69998a1b2d722e5ede892668159f89d12257740da2d22d75a3dfd0d6bf,8ce38e69998a1b2d722e5ede892668159f89d12257740da2d22d75a3dfd0d6bf,2026-09-05
town-budget/docs/1785-iii-attachment-b-fy25-10-year-hiring-plan.pdf,https://www.lunenburgma.gov/DocumentCenter/View/1785,200,identical,988702b21df5304390282c893d46454a031f3cdf22e4d051c33da81d252084db,988702b21df5304390282c893d46454a031f3cdf22e4d051c33da81d252084db,2026-09-05
town-budget/docs/1786-iv-attachment-c-fy25-police-preliminary-budget.pdf,https://www.lunenburgma.gov/DocumentCenter/View/1786,200,identical,9a220923d2c6ba80f31f9a530ea8cad353c02b872f621fe0c449b5dcb42deef2,9a220923d2c6ba80f31f9a530ea8cad353c02b872f621fe0c449b5dcb42deef2,2026-09-05
town-budget/docs/1787-v-attachment-d-fy25-overtime-costing-out-model.pdf,https://www.lunenburgma.gov/DocumentCenter/View/1787,200,identical,473c253daecf5c22bfa43c083cb1e6627ca190707c46df84f0d180e0602c054f,473c253daecf5c22bfa43c083cb1e6627ca190707c46df84f0d180e0602c054f,2026-09-05
town-budget/docs/1788-vii-fy25-police-budget-presentation.pdf,https://www.lunenburgma.gov/DocumentCenter/View/1788,200,identical,74bcfcf58360b092514665c2f011ad92039180a4c0c1926728bb24b0ca40057c,74bcfcf58360b092514665c2f011ad92039180a4c0c1926728bb24b0ca40057c,2026-09-05
town-budget/docs/182-w-4-federal-tax-form-pdf.pdf,https://www.lunenburgma.gov/DocumentCenter/View/182,200,identical,d4d86f302283457f4216f0de2630cae503f611a2fdc70b980f394eccf878a6df,d4d86f302283457f4216f0de2630cae503f611a2fdc70b980f394eccf878a6df,2026-09-05
town-budget/docs/187-conflict-of-interest-financial-disclosure-pdf.pdf,https://www.lunenburgma.gov/DocumentCenter/View/187,200,identical,94ca290e686a2a668ddc81a6fc2a38ec45e37a500a830ca4e77e0f0d96f84acf,94ca290e686a2a668ddc81a6fc2a38ec45e37a500a830ca4e77e0f0d96f84acf,2026-09-05
town-budget/docs/1982-3-25-2024-presentation-how-can-we-help-you-property-tax-exemptions-amp-assistanc.pptx,https://www.lunenburgma.gov/DocumentCenter/View/1982,200,identical,817b42221fbd91a4c1cc964b24449e61dda87e0f6ca216ea310da4f883d13634,817b42221fbd91a4c1cc964b24449e61dda87e0f6ca216ea310da4f883d13634,2026-09-05
town-budget/docs/2086-4-14-sex-offender-audits-pdf.pdf,https://www.lunenburgma.gov/DocumentCenter/View/2086,200,identical,bba0413f9e7f79e987d79af97d95cab712912f0846ec0b73c2ecd9c5ebc9c5db,bba0413f9e7f79e987d79af97d95cab712912f0846ec0b73c2ecd9c5ebc9c5db,2026-09-05
town-budget/docs/2419-fy24-year-end-report.pdf,https://www.lunenburgma.gov/DocumentCenter/View/2419,200,identical,6577e4bb128cf2facac5ff17f60d258c763d65e5ae0e97223f603b5951300632,6577e4bb128cf2facac5ff17f60d258c763d65e5ae0e97223f603b5951300632,2026-09-05
town-budget/docs/2420-fy23-lunenburg-financial-statements.pdf,https://www.lunenburgma.gov/DocumentCenter/View/2420,200,identical,e95f1264da8804f445e6ebeec503731c6ef0acb9f6513131164a9702bfd1da32,e95f1264da8804f445e6ebeec503731c6ef0acb9f6513131164a9702bfd1da32,2026-09-05
town-budget/docs/2499-fy25-governor-awards-lunenburg-fd-state-firefighter-safety-grant-pdf.pdf,https://www.lunenburgma.gov/DocumentCenter/View/2499,200,identical,dd1c33c85201f8c818d7b0f729482771aaf6c75ea3d4f93f4f9f857fb3765387,dd1c33c85201f8c818d7b0f729482771aaf6c75ea3d4f93f4f9f857fb3765387,2026-09-05
town-budget/docs/2504-2-3-25-assessor-conference-presentation-pdf.pdf,https://www.lunenburgma.gov/DocumentCenter/View/2504,200,identical,405659d12e948a50c1165f1cf4f79b3cc9e7ad310f407f4d585da1405216519f,405659d12e948a50c1165f1cf4f79b3cc9e7ad310f407f4d585da1405216519f,2026-09-05
town-budget/docs/2862-fy26-select-board-and-town-manager-goals-pdf.pdf,https://www.lunenburgma.gov/DocumentCenter/View/2862,200,identical,0548a54fb8b912334de6de36d6f1dc0c0401f87ffae7ab8ad01cc8eaece2fba1,0548a54fb8b912334de6de36d6f1dc0c0401f87ffae7ab8ad01cc8eaece2fba1,2026-09-05
town-budget/docs/3003-fy24-state-budget-municipal-investments-by-kp-law-pdf.pdf,https://www.lunenburgma.gov/DocumentCenter/View/3003,200,identical,b71581ae327d97f782af54ce55c9e7ffae1eb7b05c4b8e20445aaeaeaa1343c5,b71581ae327d97f782af54ce55c9e7ffae1eb7b05c4b8e20445aaeaeaa1343c5,2026-09-05
town-budget/docs/3358-lunenburg-senior-citizen-property-tax-work-off-program-application-2025-pdf.pdf,https://www.lunenburgma.gov/DocumentCenter/View/3358,200,identical,cd5f3c38e6263ffaf97451f2678bfe65a1eb065f23ec96ae9a2ddcbbef30fc8b,cd5f3c38e6263ffaf97451f2678bfe65a1eb065f23ec96ae9a2ddcbbef30fc8b,2026-09-05
town-budget/docs/3378-lunenburg-proposed-roadway-capital-improvement-plan-list-pdf.pdf,https://www.lunenburgma.gov/DocumentCenter/View/3378,200,identical,0ec7e814d00d0345f2bdaff2c33a0e83b89758ae4cf112e07814c7dcb15fe19f,0ec7e814d00d0345f2bdaff2c33a0e83b89758ae4cf112e07814c7dcb15fe19f,2026-09-05
town-budget/docs/344-bencor-financial-wellness-pdf.pdf,https://www.lunenburgma.gov/DocumentCenter/View/344,200,identical,1fbe779c8d7f8553cd067171d5990f70d3d3e9804078075061b2f35a9db8b90c,1fbe779c8d7f8553cd067171d5990f70d3d3e9804078075061b2f35a9db8b90c,2026-09-05
town-budget/docs/3463-bridge-assessment-and-ranking-prepared-for-the-town-of-lunenburg-by-bsc-group-ma.pdf,https://www.lunenburgma.gov/DocumentCenter/View/3463,200,identical,36a53cfeada50f6a1be96c3a5115f60d2df1a98871523861d9703ca2a130bb6b,36a53cfeada50f6a1be96c3a5115f60d2df1a98871523861d9703ca2a130bb6b,2026-09-05
town-budget/docs/3541-board-of-assessors-code-of-conduct-pdf.pdf,https://www.lunenburgma.gov/DocumentCenter/View/3541,200,identical,93afb04916936e4e9ced23f4f9daa839dc20b034ed57055e104793c3017a51de,93afb04916936e4e9ced23f4f9daa839dc20b034ed57055e104793c3017a51de,2026-09-05
town-budget/docs/3547-role-of-the-assessing-department.pdf,https://www.lunenburgma.gov/DocumentCenter/View/3547,200,identical,a1b63eaaad8532091249faa508d9fdacb2c6b3ec78f8b1c6a4d6799e2b9372b0,a1b63eaaad8532091249faa508d9fdacb2c6b3ec78f8b1c6a4d6799e2b9372b0,2026-09-05
town-budget/docs/3580-fy27-facilities-and-parks-budget-presentation-pdf.pdf,https://www.lunenburgma.gov/DocumentCenter/View/3580,200,identical,99455680a916cbd8f063b4b4999a0ca28a09d5afe436857a866bca59fabe9734,99455680a916cbd8f063b4b4999a0ca28a09d5afe436857a866bca59fabe9734,2026-09-05
town-budget/docs/3581-fy27-fire-department-budget-presentation-pdf.pdf,https://www.lunenburgma.gov/DocumentCenter/View/3581,200,identical,ef39b7a63903ceaf75565ef65a59fc3e9cab86dfe5871c7fa9ab8b3f55e599e5,ef39b7a63903ceaf75565ef65a59fc3e9cab86dfe5871c7fa9ab8b3f55e599e5,2026-09-05
town-budget/docs/3582-fy27-it-budget-presentation-pdf.pdf,https://www.lunenburgma.gov/DocumentCenter/View/3582,200,identical,cb9cd924f2e1f69d988bdaf9c8ea3dc49c33a4c2fa80ddb667aa63ae299a88b6,cb9cd924f2e1f69d988bdaf9c8ea3dc49c33a4c2fa80ddb667aa63ae299a88b6,2026-09-05
town-budget/docs/3583-fy27-monty-tech-budget-presentation-pdf.pdf,https://www.lunenburgma.gov/DocumentCenter/View/3583,200,identical,edc51fdd8b8a54d4adccacdcff1099ed40b2a3a905dc6dd4fe5f601517c5097a,edc51fdd8b8a54d4adccacdcff1099ed40b2a3a905dc6dd4fe5f601517c5097a,2026-09-05
town-budget/docs/3584-fy27-police-department-budget-presentation-pdf.pdf,https://www.lunenburgma.gov/DocumentCenter/View/3584,200,identical,a27f01a2733c120b496b3e9de66c7c97ab29e89a2ea53c5008d3a16aa3e0fb01,a27f01a2733c120b496b3e9de66c7c97ab29e89a2ea53c5008d3a16aa3e0fb01,2026-09-05
town-budget/docs/3585-fy27-preliminary-budget-presentation-pdf.pdf,https://www.lunenburgma.gov/DocumentCenter/View/3585,200,identical,017d828cad33e4189363a6066fbb734486f788a1f4b7dd62c71e457568d343e0,017d828cad33e4189363a6066fbb734486f788a1f4b7dd62c71e457568d343e0,2026-09-05
town-budget/docs/3586-fy27-school-department-budget-presentation-pdf.pdf,https://www.lunenburgma.gov/DocumentCenter/View/3586,200,identical,f3d8fc19c7e2ee037111b7a953c53706acdbaef2f07c7727721c78f063aa3e94,f3d8fc19c7e2ee037111b7a953c53706acdbaef2f07c7727721c78f063aa3e94,2026-09-05
town-budget/docs/3607-fy27-coa-budget-presentation-pdf.pdf,https://www.lunenburgma.gov/DocumentCenter/View/3607,200,identical,a8db9497cbe88c702438d4d9a59f4bf72193f57531b5a336bab4346d501269ad,a8db9497cbe88c702438d4d9a59f4bf72193f57531b5a336bab4346d501269ad,2026-09-05
town-budget/docs/3608-fy27-general-government-budget-presentation-pdf.pdf,https://www.lunenburgma.gov/DocumentCenter/View/3608,200,identical,29cd8de605e44df112a0a5806578fa691f53965da949cc03232af7f5806378e5,29cd8de605e44df112a0a5806578fa691f53965da949cc03232af7f5806378e5,2026-09-05
town-budget/docs/3609-fy27-land-use-budget-presentation-pdf.pdf,https://www.lunenburgma.gov/DocumentCenter/View/3609,200,identical,538e602cb7dbd3f7054396c9fb47f4e98b7a9350831b4c6457736bfed1e1ef9a,538e602cb7dbd3f7054396c9fb47f4e98b7a9350831b4c6457736bfed1e1ef9a,2026-09-05
town-budget/docs/3610-fy27-department-of-public-works-budget-presentation-pdf.pdf,https://www.lunenburgma.gov/DocumentCenter/View/3610,200,identical,3239e756cf131b12f460f967fd2146dfab10adf7ec43d649c60035f9473de3d4,3239e756cf131b12f460f967fd2146dfab10adf7ec43d649c60035f9473de3d4,2026-09-05
town-budget/docs/3611-fy27-general-government-unclassified-budget-presentation-pdf-nbsp.pdf,https://www.lunenburgma.gov/DocumentCenter/View/3611,200,identical,69426c9ef7357660bbd9e7821a2270a8e9ee2797ee455700f99cdf1932a9c826,69426c9ef7357660bbd9e7821a2270a8e9ee2797ee455700f99cdf1932a9c826,2026-09-05
town-budget/docs/3612-fy27-library-budget-presentation-pdf.pdf,https://www.lunenburgma.gov/DocumentCenter/View/3612,200,identical,3572f8005955b28e81e79339e2e4699f3e8d3dbd8887d23acbf4c82f544e041a,3572f8005955b28e81e79339e2e4699f3e8d3dbd8887d23acbf4c82f544e041a,2026-09-05
town-budget/docs/3613-fy27-public-access-cable-budget-presentation-pdf.pdf,https://www.lunenburgma.gov/DocumentCenter/View/3613,200,identical,482bece1fdf1a9f5ec21ec8b8452476c5a98dede6ad21e90f8b70d52d033cbf5,482bece1fdf1a9f5ec21ec8b8452476c5a98dede6ad21e90f8b70d52d033cbf5,2026-09-05
town-budget/docs/373-fy-2023-budget-narrative-pdf.pdf,https://www.lunenburgma.gov/DocumentCenter/View/373,200,identical,1b7ff8a287c89ca3f62d3d3d15ecfa12005e044b6e97e4b28f0ecb79f48efd45,1b7ff8a287c89ca3f62d3d3d15ecfa12005e044b6e97e4b28f0ecb79f48efd45,2026-09-05
town-budget/docs/374-fy-2023-budget-presentation-pdf.pdf,https://www.lunenburgma.gov/DocumentCenter/View/374,200,identical,51c2f3e17825ea05d7f6739849a8209c41de4646a71613447afd3ad7d3040952,51c2f3e17825ea05d7f6739849a8209c41de4646a71613447afd3ad7d3040952,2026-09-05
town-budget/docs/3765-town-meeting-booklet-including-warrant.pdf,https://www.lunenburgma.gov/DocumentCenter/View/3765,200,identical,e064f1cebe11d69a65f769a56322ddc855e80f17688fadd420ded191c2b168cd,e064f1cebe11d69a65f769a56322ddc855e80f17688fadd420ded191c2b168cd,2026-09-05
town-budget/docs/3765-town-meeting-booklet-including-warrant.pdf,https://www.lunenburgma.gov/DocumentCenter/View/3765,200,identical,e064f1cebe11d69a65f769a56322ddc855e80f17688fadd420ded191c2b168cd,e064f1cebe11d69a65f769a56322ddc855e80f17688fadd420ded191c2b168cd,2026-09-05
town-budget/docs/3769-fy-2027-operating-budgets-balanced-tier-1-tier2.pdf,https://www.lunenburgma.gov/DocumentCenter/View/3769,200,identical,64062d0b1417b76555c1e631daa31b819b42a944b7446cf72d9b24a67485d27a,64062d0b1417b76555c1e631daa31b819b42a944b7446cf72d9b24a67485d27a,2026-09-05
town-budget/docs/3769-fy-2027-operating-budgets-balanced-tier-1-tier2.pdf,https://www.lunenburgma.gov/DocumentCenter/View/3769,200,identical,64062d0b1417b76555c1e631daa31b819b42a944b7446cf72d9b24a67485d27a,64062d0b1417b76555c1e631daa31b819b42a944b7446cf72d9b24a67485d27a,2026-09-05
town-budget/docs/3781-9-30-25-fy27-preliminary-budget-presentation-pdf.pptx,https://www.lunenburgma.gov/DocumentCenter/View/3781,200,identical,92a2304c72e65b59d959bde71c002629f4014baefaae5f15db96aea9933aad13,92a2304c72e65b59d959bde71c002629f4014baefaae5f15db96aea9933aad13,2026-09-05
town-budget/docs/394-1-40-school-resource-officer-pdf.pdf,https://www.lunenburgma.gov/DocumentCenter/View/394,200,identical,182c3f45f7bb3c46a4d8828cfcc53c7b2d1550c023909ded15bf3ee064264ec1,182c3f45f7bb3c46a4d8828cfcc53c7b2d1550c023909ded15bf3ee064264ec1,2026-09-05
town-budget/docs/4082-fy-2027-detailed-budget.pdf,https://www.lunenburgma.gov/DocumentCenter/View/4082,200,identical,80137c9395862390d8ec09055dc59b3cf6c403c159fc257061d9c381c8688812,80137c9395862390d8ec09055dc59b3cf6c403c159fc257061d9c381c8688812,2026-09-05
town-budget/docs/4082-fy-2027-detailed-budget.pdf,https://www.lunenburgma.gov/DocumentCenter/View/4082,200,identical,80137c9395862390d8ec09055dc59b3cf6c403c159fc257061d9c381c8688812,80137c9395862390d8ec09055dc59b3cf6c403c159fc257061d9c381c8688812,2026-09-05
town-budget/docs/4090-click-here-for-a-release-on-quot-understanding-lunenburg-apos-s-fy27-budget-how-.pdf,https://www.lunenburgma.gov/DocumentCenter/View/4090,200,identical,dd2e6bac44379acf630907818eee12fdf737258d775471c8eb31b2b7062f9cdf,dd2e6bac44379acf630907818eee12fdf737258d775471c8eb31b2b7062f9cdf,2026-09-05
town-budget/docs/4090-click-here-for-a-release-on-quot-understanding-lunenburg-apos-s-fy27-budget-how-.pdf,https://www.lunenburgma.gov/DocumentCenter/View/4090,200,identical,dd2e6bac44379acf630907818eee12fdf737258d775471c8eb31b2b7062f9cdf,dd2e6bac44379acf630907818eee12fdf737258d775471c8eb31b2b7062f9cdf,2026-09-05
town-budget/docs/4111-article-13-fy-2027-capital-plan.pdf,https://www.lunenburgma.gov/DocumentCenter/View/4111,200,identical,25efe78df34f808ef890626397b52912d618dde5cd2cd7a55ff8098a7293c2e1,25efe78df34f808ef890626397b52912d618dde5cd2cd7a55ff8098a7293c2e1,2026-09-05
town-budget/docs/4111-article-13-fy-2027-capital-plan.pdf,https://www.lunenburgma.gov/DocumentCenter/View/4111,200,identical,25efe78df34f808ef890626397b52912d618dde5cd2cd7a55ff8098a7293c2e1,25efe78df34f808ef890626397b52912d618dde5cd2cd7a55ff8098a7293c2e1,2026-09-05
town-budget/docs/4112-article-32-notice-of-town-meeting.pdf,https://www.lunenburgma.gov/DocumentCenter/View/4112,200,identical,960f1a2cbf2fb43fc0b23fc3569fe0c2d05ee064f78b3e617ce2387fed44efb4,960f1a2cbf2fb43fc0b23fc3569fe0c2d05ee064f78b3e617ce2387fed44efb4,2026-09-05
town-budget/docs/4113-article-12-capital-program-funding-reauthorization.pdf,https://www.lunenburgma.gov/DocumentCenter/View/4113,200,identical,e915a8ca0352dd353f4885c325ab8a81046a797f0c4139adefd96762980462a4,e915a8ca0352dd353f4885c325ab8a81046a797f0c4139adefd96762980462a4,2026-09-05
town-budget/docs/4117-fy-2011-annual-town-report.pdf,https://www.lunenburgma.gov/DocumentCenter/View/4117 https://www.lunenburgma.gov/ArchiveCenter/ViewFile/Item/121,000,unreachable,,551f9edd75d051ae4d863a5d5c13925c0b9a2f93459e63268c507c5226398b81,2026-09-05
town-budget/docs/4118-fy-2012-annual-town-report.pdf,https://www.lunenburgma.gov/DocumentCenter/View/4118 https://www.lunenburgma.gov/ArchiveCenter/ViewFile/Item/124,000,unreachable,,75d645ee7055f68c6a7adc0d32f534f49a1fd2a81a421d79536b14e683d25f6a,2026-09-05
town-budget/docs/4119-fy-2013-annual-town-report.pdf,https://www.lunenburgma.gov/DocumentCenter/View/4119 https://www.lunenburgma.gov/ArchiveCenter/ViewFile/Item/125,000,unreachable,,00670845b7d322166015c1b6ce4d3cef6ac2007d1085f326c44ebc9ac6d418bd,2026-09-05
town-budget/docs/4120-fy-2014-annual-town-report.pdf,https://www.lunenburgma.gov/DocumentCenter/View/4120 https://www.lunenburgma.gov/ArchiveCenter/ViewFile/Item/126,000,unreachable,,f5ef6e9aec7866f7a32d140b047e5604ccf417e2e44c93fc25eb6540ecf1641a,2026-09-05
town-budget/docs/4121-fy-2015-annual-town-report.pdf,https://www.lunenburgma.gov/DocumentCenter/View/4121 https://www.lunenburgma.gov/ArchiveCenter/ViewFile/Item/127,000,unreachable,,712afbb458b2a452a1c4b3ce618478c8f59a31d7f046d349d5307f97fb8bef69,2026-09-05
town-budget/docs/4122-fy-2016-annual-town-report-addendum.pdf,https://www.lunenburgma.gov/DocumentCenter/View/4122,200,identical,b354a3941e2451f71ccaa1278156189ba3e0b5d68dd1391044368ab34d0e4d0d,b354a3941e2451f71ccaa1278156189ba3e0b5d68dd1391044368ab34d0e4d0d,2026-09-05
town-budget/docs/4123-fy-2016-annual-town-report.pdf,https://www.lunenburgma.gov/DocumentCenter/View/4123 https://www.lunenburgma.gov/ArchiveCenter/ViewFile/Item/132,000,unreachable,,f13af7a7c78d4a14be7897a5a039b189197ea94b9aa752bf913aa2185bf77438,2026-09-05
town-budget/docs/4124-fy-2017-annual-town-report.pdf,https://www.lunenburgma.gov/DocumentCenter/View/4124 https://www.lunenburgma.gov/ArchiveCenter/ViewFile/Item/128,000,unreachable,,4c6fbf70d0aff247bc2e18914ec1b0dcfddeeb33da85d5411dc44170eec61579,2026-09-05
town-budget/docs/4125-fy-2018-annual-town-report.pdf,https://www.lunenburgma.gov/DocumentCenter/View/4125 https://www.lunenburgma.gov/ArchiveCenter/ViewFile/Item/129,000,unreachable,,364a1138df754668ee59a499cf3d76b6ac006d47a4ae7d273b7ff9bbfea18409,2026-09-05
town-budget/docs/4126-fy-2019-annual-town-report.pdf,https://www.lunenburgma.gov/DocumentCenter/View/4126 https://www.lunenburgma.gov/ArchiveCenter/ViewFile/Item/130,000,unreachable,,220f1c778148feb90489cf65c6615569db118f8a4eade1e72a40574058e89582,2026-09-05
town-budget/docs/4127-fy-2020-annual-town-report.pdf,https://www.lunenburgma.gov/DocumentCenter/View/4127 https://www.lunenburgma.gov/ArchiveCenter/ViewFile/Item/131,000,unreachable,,c3bf67f1259a5c19f553baefa18e02f16f2bf33c73c5f067a600daf21603ab5d,2026-09-05
town-budget/docs/4128-fy-2021-annual-town-report.pdf,https://www.lunenburgma.gov/DocumentCenter/View/4128 https://www.lunenburgma.gov/ArchiveCenter/ViewFile/Item/122,000,unreachable,,7ec4740034a2b9bd3aa7450f63c91d10e6ead472450edc5fbe9c0da327fb94d3,2026-09-05
town-budget/docs/4129-fy-2022-annual-town-report.pdf,https://www.lunenburgma.gov/DocumentCenter/View/4129 https://www.lunenburgma.gov/ArchiveCenter/ViewFile/Item/123,000,unreachable,,d1673d634dba15c2783107f2642703270bbced41a875fd530b4f617bfd6cfbe7,2026-09-05
town-budget/docs/4130-fy-2025-annual-town-report.pdf,https://www.lunenburgma.gov/DocumentCenter/View/4130 https://www.lunenburgma.gov/ArchiveCenter/ViewFile/Item/213,000,unreachable,,a9ee7b51154d94fd5551f934ce629a2929cc4e5efd8c48cd4bdb8224b8907158,2026-09-05
town-budget/docs/4131-fy-2023-annual-town-report.pdf,https://www.lunenburgma.gov/DocumentCenter/View/4131 https://www.lunenburgma.gov/ArchiveCenter/ViewFile/Item/160,000,unreachable,,d273ebb71360e30df1327fa02cc755cc00da98265dc3f28ce841dbc3bc51d4fa,2026-09-05
town-budget/docs/4132-fy-2024-annual-town-report.pdf,https://www.lunenburgma.gov/DocumentCenter/View/4132 https://www.lunenburgma.gov/ArchiveCenter/ViewFile/Item/211,000,unreachable,,46f14ff8459ec81fb3f21dcda473709c1d03af423abbf7c7633f7d5005f2907a,2026-09-05
town-budget/docs/4161-2026-annual-town-election-warrant.pdf,https://www.lunenburgma.gov/DocumentCenter/View/4161,200,identical,94f57bf87a1ef15599c35c734eaf8755accd9802f71d7ce7bd611620af4ed8c2,94f57bf87a1ef15599c35c734eaf8755accd9802f71d7ce7bd611620af4ed8c2,2026-09-05
town-budget/docs/4161-2026-annual-town-election-warrant.pdf,https://www.lunenburgma.gov/DocumentCenter/View/4161,200,identical,94f57bf87a1ef15599c35c734eaf8755accd9802f71d7ce7bd611620af4ed8c2,94f57bf87a1ef15599c35c734eaf8755accd9802f71d7ce7bd611620af4ed8c2,2026-09-05
town-budget/docs/4283-fy27-senior-means-tested-application.pdf,https://www.lunenburgma.gov/DocumentCenter/View/4283,200,identical,8cae6ec6f751d572484960bd4d7105b39b73524ff192372aef26a41a9d04d1a2,8cae6ec6f751d572484960bd4d7105b39b73524ff192372aef26a41a9d04d1a2,2026-09-05
town-budget/docs/4284-fy27-real-estate-exemption-flyer.pdf,https://www.lunenburgma.gov/DocumentCenter/View/4284,200,identical,15e4e1dbbc9284351771d2bbfb537fc4639770e9e5865b29b0e83d4ed604533e,15e4e1dbbc9284351771d2bbfb537fc4639770e9e5865b29b0e83d4ed604533e,2026-09-05
town-budget/docs/4285-fy27-senior-means-tested-brochure.pdf,https://www.lunenburgma.gov/DocumentCenter/View/4285,200,identical,53c4b04b4989419bc065ca5978bdb59545028909000f2e9da7b8b7befdea423d,53c4b04b4989419bc065ca5978bdb59545028909000f2e9da7b8b7befdea423d,2026-09-05
town-budget/docs/4306-notice-of-tax-taking-lists.pdf,https://www.lunenburgma.gov/DocumentCenter/View/4306,200,identical,3efe632a41510923f5e013d6048a8bce1ec912280747deeb2fc1d5c52e2c7943,3efe632a41510923f5e013d6048a8bce1ec912280747deeb2fc1d5c52e2c7943,2026-09-05
town-budget/docs/4346-fy27-detail-rates.pdf,https://www.lunenburgma.gov/DocumentCenter/View/4346,200,identical,2d181633d2b557c790972efd18753ae1cd0385a7f1cdc99cffbd781b4f782b53,2d181633d2b557c790972efd18753ae1cd0385a7f1cdc99cffbd781b4f782b53,2026-09-05
town-budget/docs/4365-september-3-2026-special-town-meeting-legal-notice.pdf,https://www.lunenburgma.gov/DocumentCenter/View/4365,200,identical,726ab0db0729f3e3dcd93383f81e46bc74a50b5678b30f2cd8c0841594765cee,726ab0db0729f3e3dcd93383f81e46bc74a50b5678b30f2cd8c0841594765cee,2026-09-05
town-budget/docs/4373-september-3-2026-special-town-meeting-warrant.pdf,https://www.lunenburgma.gov/DocumentCenter/View/4373,200,identical,b33f1757443ae3a6aee66aac5661c7473c1e7312aff6d002fe0152621b68266e,b33f1757443ae3a6aee66aac5661c7473c1e7312aff6d002fe0152621b68266e,2026-09-05
town-budget/docs/4396-november-17-2026-special-town-meeting-legal-notice.pdf,https://www.lunenburgma.gov/DocumentCenter/View/4396,200,identical,95a104bd2caa0d344993852bfe69eb73d94151b40948cbd6dbd7a1da77b456c3,95a104bd2caa0d344993852bfe69eb73d94151b40948cbd6dbd7a1da77b456c3,2026-09-05
town-budget/docs/442-4-38-reserve-officer-hiring-process-pdf.pdf,https://www.lunenburgma.gov/DocumentCenter/View/442,200,identical,a40d2f2f55da5c544c711d61c3caff23c75324d708dbaef573d830d70cbe6638,a40d2f2f55da5c544c711d61c3caff23c75324d708dbaef573d830d70cbe6638,2026-09-05
town-budget/docs/443-4-39-reserve-officer-program-pdf.pdf,https://www.lunenburgma.gov/DocumentCenter/View/443,200,identical,e57afbba2f37d1122f7ca99852ee90df3b0f34e4122c81c1d1fd39850e1de0ad,e57afbba2f37d1122f7ca99852ee90df3b0f34e4122c81c1d1fd39850e1de0ad,2026-09-05
town-budget/docs/493-senior-citizen-property-tax-work-off-program-application-form-pdf.pdf,https://www.lunenburgma.gov/DocumentCenter/View/493,200,identical,cd5f3c38e6263ffaf97451f2678bfe65a1eb065f23ec96ae9a2ddcbbef30fc8b,cd5f3c38e6263ffaf97451f2678bfe65a1eb065f23ec96ae9a2ddcbbef30fc8b,2026-09-05
town-budget/docs/494-senior-tax-work-off-program-brochure-pdf.pdf,https://www.lunenburgma.gov/DocumentCenter/View/494,200,identical,4e4dd109c5b4b7bc654af809ea0ffbf10c19492294b3ddb4a6b6af65b0a2b88a,4e4dd109c5b4b7bc654af809ea0ffbf10c19492294b3ddb4a6b6af65b0a2b88a,2026-09-05
town-budget/docs/783-real-estate-personal-property-tax-actual-billing-pdf.pdf,https://www.lunenburgma.gov/DocumentCenter/View/783,200,identical,98d28dd2f906e41198a1291e64da8a1c88a3660e4d5c628af5d8d51dff5ae118,98d28dd2f906e41198a1291e64da8a1c88a3660e4d5c628af5d8d51dff5ae118,2026-09-05
town-budget/docs/784-real-estate-tax-preliminary-billing-pfd.pdf,https://www.lunenburgma.gov/DocumentCenter/View/784,200,identical,f06a5ac41c6c2baf87195b325c43353b6c1c85c4ddc8375cec3eb91e7c0759af,f06a5ac41c6c2baf87195b325c43353b6c1c85c4ddc8375cec3eb91e7c0759af,2026-09-05
town-budget/docs/785-motor-vehicle-excise-tax-pdf.pdf,https://www.lunenburgma.gov/DocumentCenter/View/785,200,identical,feb18a7bb20628ec1a3354ae2c36e9bd1e6bdb43a960bfcdc1b327f2c274a224,feb18a7bb20628ec1a3354ae2c36e9bd1e6bdb43a960bfcdc1b327f2c274a224,2026-09-05
town-budget/docs/786-tax-lien-sale-auction-notice-pdf.pdf,https://www.lunenburgma.gov/DocumentCenter/View/786,200,identical,ca437e185bf0a92bf294387a0f9d6a72a89285f9cbf1d8abd1ce0ad0cd823c92,ca437e185bf0a92bf294387a0f9d6a72a89285f9cbf1d8abd1ce0ad0cd823c92,2026-09-05
town-budget/docs/787-march-17-2022-tax-lien-sale-auction-registration-form-pdf.pdf,https://www.lunenburgma.gov/DocumentCenter/View/787,200,identical,2c9bc97b41e3ddfd7fa32f3a36430b2a79303bdddb368caecc8c9d1c24a3dd72,2c9bc97b41e3ddfd7fa32f3a36430b2a79303bdddb368caecc8c9d1c24a3dd72,2026-09-05
town-budget/docs/a100-fy24-superintendent-s-proposed-budget-pdf.pdf,https://www.lunenburgma.gov/ArchiveCenter/ViewFile/Item/100,200,identical,d90dd6583c001d9237f8a820770691c2ee9cdabaf91ba33224192a24a19dba37,d90dd6583c001d9237f8a820770691c2ee9cdabaf91ba33224192a24a19dba37,2026-09-05
town-budget/docs/a101-fy24-monty-tech-budget-presentation-pdf.pdf,https://www.lunenburgma.gov/ArchiveCenter/ViewFile/Item/101,200,identical,73f873e450f7ed3565fcb8536cad562730fe84da26500519e75403c42c793094,73f873e450f7ed3565fcb8536cad562730fe84da26500519e75403c42c793094,2026-09-05
town-budget/docs/a103-fy24-monty-tech-budget-for-public-hearing-march-08-2023-pdf.pdf,https://www.lunenburgma.gov/ArchiveCenter/ViewFile/Item/103,200,identical,a34d6cd7ee6ae4170cac5aa6ec58dee89ab03def065f5e72ff4d9311fef52712,a34d6cd7ee6ae4170cac5aa6ec58dee89ab03def065f5e72ff4d9311fef52712,2026-09-05
town-budget/docs/a104-fy24-dpw-budget-presentation-pdf.pdf,https://www.lunenburgma.gov/ArchiveCenter/ViewFile/Item/104,200,identical,fcd949435f03a32461c62000e9e2bb39578ad82e2b23953ddaa341756a398d01,fcd949435f03a32461c62000e9e2bb39578ad82e2b23953ddaa341756a398d01,2026-09-05
town-budget/docs/a105-fy24-it-budget-presentation-pdf.pdf,https://www.lunenburgma.gov/ArchiveCenter/ViewFile/Item/105,200,identical,ecd947ed47d64a99ee383f25af86ec40ce50b007f337d5d5a5a159387ff98d5e,ecd947ed47d64a99ee383f25af86ec40ce50b007f337d5d5a5a159387ff98d5e,2026-09-05
town-budget/docs/a106-fy24-finance-committee-budget-presentation-pdf.pdf,https://www.lunenburgma.gov/ArchiveCenter/ViewFile/Item/106,200,identical,392268f8c815ac5f90823df06a2b4b783d7276a546fa516b3bfa415cba3f49a2,392268f8c815ac5f90823df06a2b4b783d7276a546fa516b3bfa415cba3f49a2,2026-09-05
town-budget/docs/a107-fy24-facilities-budget-presentation-pdf.pdf,https://www.lunenburgma.gov/ArchiveCenter/ViewFile/Item/107,200,identical,83d202a523044ebd8125f5a868d6e48b6843b0208cb1bc748772db25eb10726d,83d202a523044ebd8125f5a868d6e48b6843b0208cb1bc748772db25eb10726d,2026-09-05
town-budget/docs/a108-fy24-council-on-aging-budget-presentation-pdf.pdf,https://www.lunenburgma.gov/ArchiveCenter/ViewFile/Item/108,200,identical,dd88ce84261d8cb9e765c37bc70153b3076a453c6458a2a2ed95838dec5d64c3,dd88ce84261d8cb9e765c37bc70153b3076a453c6458a2a2ed95838dec5d64c3,2026-09-05
town-budget/docs/a109-fy24-fire-department-budget-presentation-pdf.pdf,https://www.lunenburgma.gov/ArchiveCenter/ViewFile/Item/109 https://www.lunenburgma.gov/ArchiveCenter/ViewFile/Item/158,000,unreachable,,1159e65e373710614b240b1aab55619cc016c03db6dd2b2dfa36c272592fdd78,2026-09-05
town-budget/docs/a110-fy24-fy28-superintendent-s-projected-identified-needs-pdf.pdf,https://www.lunenburgma.gov/ArchiveCenter/ViewFile/Item/110,200,identical,a8dfb84834ae604e24fde1c637569e20d5002307b3b78b3520a7d2ac33425504,a8dfb84834ae604e24fde1c637569e20d5002307b3b78b3520a7d2ac33425504,2026-09-05
town-budget/docs/a111-fy24-finance-committee-budget-presentation-schedule-and-public-hearing-date-pdf.pdf,https://www.lunenburgma.gov/ArchiveCenter/ViewFile/Item/111,200,identical,8e7ebf7a9a86365868fcd6e9d6ce5adbbd2bef800943f6e47e266f88441ef264,8e7ebf7a9a86365868fcd6e9d6ce5adbbd2bef800943f6e47e266f88441ef264,2026-09-05
town-budget/docs/a112-fiscal-year-2016-preliminary-budget-pdf.pdf,https://www.lunenburgma.gov/ArchiveCenter/ViewFile/Item/112,200,identical,da3d6881bd366f5a60af2dae1b0a6a91c0c3bbf37a5f8e1cc9d5624b07401405,da3d6881bd366f5a60af2dae1b0a6a91c0c3bbf37a5f8e1cc9d5624b07401405,2026-09-05
town-budget/docs/a113-fiscal-year-2015-budget-final-after-recap-pdf.pdf,https://www.lunenburgma.gov/ArchiveCenter/ViewFile/Item/113,200,identical,de08cf5901c8b25acd654cfae60e02d440a74e261be202bb7e7f59f859be1c87,de08cf5901c8b25acd654cfae60e02d440a74e261be202bb7e7f59f859be1c87,2026-09-05
town-budget/docs/a114-fiscal-year-2014-budget-as-appropriated-pdf.pdf,https://www.lunenburgma.gov/ArchiveCenter/ViewFile/Item/114,200,identical,1973155d9d8961593fc9fc9c6cd522e4a36cebf9233a8161bb562c023bd15522,1973155d9d8961593fc9fc9c6cd522e4a36cebf9233a8161bb562c023bd15522,2026-09-05
town-budget/docs/a115-fiscal-year-2016-budget-presentation-pdf.pdf,https://www.lunenburgma.gov/ArchiveCenter/ViewFile/Item/115,200,identical,20ed48d3364ffa52a57596dca36d92530f5bb3c0a91cbe37cdbb59c74a41f1d5,20ed48d3364ffa52a57596dca36d92530f5bb3c0a91cbe37cdbb59c74a41f1d5,2026-09-05
town-budget/docs/a116-fiscal-year-2013-budget-line-item-detail-of-fiscal-year-2013-budget-recommendati.pdf,https://www.lunenburgma.gov/ArchiveCenter/ViewFile/Item/116,200,identical,b156215d54457f59bd160b4850f68e73179921bfa82b6971e8ae9426ac66b05e,b156215d54457f59bd160b4850f68e73179921bfa82b6971e8ae9426ac66b05e,2026-09-05
town-budget/docs/a117-fiscal-year-2013-appendix-documents-1-4-pdf.pdf,https://www.lunenburgma.gov/ArchiveCenter/ViewFile/Item/117,200,identical,6f73ebfbde166bb56d8779bf5de0ed5df24ce220e15ada9bd62275ec98d694af,6f73ebfbde166bb56d8779bf5de0ed5df24ce220e15ada9bd62275ec98d694af,2026-09-05
town-budget/docs/a118-fiscal-year-2012-budget-as-appropriated-a-copy-of-the-fiscal-year-2012-budget-as.pdf,https://www.lunenburgma.gov/ArchiveCenter/ViewFile/Item/118,200,identical,8e9573fa35246cf09e760f40ac46f837d45c1fe8be100ee5d285889c08efe5c3,8e9573fa35246cf09e760f40ac46f837d45c1fe8be100ee5d285889c08efe5c3,2026-09-05
town-budget/docs/a119-fiscal-year-2013-appendix-document-5-comprehensive-pavement-management-system-pd.pdf,https://www.lunenburgma.gov/ArchiveCenter/ViewFile/Item/119,200,identical,0c4740aaaa75ae6641b29958f322031d560600e58f92435a6d97eb6be1e6d3ac,0c4740aaaa75ae6641b29958f322031d560600e58f92435a6d97eb6be1e6d3ac,2026-09-05
town-budget/docs/a120-5-year-financial-forecast-16-20-pdf.pdf,https://www.lunenburgma.gov/ArchiveCenter/ViewFile/Item/120,200,identical,42500d76ed999bd75dcec8e4a07ce317cbb4eb500259f4d2993075105ff0678c,42500d76ed999bd75dcec8e4a07ce317cbb4eb500259f4d2993075105ff0678c,2026-09-05
town-budget/docs/a133-fy25-preliminary-budget-documents.zip,https://www.lunenburgma.gov/ArchiveCenter/ViewFile/Item/133,200,identical,07639396ce4f0a770f218803a3c0c0cd9f8fa5e5cef4383b2a6715291c3068c3,07639396ce4f0a770f218803a3c0c0cd9f8fa5e5cef4383b2a6715291c3068c3,2026-09-05
town-budget/docs/a135-fy25-budget-message-and-proposal-for-bos-and-fc.pdf,https://www.lunenburgma.gov/ArchiveCenter/ViewFile/Item/135,200,identical,a81942d486eab0971a4b1f402511c0eedec1d8e9dbf939eebc36abe01f94c6da,a81942d486eab0971a4b1f402511c0eedec1d8e9dbf939eebc36abe01f94c6da,2026-09-05
town-budget/docs/a136-fy25-preliminary-budget-presentation-to-fincomm-and-sb-2-15-24.pdf,https://www.lunenburgma.gov/ArchiveCenter/ViewFile/Item/136,200,identical,e16ec576794040556b596fbd0259e0b8fe23c084d47cf706ef4a8606d7e6b5e4,e16ec576794040556b596fbd0259e0b8fe23c084d47cf706ef4a8606d7e6b5e4,2026-09-05
town-budget/docs/a137-fy25-town-manager-s-line-item-detail-and-revenue-expense-worksheet-2-13-24.pdf,https://www.lunenburgma.gov/ArchiveCenter/ViewFile/Item/137,200,identical,5ad434482bd405b908c8591d7b1a322b86d41e969f9eaa08f906f457d15a64d4,5ad434482bd405b908c8591d7b1a322b86d41e969f9eaa08f906f457d15a64d4,2026-09-05
town-budget/docs/a138-fy25-town-manager-s-preliminary-budget-recommendation-pdf.pdf,https://www.lunenburgma.gov/ArchiveCenter/ViewFile/Item/138,200,identical,0a98d988ef4732e3e5c2c974216f5932affeb0aae1da4b86c31fe3b869083a50,0a98d988ef4732e3e5c2c974216f5932affeb0aae1da4b86c31fe3b869083a50,2026-09-05
town-budget/docs/a157-2024-may-annual-town-meeting-booklet-pdf.pdf,https://www.lunenburgma.gov/ArchiveCenter/ViewFile/Item/157,200,identical,771b1fc7a1ddf0eb421279615cb84c2a9421d4d2497342c7f09dcfa42fbf5b77,771b1fc7a1ddf0eb421279615cb84c2a9421d4d2497342c7f09dcfa42fbf5b77,2026-09-05
town-budget/docs/a161-2024-november-special-town-meeting-warrant-booklet-pdf.pdf,https://www.lunenburgma.gov/ArchiveCenter/ViewFile/Item/161,200,identical,2023e39c7fd6d618a89b7d0c56c39c8142df6ad1eebae4180c34bacedfa1d317,2023e39c7fd6d618a89b7d0c56c39c8142df6ad1eebae4180c34bacedfa1d317,2026-09-05
town-budget/docs/a162-2015-may-annual-town-meeting-booklet-pdf.pdf,https://www.lunenburgma.gov/ArchiveCenter/ViewFile/Item/162,200,identical,0441ef624464cb6546cb84bc97ef3061e9cefaf66f132510be4e1cae004d0c6b,0441ef624464cb6546cb84bc97ef3061e9cefaf66f132510be4e1cae004d0c6b,2026-09-05
town-budget/docs/a163-2016-may-annual-town-meeting-booklet-pdf.pdf,https://www.lunenburgma.gov/ArchiveCenter/ViewFile/Item/163,200,identical,75457aaea730f6a8be6d4c6b36610d4a4c2f69ad346ffc4c6f8510485e57f3da,75457aaea730f6a8be6d4c6b36610d4a4c2f69ad346ffc4c6f8510485e57f3da,2026-09-05
town-budget/docs/a164-2015-november-special-town-meeting-booklet-pdf.pdf,https://www.lunenburgma.gov/ArchiveCenter/ViewFile/Item/164,200,identical,b888ac6d4db0a2df31223d3b541f5e3076a203145d363f63581e5a0f4c892d5f,b888ac6d4db0a2df31223d3b541f5e3076a203145d363f63581e5a0f4c892d5f,2026-09-05
town-budget/docs/a165-2016-november-special-town-meeting-booklet-pdf.pdf,https://www.lunenburgma.gov/ArchiveCenter/ViewFile/Item/165,200,identical,b72f79e11f4d224e2933ea66aa0b36096ddc88dd8f43298362f1f5de146443ea,b72f79e11f4d224e2933ea66aa0b36096ddc88dd8f43298362f1f5de146443ea,2026-09-05
town-budget/docs/a166-2017-november-special-town-meeting-booklet-pdf.pdf,https://www.lunenburgma.gov/ArchiveCenter/ViewFile/Item/166,200,identical,132770368d460ca82b6ce3f2d7e025cf3ddb626726b78798720e0a72c415b61a,132770368d460ca82b6ce3f2d7e025cf3ddb626726b78798720e0a72c415b61a,2026-09-05
town-budget/docs/a167-2019-november-special-town-meeting-booklet-pdf.pdf,https://www.lunenburgma.gov/ArchiveCenter/ViewFile/Item/167,200,identical,bb76a471ff6bf735bfa26a816ebba429ad1fb85f343a991c13461b941a90b0e6,bb76a471ff6bf735bfa26a816ebba429ad1fb85f343a991c13461b941a90b0e6,2026-09-05
town-budget/docs/a168-2021-november-special-town-meeting-booklet-pdf.pdf,https://www.lunenburgma.gov/ArchiveCenter/ViewFile/Item/168,200,identical,acf4ec7c631a4f6dbd1df4b01b6e08dcb87c79f238315c28fb52e5c84b34fae6,acf4ec7c631a4f6dbd1df4b01b6e08dcb87c79f238315c28fb52e5c84b34fae6,2026-09-05
town-budget/docs/a170-2022-may-annual-town-meeting-booklet-pdf.pdf,https://www.lunenburgma.gov/ArchiveCenter/ViewFile/Item/170,200,identical,cc5a1aea672f04c405cd069fadcbc2d3737ff3132c8d69e9048f31a20cdb5201,cc5a1aea672f04c405cd069fadcbc2d3737ff3132c8d69e9048f31a20cdb5201,2026-09-05
town-budget/docs/a171-2022-november-special-town-meeting-booklet-pdf.pdf,https://www.lunenburgma.gov/ArchiveCenter/ViewFile/Item/171,200,identical,4df365bb347c71a953ff83ecae72747512cd8307195273edfa261dc08cf5222a,4df365bb347c71a953ff83ecae72747512cd8307195273edfa261dc08cf5222a,2026-09-05
town-budget/docs/a172-2023-may-annual-town-meeting-booklet-pdf.pdf,https://www.lunenburgma.gov/ArchiveCenter/ViewFile/Item/172,200,identical,1d87a6193b958fd41b663ae2a3a853d65cbc6d6228427b13594ab7bb75275519,1d87a6193b958fd41b663ae2a3a853d65cbc6d6228427b13594ab7bb75275519,2026-09-05
town-budget/docs/a173-2023-november-special-town-meeting-booklet-pdf.pdf,https://www.lunenburgma.gov/ArchiveCenter/ViewFile/Item/173,200,identical,777353bb419e23f2bc9c09f239e01c0a0e1de7908b8a54f223d69b2a77e2b02b,777353bb419e23f2bc9c09f239e01c0a0e1de7908b8a54f223d69b2a77e2b02b,2026-09-05
town-budget/docs/a181-fy19-fire-department-budget-presentation-pdf.pdf,https://www.lunenburgma.gov/ArchiveCenter/ViewFile/Item/181,200,identical,14eac4f5f98c04174c58646e501ab5cd3a78d1be08393a9c0f7bac33e614dcc3,14eac4f5f98c04174c58646e501ab5cd3a78d1be08393a9c0f7bac33e614dcc3,2026-09-05
town-budget/docs/a182-fy19-capital-plan-presentation-pdf.pdf,https://www.lunenburgma.gov/ArchiveCenter/ViewFile/Item/182,200,identical,c26d11db8a28c0820ff30f74f43e3637b9cc69d350bab70463a361c0d37746a0,c26d11db8a28c0820ff30f74f43e3637b9cc69d350bab70463a361c0d37746a0,2026-09-05
town-budget/docs/a183-fy20-land-use-director-symposium-presentation-pdf.pdf,https://www.lunenburgma.gov/ArchiveCenter/ViewFile/Item/183,200,identical,99028798642dba5a82a110ba0eecc0e4f1f24cd3af3b74c40430bd9813500f17,99028798642dba5a82a110ba0eecc0e4f1f24cd3af3b74c40430bd9813500f17,2026-09-05
town-budget/docs/a184-fy20-school-superintendent-symposium-presentation-pdf.pdf,https://www.lunenburgma.gov/ArchiveCenter/ViewFile/Item/184,200,identical,7cdb4ca4eff87791a842a56b40e51a9f259a3d2a9b1f805bff10dc880fc0e92c,7cdb4ca4eff87791a842a56b40e51a9f259a3d2a9b1f805bff10dc880fc0e92c,2026-09-05
town-budget/docs/a185-fy20-town-manager-symposium-presentation-pdf.pdf,https://www.lunenburgma.gov/ArchiveCenter/ViewFile/Item/185,200,identical,82b04e87b32ed1895778e04ea377dc82855f3744d5eca86707c4db5bc643829e,82b04e87b32ed1895778e04ea377dc82855f3744d5eca86707c4db5bc643829e,2026-09-05
town-budget/docs/a186-fy24-town-manager-preliminary-budget-line-item-detail-pdf.pdf,https://www.lunenburgma.gov/ArchiveCenter/ViewFile/Item/186,200,identical,23a99c832e4d015eb21a736f491eba1218fee003e39325c6db04ed03a7271d02,23a99c832e4d015eb21a736f491eba1218fee003e39325c6db04ed03a7271d02,2026-09-05
town-budget/docs/a187-fy24-town-manager-preliminary-budget-message-and-proposal-pdf.pdf,https://www.lunenburgma.gov/ArchiveCenter/ViewFile/Item/187,200,identical,88906e3619fa73f634e15ae503cf561eb19d0f98650b1f8dcc1724b61b4fcf44,88906e3619fa73f634e15ae503cf561eb19d0f98650b1f8dcc1724b61b4fcf44,2026-09-05
town-budget/docs/a188-fy24-town-manager-preliminary-budget-presentation-pdf.pdf,https://www.lunenburgma.gov/ArchiveCenter/ViewFile/Item/188,200,identical,06fd4e88dfdf8ccd74f6058c6f8ac6720740309d6eae63408fbf4060b4c17a71,06fd4e88dfdf8ccd74f6058c6f8ac6720740309d6eae63408fbf4060b4c17a71,2026-09-05
town-budget/docs/a189-fy24-revenue-expense-worksheet-february-16-2023-pdf.pdf,https://www.lunenburgma.gov/ArchiveCenter/ViewFile/Item/189,200,identical,6136179a246897f672b08bd35aad711f43c2c805a0bca4691301ef4dcb14affe,6136179a246897f672b08bd35aad711f43c2c805a0bca4691301ef4dcb14affe,2026-09-05
town-budget/docs/a190-fy19-fy23-financial-forecast-presentation-pdf.pdf,https://www.lunenburgma.gov/ArchiveCenter/ViewFile/Item/190,200,identical,aff8c9e6a3cfe08bb848e9ab3084379b270eb7e9209d0a869aabfb46e8fd4004,aff8c9e6a3cfe08bb848e9ab3084379b270eb7e9209d0a869aabfb46e8fd4004,2026-09-05
town-budget/docs/a191-fy20-fy24-financial-forecast-presentation-pdf.pdf,https://www.lunenburgma.gov/ArchiveCenter/ViewFile/Item/191,200,identical,31c5f881973f4e27bff109e3d20905d7707b59edfb94c4507eea856a36c2f83a,31c5f881973f4e27bff109e3d20905d7707b59edfb94c4507eea856a36c2f83a,2026-09-05
town-budget/docs/a192-fy21-fy25-financial-forecast-presentation-pdf.pdf,https://www.lunenburgma.gov/ArchiveCenter/ViewFile/Item/192,200,identical,02b11a30afc9b0bd09ba66209d653be5e4de4ac4390618171801b42de7a6aaaf,02b11a30afc9b0bd09ba66209d653be5e4de4ac4390618171801b42de7a6aaaf,2026-09-05
town-budget/docs/a193-fy22-fy26-financial-forecast-presentation-pdf.pdf,https://www.lunenburgma.gov/ArchiveCenter/ViewFile/Item/193,200,identical,cf163aaa431919a292c7e280259e14e21660b8eb5d57065035cc27fd828abb86,cf163aaa431919a292c7e280259e14e21660b8eb5d57065035cc27fd828abb86,2026-09-05
town-budget/docs/a194-fy24-composite-project-ranking-by-capital-planning-committee-pdf.pdf,https://www.lunenburgma.gov/ArchiveCenter/ViewFile/Item/194,200,identical,94865c1a17a89204d8f9c8f25bd56bee19e1fea6cc2500945502be3d2cac4962,94865c1a17a89204d8f9c8f25bd56bee19e1fea6cc2500945502be3d2cac4962,2026-09-05
town-budget/docs/a195-fy24-town-manager-capital-plan-presentation-pdf.pdf,https://www.lunenburgma.gov/ArchiveCenter/ViewFile/Item/195,200,identical,fb856fddf92c3fc2d36785fe6bfd46fa1459278618bd58bc0daed2a985533f65,fb856fddf92c3fc2d36785fe6bfd46fa1459278618bd58bc0daed2a985533f65,2026-09-05
town-budget/docs/a196-fy24-fy33-dpw-equipment-capital-plan-presentation-pdf.pdf,https://www.lunenburgma.gov/ArchiveCenter/ViewFile/Item/196,200,identical,8cb17dbcdad074de62bbdedccb1c729509a88fba64541249504b47b0aa60c652,8cb17dbcdad074de62bbdedccb1c729509a88fba64541249504b47b0aa60c652,2026-09-05
town-budget/docs/a197-fy24-fy33-dpw-infrastructure-capital-plan-presentation-pdf.pdf,https://www.lunenburgma.gov/ArchiveCenter/ViewFile/Item/197,200,identical,8a1601738a56adac216175aa1dc4643cd6d64cc3c92752265451d9be4dbb3c00,8a1601738a56adac216175aa1dc4643cd6d64cc3c92752265451d9be4dbb3c00,2026-09-05
town-budget/docs/a198-fy24-fy33-facilities-capital-plan-presentation-pdf.pdf,https://www.lunenburgma.gov/ArchiveCenter/ViewFile/Item/198,200,identical,66e1fbfe9fc414b8b7d714967bc7fd87b33bb88760aec08aab72ccb5ef906c33,66e1fbfe9fc414b8b7d714967bc7fd87b33bb88760aec08aab72ccb5ef906c33,2026-09-05
town-budget/docs/a199-fy24-fy33-fire-department-capital-plan-presentation-pdf.pdf,https://www.lunenburgma.gov/ArchiveCenter/ViewFile/Item/199,200,identical,943d8e64cf3899a1770ce5a3b56f46bee7bffa5c70e85bd30ff6c10db7a06f13,943d8e64cf3899a1770ce5a3b56f46bee7bffa5c70e85bd30ff6c10db7a06f13,2026-09-05
town-budget/docs/a200-fy24-fy33-police-department-capital-plan-presentation-pdf.pdf,https://www.lunenburgma.gov/ArchiveCenter/ViewFile/Item/200,200,identical,075c3a67550b6f06d1fae050d63de5120d1e4247112fc8fd7aafdb4e9643537e,075c3a67550b6f06d1fae050d63de5120d1e4247112fc8fd7aafdb4e9643537e,2026-09-05
town-budget/docs/a201-fy24-fy33-rating-criteria-used-for-capital-plan-requests-pdf.pdf,https://www.lunenburgma.gov/ArchiveCenter/ViewFile/Item/201,200,identical,5872e975134122cea9f908fb126f3f903b254deee8738b4becc56d0827812ae3,5872e975134122cea9f908fb126f3f903b254deee8738b4becc56d0827812ae3,2026-09-05
town-budget/docs/a202-fy18-capital-plan-presentation-pdf.pdf,https://www.lunenburgma.gov/ArchiveCenter/ViewFile/Item/202,200,identical,5c30ca718185d6d5cfe114b5872f3c2146a8dd78037295b955578e801b585096,5c30ca718185d6d5cfe114b5872f3c2146a8dd78037295b955578e801b585096,2026-09-05
town-budget/docs/a203-fy25-fy34-dpw-capital-request-presentation-pdf.pdf,https://www.lunenburgma.gov/ArchiveCenter/ViewFile/Item/203,200,identical,074079ba8231c16047f1c38508752bf4a95a9bca41a89f81ad624dcf72982072,074079ba8231c16047f1c38508752bf4a95a9bca41a89f81ad624dcf72982072,2026-09-05
town-budget/docs/a204-fy25-fy34-fire-dept-capital-plan-presentation-pdf.pdf,https://www.lunenburgma.gov/ArchiveCenter/ViewFile/Item/204,200,identical,98777efa07af1109c4da5f955de6b782938c5799204f537620c9b0e00d14c34f,98777efa07af1109c4da5f955de6b782938c5799204f537620c9b0e00d14c34f,2026-09-05
town-budget/docs/a205-fy25-fy34-capital-plan-requests-by-department-pdf.pdf,https://www.lunenburgma.gov/ArchiveCenter/ViewFile/Item/205,200,identical,04e34a54bd59b5fc8b9cee18825ebbb4459aa6ea417e4947da6f6cfc804fe427,04e34a54bd59b5fc8b9cee18825ebbb4459aa6ea417e4947da6f6cfc804fe427,2026-09-05
town-budget/docs/a206-fy25-fy34-facilities-and-parks-capital-plan-presentation-pdf.pdf,https://www.lunenburgma.gov/ArchiveCenter/ViewFile/Item/206,200,identical,b8bbffcef2c466285158ace25ccc98ffd47a6a4f4e0864a110b921f2369dcf78,b8bbffcef2c466285158ace25ccc98ffd47a6a4f4e0864a110b921f2369dcf78,2026-09-05
town-budget/docs/a207-fy25-fy34-lps-capital-plan-presentation-pdf.pdf,https://www.lunenburgma.gov/ArchiveCenter/ViewFile/Item/207,200,identical,1b6bc3e56fffef3f1c03e5e3108739663c35dda2e49cf2b3e02e35d8d5b4de03,1b6bc3e56fffef3f1c03e5e3108739663c35dda2e49cf2b3e02e35d8d5b4de03,2026-09-05
town-budget/docs/a208-fy25-fy34-lunenburg-it-capital-plan-presentation-pdf.pdf,https://www.lunenburgma.gov/ArchiveCenter/ViewFile/Item/208,200,identical,36c656f08f9a2cef213cbb2c9857f24b4c69e87c9331ddd2cbd36f9adec97b39,36c656f08f9a2cef213cbb2c9857f24b4c69e87c9331ddd2cbd36f9adec97b39,2026-09-05
town-budget/docs/a209-fy25-fy34-police-dept-cap-plan-presentation-pdf.pdf,https://www.lunenburgma.gov/ArchiveCenter/ViewFile/Item/209,200,identical,6d465177dbe30be92e99f9e589753b296d52b038abb90df91695e50539c5a574,6d465177dbe30be92e99f9e589753b296d52b038abb90df91695e50539c5a574,2026-09-05
town-budget/docs/a210-fy25-fy34-ten-year-capital-plan-by-funding-source-town-manager-recommendation-pd.pdf,https://www.lunenburgma.gov/ArchiveCenter/ViewFile/Item/210,200,identical,bfc274a0b3e1c9dbb7ac97c98fcf793772c0229bbfd3febb58d1bb8af21e4040,bfc274a0b3e1c9dbb7ac97c98fcf793772c0229bbfd3febb58d1bb8af21e4040,2026-09-05
town-budget/docs/a53-fy19-budget-handout-for-annual-town-meeting-xlsx.xlsx,https://www.lunenburgma.gov/ArchiveCenter/ViewFile/Item/53,200,identical,72cf803370b258518bc349a1314e3a30befd9ddb5354d7a44ff7b747ca13a2b6,72cf803370b258518bc349a1314e3a30befd9ddb5354d7a44ff7b747ca13a2b6,2026-09-05
town-budget/docs/a61-2018-may-annual-town-meeting-booklet-pdf.pdf,https://www.lunenburgma.gov/ArchiveCenter/ViewFile/Item/61,200,identical,6c69b105aef6e3715f2c167c75959bfd4f72c1f5edfa3c5f9f34987804c8bec2,6c69b105aef6e3715f2c167c75959bfd4f72c1f5edfa3c5f9f34987804c8bec2,2026-09-05
town-budget/docs/a62-2019-may-annual-town-meeting-booklet-pdf.pdf,https://www.lunenburgma.gov/ArchiveCenter/ViewFile/Item/62,200,identical,c0e443dd963d3da6cb31f82a60a884158f82db462232397599825a212272d9d8,c0e443dd963d3da6cb31f82a60a884158f82db462232397599825a212272d9d8,2026-09-05
town-budget/docs/a63-2018-november-special-town-meeting-booklet-pdf.pdf,https://www.lunenburgma.gov/ArchiveCenter/ViewFile/Item/63,200,identical,3ce7e038450560e5aea8547d48fe6f2ac454aa8dc00ee0a1f06c99f3c20c408a,3ce7e038450560e5aea8547d48fe6f2ac454aa8dc00ee0a1f06c99f3c20c408a,2026-09-05
town-budget/docs/a64-2020-june-annual-town-meeting-booklet-pdf.pdf,https://www.lunenburgma.gov/ArchiveCenter/ViewFile/Item/64,200,identical,fde71532b6c82c7667a5a141d0ab0952569f6283aeaacca32ae5496936f067aa,fde71532b6c82c7667a5a141d0ab0952569f6283aeaacca32ae5496936f067aa,2026-09-05
town-budget/docs/a65-2020-november-special-town-meeting-booklet-pdf.pdf,https://www.lunenburgma.gov/ArchiveCenter/ViewFile/Item/65,200,identical,d1a0d20a06dbafd5c318306745d316eaa5b6529481c2ca3b7301f8bfbfd10d10,d1a0d20a06dbafd5c318306745d316eaa5b6529481c2ca3b7301f8bfbfd10d10,2026-09-05
town-budget/docs/a66-2021-may-annual-town-meeting-booklet-pdf.pdf,https://www.lunenburgma.gov/ArchiveCenter/ViewFile/Item/66 https://www.lunenburgma.gov/ArchiveCenter/ViewFile/Item/169,000,unreachable,,6f1e4417354d836ff4f5b427efe7417768da6f699b2863fbfda8e473586cff4b,2026-09-05
town-budget/docs/a67-2017-may-annual-town-meeting-booklet-pdf.pdf,https://www.lunenburgma.gov/ArchiveCenter/ViewFile/Item/67,200,identical,28fa6e11ba757d8deb3f61214e247fc44c265b7945754ab3545dc7b9c2e8eff5,28fa6e11ba757d8deb3f61214e247fc44c265b7945754ab3545dc7b9c2e8eff5,2026-09-05
town-budget/docs/a72-fy23-preliminary-budget-revenue-expense-sheet-pdf.pdf,https://www.lunenburgma.gov/ArchiveCenter/ViewFile/Item/72,200,identical,9876849b0e3b7b9812b34b3fcbdaf8b6b0f0031ce71ad00a098adc77a65ee648,9876849b0e3b7b9812b34b3fcbdaf8b6b0f0031ce71ad00a098adc77a65ee648,2026-09-05
town-budget/docs/a73-fy23-preliminary-budget-message-pdf.pdf,https://www.lunenburgma.gov/ArchiveCenter/ViewFile/Item/73,200,identical,ffa87172c8fecbd1c2bd280441a90e0d3800d742af903e0d7844f2f097c7e1a6,ffa87172c8fecbd1c2bd280441a90e0d3800d742af903e0d7844f2f097c7e1a6,2026-09-05
town-budget/docs/a74-fy23-preliminary-budget-presentation-pdf.pdf,https://www.lunenburgma.gov/ArchiveCenter/ViewFile/Item/74,200,identical,5555eb9177269859e48a32b390c2a533974b3fc1b9e4ec4831a4de8ce2ed1c9b,5555eb9177269859e48a32b390c2a533974b3fc1b9e4ec4831a4de8ce2ed1c9b,2026-09-05
town-budget/docs/a75-fy23-capital-plan-presentation-pdf.pdf,https://www.lunenburgma.gov/ArchiveCenter/ViewFile/Item/75,200,identical,f9af324a70accb278d4734e0d11078e708e0aa5f36feab1bf1a3a4e4de8c4b21,f9af324a70accb278d4734e0d11078e708e0aa5f36feab1bf1a3a4e4de8c4b21,2026-09-05
town-budget/docs/a76-fiscal-year-2022-budget-message-and-preliminary-budget-recommendation-pdf.pdf,https://www.lunenburgma.gov/ArchiveCenter/ViewFile/Item/76,200,identical,bd7dec2633ac16ad714c33ac640e97348a45420f0b817d74f0490d158442dda3,bd7dec2633ac16ad714c33ac640e97348a45420f0b817d74f0490d158442dda3,2026-09-05
town-budget/docs/a77-fiscal-year-2022-budget-presentation-pdf.pdf,https://www.lunenburgma.gov/ArchiveCenter/ViewFile/Item/77,200,identical,9f8718557cc45b078170f0d174154753408a3d206574caffd3afcc0f01ecd3fa,9f8718557cc45b078170f0d174154753408a3d206574caffd3afcc0f01ecd3fa,2026-09-05
town-budget/docs/a78-fiscal-year-2022-capital-plan-presentation-pdf.pdf,https://www.lunenburgma.gov/ArchiveCenter/ViewFile/Item/78,200,identical,2ec06c44232ac7ae837e44c65188eb788340cbbce49ea59a6208f675e6cf29f6,2ec06c44232ac7ae837e44c65188eb788340cbbce49ea59a6208f675e6cf29f6,2026-09-05
town-budget/docs/a79-fiscal-year-2021-revenue-expense-worksheet-may-7-2020-pdf.pdf,https://www.lunenburgma.gov/ArchiveCenter/ViewFile/Item/79,200,identical,3fa5c5585ae534c875820010cb2d7d8b4afac9aaffd9de0b1f41d5dd705578fb,3fa5c5585ae534c875820010cb2d7d8b4afac9aaffd9de0b1f41d5dd705578fb,2026-09-05
town-budget/docs/a80-fiscal-year-2021-revised-school-budget-presentation-pdf.pdf,https://www.lunenburgma.gov/ArchiveCenter/ViewFile/Item/80,200,identical,3d259af028f004cb2d293264ee571e6deb7534749b3fed29c722dcdf24da93b1,3d259af028f004cb2d293264ee571e6deb7534749b3fed29c722dcdf24da93b1,2026-09-05
town-budget/docs/a81-fiscal-year-2021-capital-plan-presentation-pdf.pdf,https://www.lunenburgma.gov/ArchiveCenter/ViewFile/Item/81,200,identical,45f5f975ab6ef57f8a4fb3b2c4c57b4de760e1ea11ae420a417346487b562051,45f5f975ab6ef57f8a4fb3b2c4c57b4de760e1ea11ae420a417346487b562051,2026-09-05
town-budget/docs/a82-fiscal-year-2021-adjustment-worksheet-made-to-budget-due-to-covid-19-pdf.pdf,https://www.lunenburgma.gov/ArchiveCenter/ViewFile/Item/82,200,identical,b9de12505867f6e019ce36913cfc396ba7e9e007aacc4f6a2d5c4a5c002696eb,b9de12505867f6e019ce36913cfc396ba7e9e007aacc4f6a2d5c4a5c002696eb,2026-09-05
town-budget/docs/a83-fiscal-year-2021-budget-message-and-preliminary-budget-proposal-pdf.pdf,https://www.lunenburgma.gov/ArchiveCenter/ViewFile/Item/83,200,identical,ec6ad5fb118e7b456991d0cfaec9a40578d185d42b2ace8f88986f91050f6398,ec6ad5fb118e7b456991d0cfaec9a40578d185d42b2ace8f88986f91050f6398,2026-09-05
town-budget/docs/a84-fiscal-year-2021-preliminary-budget-presentation-pdf.pdf,https://www.lunenburgma.gov/ArchiveCenter/ViewFile/Item/84,200,identical,431c40ca3d8a6511f40da1de4ee72b9ae709ac2c0127eb92a3b4c86f88b156cf,431c40ca3d8a6511f40da1de4ee72b9ae709ac2c0127eb92a3b4c86f88b156cf,2026-09-05
town-budget/docs/a85-fiscal-year-2021-town-manager-budget-recommendation-revised-due-to-covid-19-pdf.pdf,https://www.lunenburgma.gov/ArchiveCenter/ViewFile/Item/85,200,identical,45f5f975ab6ef57f8a4fb3b2c4c57b4de760e1ea11ae420a417346487b562051,45f5f975ab6ef57f8a4fb3b2c4c57b4de760e1ea11ae420a417346487b562051,2026-09-05
town-budget/docs/a86-fiscal-year-2021-preliminary-budget-line-item-detail-february-11-2020-pdf.pdf,https://www.lunenburgma.gov/ArchiveCenter/ViewFile/Item/86,200,identical,584c2af359e124331992f2e1ce12611267a4a64b9cc694136bb78986bff2b39d,584c2af359e124331992f2e1ce12611267a4a64b9cc694136bb78986bff2b39d,2026-09-05
town-budget/docs/a87-fy20-preliminary-budget-presentation-pdf.pdf,https://www.lunenburgma.gov/ArchiveCenter/ViewFile/Item/87,200,identical,d85b8b959803221731f10f8592fd3626a71b7471036fd4baccd881340e1b2942,d85b8b959803221731f10f8592fd3626a71b7471036fd4baccd881340e1b2942,2026-09-05
town-budget/docs/a88-fy20-capital-plan-presentation-pdf.pdf,https://www.lunenburgma.gov/ArchiveCenter/ViewFile/Item/88,200,identical,f11b89b6a969ff41013535bd1df43e532f196a385332075be34639183638a0cc,f11b89b6a969ff41013535bd1df43e532f196a385332075be34639183638a0cc,2026-09-05
town-budget/docs/a89-fy20-budget-message-and-proposal-pdf.pdf,https://www.lunenburgma.gov/ArchiveCenter/ViewFile/Item/89,200,identical,9f164930852bcd6bcd68792b029dd6228ec3d451d339e2f44e63ac7a21feec9d,9f164930852bcd6bcd68792b029dd6228ec3d451d339e2f44e63ac7a21feec9d,2026-09-05
town-budget/docs/a90-fy20-line-item-budget-pdf.pdf,https://www.lunenburgma.gov/ArchiveCenter/ViewFile/Item/90,200,identical,6bc1da7a4b8bff642b298b1fc5c7646b7088597f7036d4cdc1b04a6fcfaba3b0,6bc1da7a4b8bff642b298b1fc5c7646b7088597f7036d4cdc1b04a6fcfaba3b0,2026-09-05
town-budget/docs/a91-fy20-preliminary-budget-revenue-expense-sheet-pdf.pdf,https://www.lunenburgma.gov/ArchiveCenter/ViewFile/Item/91,200,identical,d87c3fbbee06e751fe63ebb632b654de7d27262dee558a0674ebc4634a1dbd42,d87c3fbbee06e751fe63ebb632b654de7d27262dee558a0674ebc4634a1dbd42,2026-09-05
town-budget/docs/a98-fy24-public-access-budget-presentation-pdf.pdf,https://www.lunenburgma.gov/ArchiveCenter/ViewFile/Item/98,200,identical,ef34fc4e2155a7d1971f5a280d79ff1fd7b3e01212fe9724b40c0af0d5295e09,ef34fc4e2155a7d1971f5a280d79ff1fd7b3e01212fe9724b40c0af0d5295e09,2026-09-05
town-budget/docs/a99-fy24-land-use-budget-presentation-pdf.pdf,https://www.lunenburgma.gov/ArchiveCenter/ViewFile/Item/99,200,identical,904daef487da97864e087964c94ec04afbf6781d325ea76ce069be9a64213ad4,904daef487da97864e087964c94ec04afbf6781d325ea76ce069be9a64213ad4,2026-09-05
town-budget/docs/tax-classification-fy23.pdf,https://www.lunenburgma.gov/DocumentCenter/View/138,200,identical,4be053649637a88b3da07869877dae5b3b1bb95c3faef01bb432bb69c74830c9,4be053649637a88b3da07869877dae5b3b1bb95c3faef01bb432bb69c74830c9,2026-09-05
town-supplementary/docs/1352-fy25-snow-and-ice-vendor-agreement.pdf,https://www.lunenburgma.gov/DocumentCenter/View/1352,200,identical,8e2674a0cc11289356dcc3af70a699861719f6cd17ea2a49b459a864aedd0dfd,8e2674a0cc11289356dcc3af70a699861719f6cd17ea2a49b459a864aedd0dfd,2026-09-05
town-supplementary/docs/1416-senior-tax-work-off-record-hours.pdf,https://www.lunenburgma.gov/DocumentCenter/View/1416,200,identical,d23a3399e14c1148d39f029837a14a5e6d3377f337db3c95d5784749f9942baa,d23a3399e14c1148d39f029837a14a5e6d3377f337db3c95d5784749f9942baa,2026-09-05
town-supplementary/docs/182-w-4-federal-tax-form-pdf.pdf,https://www.lunenburgma.gov/DocumentCenter/View/182,200,identical,d4d86f302283457f4216f0de2630cae503f611a2fdc70b980f394eccf878a6df,d4d86f302283457f4216f0de2630cae503f611a2fdc70b980f394eccf878a6df,2026-09-05
town-supplementary/docs/187-conflict-of-interest-financial-disclosure-pdf.pdf,https://www.lunenburgma.gov/DocumentCenter/View/187,200,identical,94ca290e686a2a668ddc81a6fc2a38ec45e37a500a830ca4e77e0f0d96f84acf,94ca290e686a2a668ddc81a6fc2a38ec45e37a500a830ca4e77e0f0d96f84acf,2026-09-05
town-supplementary/docs/1982-3-25-2024-presentation-how-can-we-help-you-property-tax-exemptions-amp-assistanc.pptx,https://www.lunenburgma.gov/DocumentCenter/View/1982,200,identical,817b42221fbd91a4c1cc964b24449e61dda87e0f6ca216ea310da4f883d13634,817b42221fbd91a4c1cc964b24449e61dda87e0f6ca216ea310da4f883d13634,2026-09-05
town-supplementary/docs/2086-4-14-sex-offender-audits-pdf.pdf,https://www.lunenburgma.gov/DocumentCenter/View/2086,200,identical,bba0413f9e7f79e987d79af97d95cab712912f0846ec0b73c2ecd9c5ebc9c5db,bba0413f9e7f79e987d79af97d95cab712912f0846ec0b73c2ecd9c5ebc9c5db,2026-09-05
town-supplementary/docs/2499-fy25-governor-awards-lunenburg-fd-state-firefighter-safety-grant-pdf.pdf,https://www.lunenburgma.gov/DocumentCenter/View/2499,200,identical,dd1c33c85201f8c818d7b0f729482771aaf6c75ea3d4f93f4f9f857fb3765387,dd1c33c85201f8c818d7b0f729482771aaf6c75ea3d4f93f4f9f857fb3765387,2026-09-05
town-supplementary/docs/2504-2-3-25-assessor-conference-presentation-pdf.pdf,https://www.lunenburgma.gov/DocumentCenter/View/2504,200,identical,405659d12e948a50c1165f1cf4f79b3cc9e7ad310f407f4d585da1405216519f,405659d12e948a50c1165f1cf4f79b3cc9e7ad310f407f4d585da1405216519f,2026-09-05
town-supplementary/docs/3358-lunenburg-senior-citizen-property-tax-work-off-program-application-2025-pdf.pdf,https://www.lunenburgma.gov/DocumentCenter/View/3358,200,identical,cd5f3c38e6263ffaf97451f2678bfe65a1eb065f23ec96ae9a2ddcbbef30fc8b,cd5f3c38e6263ffaf97451f2678bfe65a1eb065f23ec96ae9a2ddcbbef30fc8b,2026-09-05
town-supplementary/docs/344-bencor-financial-wellness-pdf.pdf,https://www.lunenburgma.gov/DocumentCenter/View/344,200,identical,1fbe779c8d7f8553cd067171d5990f70d3d3e9804078075061b2f35a9db8b90c,1fbe779c8d7f8553cd067171d5990f70d3d3e9804078075061b2f35a9db8b90c,2026-09-05
town-supplementary/docs/3463-bridge-assessment-and-ranking-prepared-for-the-town-of-lunenburg-by-bsc-group-ma.pdf,https://www.lunenburgma.gov/DocumentCenter/View/3463,200,identical,36a53cfeada50f6a1be96c3a5115f60d2df1a98871523861d9703ca2a130bb6b,36a53cfeada50f6a1be96c3a5115f60d2df1a98871523861d9703ca2a130bb6b,2026-09-05
town-supplementary/docs/3541-board-of-assessors-code-of-conduct-pdf.pdf,https://www.lunenburgma.gov/DocumentCenter/View/3541,200,identical,93afb04916936e4e9ced23f4f9daa839dc20b034ed57055e104793c3017a51de,93afb04916936e4e9ced23f4f9daa839dc20b034ed57055e104793c3017a51de,2026-09-05
town-supplementary/docs/3547-role-of-the-assessing-department.pdf,https://www.lunenburgma.gov/DocumentCenter/View/3547,200,identical,a1b63eaaad8532091249faa508d9fdacb2c6b3ec78f8b1c6a4d6799e2b9372b0,a1b63eaaad8532091249faa508d9fdacb2c6b3ec78f8b1c6a4d6799e2b9372b0,2026-09-05
town-supplementary/docs/394-1-40-school-resource-officer-pdf.pdf,https://www.lunenburgma.gov/DocumentCenter/View/394,200,identical,182c3f45f7bb3c46a4d8828cfcc53c7b2d1550c023909ded15bf3ee064264ec1,182c3f45f7bb3c46a4d8828cfcc53c7b2d1550c023909ded15bf3ee064264ec1,2026-09-05
town-supplementary/docs/4283-fy27-senior-means-tested-application.pdf,https://www.lunenburgma.gov/DocumentCenter/View/4283,200,identical,8cae6ec6f751d572484960bd4d7105b39b73524ff192372aef26a41a9d04d1a2,8cae6ec6f751d572484960bd4d7105b39b73524ff192372aef26a41a9d04d1a2,2026-09-05
town-supplementary/docs/4284-fy27-real-estate-exemption-flyer.pdf,https://www.lunenburgma.gov/DocumentCenter/View/4284,200,identical,15e4e1dbbc9284351771d2bbfb537fc4639770e9e5865b29b0e83d4ed604533e,15e4e1dbbc9284351771d2bbfb537fc4639770e9e5865b29b0e83d4ed604533e,2026-09-05
town-supplementary/docs/4285-fy27-senior-means-tested-brochure.pdf,https://www.lunenburgma.gov/DocumentCenter/View/4285,200,identical,53c4b04b4989419bc065ca5978bdb59545028909000f2e9da7b8b7befdea423d,53c4b04b4989419bc065ca5978bdb59545028909000f2e9da7b8b7befdea423d,2026-09-05
town-supplementary/docs/4306-notice-of-tax-taking-lists.pdf,https://www.lunenburgma.gov/DocumentCenter/View/4306,200,identical,3efe632a41510923f5e013d6048a8bce1ec912280747deeb2fc1d5c52e2c7943,3efe632a41510923f5e013d6048a8bce1ec912280747deeb2fc1d5c52e2c7943,2026-09-05
town-supplementary/docs/442-4-38-reserve-officer-hiring-process-pdf.pdf,https://www.lunenburgma.gov/DocumentCenter/View/442,200,identical,a40d2f2f55da5c544c711d61c3caff23c75324d708dbaef573d830d70cbe6638,a40d2f2f55da5c544c711d61c3caff23c75324d708dbaef573d830d70cbe6638,2026-09-05
town-supplementary/docs/443-4-39-reserve-officer-program-pdf.pdf,https://www.lunenburgma.gov/DocumentCenter/View/443,200,identical,e57afbba2f37d1122f7ca99852ee90df3b0f34e4122c81c1d1fd39850e1de0ad,e57afbba2f37d1122f7ca99852ee90df3b0f34e4122c81c1d1fd39850e1de0ad,2026-09-05
town-supplementary/docs/493-senior-citizen-property-tax-work-off-program-application-form-pdf.pdf,https://www.lunenburgma.gov/DocumentCenter/View/493,200,identical,cd5f3c38e6263ffaf97451f2678bfe65a1eb065f23ec96ae9a2ddcbbef30fc8b,cd5f3c38e6263ffaf97451f2678bfe65a1eb065f23ec96ae9a2ddcbbef30fc8b,2026-09-05
town-supplementary/docs/494-senior-tax-work-off-program-brochure-pdf.pdf,https://www.lunenburgma.gov/DocumentCenter/View/494,200,identical,4e4dd109c5b4b7bc654af809ea0ffbf10c19492294b3ddb4a6b6af65b0a2b88a,4e4dd109c5b4b7bc654af809ea0ffbf10c19492294b3ddb4a6b6af65b0a2b88a,2026-09-05
town-supplementary/docs/783-real-estate-personal-property-tax-actual-billing-pdf.pdf,https://www.lunenburgma.gov/DocumentCenter/View/783,200,identical,98d28dd2f906e41198a1291e64da8a1c88a3660e4d5c628af5d8d51dff5ae118,98d28dd2f906e41198a1291e64da8a1c88a3660e4d5c628af5d8d51dff5ae118,2026-09-05
town-supplementary/docs/784-real-estate-tax-preliminary-billing-pfd.pdf,https://www.lunenburgma.gov/DocumentCenter/View/784,200,identical,f06a5ac41c6c2baf87195b325c43353b6c1c85c4ddc8375cec3eb91e7c0759af,f06a5ac41c6c2baf87195b325c43353b6c1c85c4ddc8375cec3eb91e7c0759af,2026-09-05
town-supplementary/docs/785-motor-vehicle-excise-tax-pdf.pdf,https://www.lunenburgma.gov/DocumentCenter/View/785,200,identical,feb18a7bb20628ec1a3354ae2c36e9bd1e6bdb43a960bfcdc1b327f2c274a224,feb18a7bb20628ec1a3354ae2c36e9bd1e6bdb43a960bfcdc1b327f2c274a224,2026-09-05
town-supplementary/docs/786-tax-lien-sale-auction-notice-pdf.pdf,https://www.lunenburgma.gov/DocumentCenter/View/786,200,identical,ca437e185bf0a92bf294387a0f9d6a72a89285f9cbf1d8abd1ce0ad0cd823c92,ca437e185bf0a92bf294387a0f9d6a72a89285f9cbf1d8abd1ce0ad0cd823c92,2026-09-05
town-supplementary/docs/787-march-17-2022-tax-lien-sale-auction-registration-form-pdf.pdf,https://www.lunenburgma.gov/DocumentCenter/View/787,200,identical,2c9bc97b41e3ddfd7fa32f3a36430b2a79303bdddb368caecc8c9d1c24a3dd72,2c9bc97b41e3ddfd7fa32f3a36430b2a79303bdddb368caecc8c9d1c24a3dd72,2026-09-05
town-supplementary/docs/assessors-agenda-11-19-2025.pdf,https://www.lunenburgma.gov/AgendaCenter/ViewFile/Agenda/_11192025-7512,200,identical,f0094c2708236e15689b4feb35ce29ca8236d2e46f7f5be580b3434acccbf8cb,f0094c2708236e15689b4feb35ce29ca8236d2e46f7f5be580b3434acccbf8cb,2026-09-05
town-supplementary/docs/health-insurance-rates-2025.pdf,https://www.lunenburgma.gov/DocumentCenter/View/225,200,identical,c4b3f953e613eeb52a7e76de6b6947c283dcc668b8f99a7593d1cbc968731b9b,c4b3f953e613eeb52a7e76de6b6947c283dcc668b8f99a7593d1cbc968731b9b,2026-09-05
town-supplementary/docs/town-2026-election-unofficial-results.pdf,https://www.lunenburgma.gov/DocumentCenter/View/4193,200,identical,debac7c42071824fd76b237d09f986f12c08c5cf13dd0bdf6a83887f69a7d255,debac7c42071824fd76b237d09f986f12c08c5cf13dd0bdf6a83887f69a7d255,2026-09-05
