fy,source_row,eff_date,post_date,src,src_meaning,period,journal,ref1,po_ref2,ref3,reference,amount,running_balance_derived,check_no,warrant,voucher,vendor,comments
2024,110,2023-07-01,2023-10-31,SOY,start of year — opening balance carried forward,0,5,,,,SOY BAL,137845.84,137845.84,0,,,,OPENING BALANCE
2024,109,2023-07-06,2023-07-03,PRJ,payroll journal,1,11,,,,,-37.50,137808.34,0,,,,
2024,108,2023-07-14,2023-07-19,APP,accounts payable — warrant disbursement,1,55,1 W/P,,,1 W/P 23,-8442.08,129366.26,0,,,,
2024,107,2023-07-19,2023-08-17,CRP,cash receipts posting,1,227,MS,,JUN23/REVF,,-33.62,129332.64,0,,,,
2024,106,2023-07-31,2023-09-12,CRP,cash receipts posting,1,263,MS,,JUL23/REVT,,6507.40,135840.04,0,,,,
2024,105,2023-08-03,2023-08-03,APP,accounts payable — warrant disbursement,2,58,8 24,,,8 24,-822.50,135017.54,0,,,,
2024,103,2023-08-15,2023-08-16,APP,accounts payable — warrant disbursement,2,166,11 24,,,11 24,-187.41,134830.13,0,,,,
2024,104,2023-08-17,2023-08-10,PRJ,payroll journal,2,83,,,,,-1497.00,133333.13,0,,,,
2024,100,2023-08-17,2023-09-12,CRP,cash receipts posting,2,408,MS,,MISC RCPTS,,1310.00,134643.13,0,,,,
2024,99,2023-08-22,2023-09-12,CRP,cash receipts posting,2,419,MS,,JUL23/REVF,,-289.00,134354.13,0,,,,
2024,102,2023-08-31,2023-08-29,PRJ,payroll journal,2,231,,,,,-5222.28,129131.85,0,,,,
2024,101,2023-08-31,2023-08-31,APP,accounts payable — warrant disbursement,2,290,9 24,,,9 24,-93.00,129038.85,0,,,,
2024,98,2023-08-31,2023-11-01,CRP,cash receipts posting,2,487,T145,937665,MISC RCPT,,2972.50,132011.35,0,,,VARIOUS,CHAPTER 658 ATHLETIC ACTIVITY
2024,97,2023-08-31,2023-11-01,CRP,cash receipts posting,2,493,T145,,AUG23/REVT,,18071.85,150083.20,0,,,,CHAPTER 658 ATHLETIC ACTIVITY
2024,95,2023-09-13,2023-09-13,APP,accounts payable — warrant disbursement,3,107,13 24,,,13 24,-5446.41,144636.79,0,,,,
2024,96,2023-09-14,2023-09-11,PRJ,payroll journal,3,14,,,,,-834.28,143802.51,0,,,,
2024,92,2023-09-14,2023-11-01,CRP,cash receipts posting,3,761,T145,938204,MISC RCPTS,,2150.00,145952.51,0,,,HIGH SCH ATHLETIC FEES,CHAPTER 658 ATHLETIC ACTIVITY
2024,93,2023-09-26,2023-09-27,APP,accounts payable — warrant disbursement,3,274,15 24,,,15 24,-2840.50,143112.01,0,,,,
2024,91,2023-09-26,2023-11-01,CRP,cash receipts posting,3,805,T145,938715,MISC RCPTS,,1279.50,144391.51,0,,,ATHLETIC DEPT/FEES,CHAPTER 658 ATHLETIC ACTIVITY
2024,94,2023-09-28,2023-09-25,PRJ,payroll journal,3,233,,,,,-859.28,143532.23,0,,,,
2024,90,2023-09-28,2023-11-16,CRP,cash receipts posting,3,912,T145,,AUG2023/REVT,,-757.95,142774.28,0,,,,CHAPTER 658 ATHLETIC ACTIVITY
2024,89,2023-09-28,2023-11-16,CRP,cash receipts posting,3,913,T145,,SEP2023 REVT,,11645.14,154419.42,0,,,,CHAPTER 658 ATHLETIC ACTIVITY
2024,83,2023-10-03,2023-11-16,CRP,cash receipts posting,4,778,T145,938998,MISC RCPTS,,1116.00,155535.42,0,,,HIGH SCHOOL ATHLETIC FEES,CHAPTER 658 ATHLETIC ACTIVITY
2024,87,2023-10-10,2023-10-16,APP,accounts payable — warrant disbursement,4,166,17 24,,,17 24,-1584.41,153951.01,0,,,,
2024,88,2023-10-12,2023-10-10,PRJ,payroll journal,4,84,,,,,-834.28,153116.73,0,,,,
2024,82,2023-10-12,2023-11-16,CRP,cash receipts posting,4,817,T145,939382,MISC RCPTS,,692.67,153809.40,0,,,ATHLETIC DEPT,CHAPTER 658 ATHLETIC ACTIVITY
2024,86,2023-10-17,2023-10-19,APP,accounts payable — warrant disbursement,4,215,19 24,,,19 24,-4425.00,149384.40,0,,,,
2024,81,2023-10-19,2023-11-16,CRP,cash receipts posting,4,862,T145,,SEP2023 REVT,,-453.92,148930.48,0,,,,CHAPTER 658 ATHLETIC ACTIVITY
2024,80,2023-10-24,2023-11-16,CRP,cash receipts posting,4,880,T145,940690,MISC RCPTS,,86.00,149016.48,0,,,HIGH SCHOOL ATHLETICS/HUDDLE TICKETS,CHAPTER 658 ATHLETIC ACTIVITY
2024,84,2023-10-25,2023-10-25,APP,accounts payable — warrant disbursement,4,337,20 24,,,20 24,-4896.17,144120.31,0,,,,
2024,85,2023-10-26,2023-10-23,PRJ,payroll journal,4,278,,,,,-821.78,143298.53,0,,,,
2024,79,2023-10-31,2023-11-16,CRP,cash receipts posting,4,932,T145,,OCT2023 SCHR,,5063.03,148361.56,0,,,,CHAPTER 658 ATHLETIC ACTIVITY
2024,77,2023-11-07,2023-11-08,APP,accounts payable — warrant disbursement,5,130,22 24,,,22 24,-3722.79,144638.77,0,,,,
2024,78,2023-11-09,2023-11-06,PRJ,payroll journal,5,103,,,,,-47617.68,97021.09,0,,,,
2024,72,2023-11-09,2023-12-20,CRP,cash receipts posting,5,537,T145,,OCT2023 SCHR,,-199.88,96821.21,0,,,,CHAPTER 658 ATHLETIC ACTIVITY
2024,76,2023-11-14,2023-11-15,APP,accounts payable — warrant disbursement,5,187,24 24,,,24 24,-718.26,96102.95,0,,,,
2024,71,2023-11-16,2023-12-20,CRP,cash receipts posting,5,563,T145,945529,MISC RCPTS,,612.00,96714.95,0,,,ATHLETIC DEPT/COURTNEY FULLER,CHAPTER 658 ATHLETIC ACTIVITY
2024,74,2023-11-21,2023-11-27,APP,accounts payable — warrant disbursement,5,300,26 24,,,26 24,-1459.41,95255.54,0,,,,
2024,70,2023-11-21,2023-12-20,CRP,cash receipts posting,5,577,T145,945729,MISC RCPTS,,1250.00,96505.54,0,,,ATHLETIC DEPT,CHAPTER 658 ATHLETIC ACTIVITY
2024,75,2023-11-22,2023-11-20,PRJ,payroll journal,5,219,,,,,-4707.78,91797.76,0,,,,
2024,73,2023-11-28,2023-11-30,APP,accounts payable — warrant disbursement,5,416,27 24,,,27 24,-4028.50,87769.26,0,,,,
2024,69,2023-11-29,2023-12-20,CRP,cash receipts posting,5,611,T145,946045,MISC RCPTS,,1250.00,89019.26,0,,,ATHLETIC DEPT/COURTNEY FULLER,CHAPTER 658 ATHLETIC ACTIVITY
2024,68,2023-11-30,2024-01-18,CRP,cash receipts posting,5,733,T145,,NOV2023 SCH/,,23171.05,112190.31,0,,,,CHAPTER 658 ATHLETIC ACTIVITY
2024,66,2023-12-05,2023-12-06,APP,accounts payable — warrant disbursement,6,78,28 24,,,28 24,-2242.50,109947.81,0,,,,
2024,67,2023-12-07,2023-12-04,PRJ,payroll journal,6,12,,,,,-735.85,109211.96,0,,,,
2024,62,2023-12-07,2023-12-21,CRP,cash receipts posting,6,351,T145,946364,MISC RCPTS,,2130.00,111341.96,0,,,ATHLETIC DEPT/COURTNEY FULLER,CHAPTER 658 ATHLETIC ACTIVITY
2024,61,2023-12-11,2023-12-28,CRP,cash receipts posting,6,598,T145,,NOV2023 SCH/,,-1000.94,110341.02,0,,,,CHAPTER 658 ATHLETIC ACTIVITY
2024,65,2023-12-12,2023-12-13,APP,accounts payable — warrant disbursement,6,152,30 24,,,30 24,-3638.15,106702.87,0,,,,
2024,63,2023-12-19,2023-12-20,APP,accounts payable — warrant disbursement,6,303,31 24,,,31 24,-435.00,106267.87,0,,,,
2024,60,2023-12-19,2024-01-18,CRP,cash receipts posting,6,820,T145,947032,MISC RCPTS,,2995.00,109262.87,0,,,ATHLETIC DEPT/FEES,CHAPTER 658 ATHLETIC ACTIVITY
2024,64,2023-12-21,2023-12-18,PRJ,payroll journal,6,207,,,,,-3317.28,105945.59,0,,,,
2024,59,2023-12-28,2024-01-18,CRP,cash receipts posting,6,857,T145,,DEC23 SCHREV,,4836.90,110782.49,0,,,,CHAPTER 658 ATHLETIC ACTIVITY
2024,57,2024-01-02,2024-01-03,APP,accounts payable — warrant disbursement,7,61,33 24,,,33 24,-3955.41,106827.08,0,,,,
2024,58,2024-01-04,2024-01-02,PRJ,payroll journal,7,33,,,,,-385.89,106441.19,0,,,,
2024,56,2024-01-09,2024-01-10,APP,accounts payable — warrant disbursement,7,158,35 24,,,35 24,-5752.00,100689.19,0,,,,
2024,54,2024-01-16,2024-01-17,APP,accounts payable — warrant disbursement,7,252,36 24,,,36 24,-850.00,99839.19,0,,,,
2024,55,2024-01-18,2024-01-16,PRJ,payroll journal,7,204,,,,,-771.78,99067.41,0,,,,
2024,52,2024-01-18,2024-02-29,CRP,cash receipts posting,7,1203,T145,948905,MISC RCPTS,,1900.00,100967.41,0,,,ATHLETIC DEPT/COURTNEY FULLER,CHAPTER 658 ATHLETIC ACTIVITY
2024,53,2024-01-25,2024-01-25,APP,accounts payable — warrant disbursement,7,428,38 24,,,38 24,-5030.41,95937.00,0,,,,
2024,51,2024-01-31,2024-02-29,CRP,cash receipts posting,7,1279,T145,,DEC23/REVFEE,,-187.50,95749.50,0,,,,CHAPTER 658 ATHLETIC ACTIVITY
2024,50,2024-01-31,2024-02-29,CRP,cash receipts posting,7,1283,T145,,JAN24 REVT/P,,2685.74,98435.24,0,,,,CHAPTER 658 ATHLETIC ACTIVITY
2024,49,2024-02-01,2024-01-30,PRJ,payroll journal,8,2,,,,,-771.78,97663.46,0,,,,
2024,48,2024-02-06,2024-02-07,APP,accounts payable — warrant disbursement,8,96,39 24,,,39 24,-1054.00,96609.46,0,,,,
2024,44,2024-02-14,2024-02-29,CRP,cash receipts posting,8,936,T145,953688,MISC RCPTS,,633.64,97243.10,0,,,HIGH SCH ATHLETIC FEES,CHAPTER 658 ATHLETIC ACTIVITY
2024,47,2024-02-15,2024-02-12,PRJ,payroll journal,8,158,,,,,-771.78,96471.32,0,,,,
2024,46,2024-02-15,2024-02-15,APP,accounts payable — warrant disbursement,8,289,41 24,,,41 24,-27391.57,69079.75,0,,,,
2024,43,2024-02-27,2024-02-29,APP,accounts payable — warrant disbursement,8,955,44 24,,,44 24,-10307.23,58772.52,0,,,,
2024,42,2024-02-28,2024-04-10,CRP,cash receipts posting,8,1161,T145,,JAN24 REVTFE,,-97.60,58674.92,0,,,,CHAPTER 658 ATHLETIC ACTIVITY
2024,45,2024-02-29,2024-02-26,PRJ,payroll journal,8,488,,,,,-385.89,58289.03,0,,,,
2024,41,2024-02-29,2024-04-30,CRP,cash receipts posting,8,1201,T145,,FEB24 REVT/P,,2518.22,60807.25,0,,,,CHAPTER 658 ATHLETIC ACTIVITY
2024,40,2024-02-29,2024-04-30,CRP,cash receipts posting,8,1204,T145,966343,NSF/ATHLET,,-200.00,60607.25,0,,,"SELME, LUC & SOFIA",CHAPTER 658 ATHLETIC ACTIVITY
2024,39,2024-03-05,2024-03-06,APP,accounts payable — warrant disbursement,9,89,46 24,,,46 24,-15054.50,45552.75,0,,,,
2024,34,2024-03-12,2024-04-25,CRP,cash receipts posting,9,776,T145,965884,MISC RCPTS,,895.00,46447.75,0,,,ATHLETIC DEPARTMENT,CHAPTER 658 ATHLETIC ACTIVITY
2024,38,2024-03-14,2024-03-11,PRJ,payroll journal,9,161,,,,,-771.78,45675.97,0,,,,
2024,37,2024-03-19,2024-03-20,APP,accounts payable — warrant disbursement,9,352,49 24,,,49 24,-9075.00,36600.97,0,,,,
2024,33,2024-03-21,2024-04-25,CRP,cash receipts posting,9,783,T145,962863,MISC RCPTS,,1350.00,37950.97,0,,,ATHLETIC DEPT/COURTNEY FULLER,CHAPTER 658 ATHLETIC ACTIVITY
2024,35,2024-03-26,2024-03-27,APP,accounts payable — warrant disbursement,9,455,50 24,,,50 24,-264.00,37686.97,0,,,,
2024,36,2024-03-28,2024-03-26,PRJ,payroll journal,9,418,,,,,-771.78,36915.19,0,,,,
2024,32,2024-03-28,2024-05-30,CRP,cash receipts posting,9,1084,T145,,MAR24REVTRAK,,-87.89,36827.30,0,,,,CHAPTER 658 ATHLETIC ACTIVITY
2024,30,2024-04-09,2024-04-10,APP,accounts payable — warrant disbursement,10,200,52 24,,,52 24,-11962.91,24864.39,0,,,,
2024,27,2024-04-10,2024-07-08,CRP,cash receipts posting,10,751,T145,966461,MISC RCPTS,,3934.65,28799.04,0,,,ATHLETIC DEPT FEES,CHAPTER 658 ATHLETIC ACTIVITY
2024,31,2024-04-11,2024-04-05,PRJ,payroll journal,10,106,,,,,-796.78,28002.26,0,,,,
2024,28,2024-04-24,2024-04-25,APP,accounts payable — warrant disbursement,10,473,54 24,,,54 24,-788.00,27214.26,0,,,,
2024,29,2024-04-25,2024-04-22,PRJ,payroll journal,10,323,,,,,-365.58,26848.68,0,,,,
2024,26,2024-04-30,2024-07-15,CRP,cash receipts posting,10,816,T145,,MAR24/REVFEE,,-1011.35,25837.33,0,,,,CHAPTER 658 ATHLETIC ACTIVITY
2024,25,2024-04-30,2024-07-15,CRP,cash receipts posting,10,817,T145,,MAR24/REVTRA,,26147.32,51984.65,0,,,,CHAPTER 658 ATHLETIC ACTIVITY
2024,24,2024-04-30,2024-07-15,CRP,cash receipts posting,10,818,T145,,APR24/REVTRA,,5846.95,57831.60,0,,,,CHAPTER 658 ATHLETIC ACTIVITY
2024,22,2024-05-07,2024-05-09,APP,accounts payable — warrant disbursement,11,213,56 24,,,56 24,-1580.50,56251.10,0,,,,
2024,23,2024-05-09,2024-05-06,PRJ,payroll journal,11,99,,,,,-796.78,55454.32,0,,,,
2024,19,2024-05-09,2024-07-17,CRP,cash receipts posting,11,902,T145,970241,MISC RCPTS,,350.00,55804.32,0,,,HIGH SCH ATHLETICS,CHAPTER 658 ATHLETIC ACTIVITY
2024,21,2024-05-23,2024-05-16,PRJ,payroll journal,11,343,,,,,-771.78,55032.54,0,,,,
2024,20,2024-05-23,2024-05-23,APP,accounts payable — warrant disbursement,11,476,58 24,,,58 24,-5504.91,49527.63,0,,,,
2024,18,2024-05-30,2024-07-18,CRP,cash receipts posting,11,954,T145,,APR24/REVFEE,,-232.05,49295.58,0,,,,CHAPTER 658 ATHLETIC ACTIVITY
2024,17,2024-05-30,2024-07-18,CRP,cash receipts posting,11,955,T145,976792,MAY24REVTPMT,,3617.00,52912.58,0,,,MAY2024 REVTRAK SCHOOL ONLINE PAYMENT,CHAPTER 658 ATHLETIC ACTIVITY
2024,16,2024-06-06,2024-06-03,PRJ,payroll journal,12,18,,,,,-809.28,52103.30,0,,,,
2024,10,2024-06-10,2024-08-05,CRP,cash receipts posting,12,1285,T145,,MAY24REVFEE,,-126.23,51977.07,0,,,,CHAPTER 658 ATHLETIC ACTIVITY
2024,15,2024-06-11,2024-06-12,APP,accounts payable — warrant disbursement,12,270,61 24,,,61 24,-17900.14,34076.93,0,,,,
2024,9,2024-06-11,2024-08-05,CRP,cash receipts posting,12,1289,T145,975455,MISC RCPT,,800.00,34876.93,0,,,VARIOUS,CHAPTER 658 ATHLETIC ACTIVITY
2024,13,2024-06-18,2024-06-20,APP,accounts payable — warrant disbursement,12,418,64 24,,,64 24,-6753.50,28123.43,0,,,,
2024,7,2024-06-18,2024-08-08,APP,accounts payable — warrant disbursement,12,1388,REISSU,,,64 24,-190.00,27933.43,0,,,,
2024,14,2024-06-20,2024-06-17,PRJ,payroll journal,12,356,,,,,-46690.85,-18757.42,0,,,,
2024,6,2024-06-27,2024-08-08,CRP,cash receipts posting,12,1423,T145,,JUN24REVTPMT,,2825.73,-15931.69,0,,,,CHAPTER 658 ATHLETIC ACTIVITY
2024,12,2024-06-30,2024-07-03,APP,accounts payable — warrant disbursement,12,786,1W/P24,,,1 W/P 24,-2648.82,-18580.51,0,,,,
2024,11,2024-06-30,2024-07-17,APP,accounts payable — warrant disbursement,12,1028,6WP24,,,6 W/P 24,-19347.50,-37928.01,0,,,,
2024,8,2024-06-30,2024-08-07,APP,accounts payable — warrant disbursement,12,1378,12WP24,,,12 WP 24,-586.50,-38514.51,0,,,,
2024,5,2024-06-30,2024-08-14,GRV,general journal reversal / correction,12,1446,1W/P24,,,2412000786,2648.82,-35865.69,0,,,,TO CORRECT FY
2024,4,2024-06-30,2024-08-14,GRV,general journal reversal / correction,12,1448,6WP24,,,2412001028,19347.50,-16518.19,0,,,,TO CORRECT FY
2024,3,2024-06-30,2024-08-14,GRV,general journal reversal / correction,12,1450,12WP24,,,2412001378,586.50,-15931.69,0,,,,TO CORRECT FY
2024,2,2024-06-30,2024-09-18,GEN,general journal entry,12,1576,JE JUN,,, ADJ EXP,49925.00,33993.31,0,,,,ADJ PER MEMO 08/12/24
2025,93,2024-07-01,2024-11-17,SOY,start of year — opening balance carried forward,0,5,,,,SOY BAL,33993.31,33993.31,0,,,,OPENING BALANCE
2025,92,2024-07-03,2024-07-01,PRJ,payroll journal,1,11,,,,,-37.50,33955.81,0,,,,
2025,91,2024-07-03,2024-08-14,GRV,general journal reversal / correction,1,167,1W/P24,,,2412000786,-2648.82,31306.99,0,,,,TO CORRECT FY
2025,90,2024-07-17,2024-08-14,GRV,general journal reversal / correction,1,169,6WP24,,,2412001028,-19347.50,11959.49,0,,,,TO CORRECT FY
2025,89,2024-07-31,2024-09-24,CRP,cash receipts posting,1,479,T145,,JUN24REVFEE,,-98.61,11860.88,0,,,,CHAPTER 658 ATHLETIC ACTIVITY
2025,88,2024-07-31,2024-09-24,CRP,cash receipts posting,1,481,T145,,JUL24/REVTPM,,5942.13,17803.01,0,,,,CHAPTER 658 ATHLETIC ACTIVITY
2025,86,2024-08-07,2024-08-07,APP,accounts payable — warrant disbursement,2,43,10 25,,,10 25,-187.41,17615.60,0,,,,
2025,84,2024-08-07,2024-08-14,GRV,general journal reversal / correction,2,106,12WP24,,,2412001378,-586.50,17029.10,0,,,,TO CORRECT FY
2025,85,2024-08-08,2024-08-08,APP,accounts payable — warrant disbursement,2,62,VOID,,,64 24,190.00,17219.10,0,,,,
2025,87,2024-08-09,2024-08-07,PRJ,payroll journal,2,41,,,,,-273.36,16945.74,0,,,,
2025,83,2024-08-23,2024-08-21,PRJ,payroll journal,2,266,,,,,-3247.55,13698.19,0,,,,
2025,82,2024-08-29,2024-10-03,CRP,cash receipts posting,2,635,T145,984955,MISC RCPTS,,3296.92,16995.11,0,,,ATHLETIC DEPT,CHAPTER 658 ATHLETIC ACTIVITY
2025,81,2024-08-29,2024-10-03,CRP,cash receipts posting,2,639,T145,,JUL24/REVFEE,,-245.78,16749.33,0,,,,CHAPTER 658 ATHLETIC ACTIVITY
2025,80,2024-08-29,2024-10-03,CRP,cash receipts posting,2,645,T145,,AUG24/REVTPM,,17655.58,34404.91,0,,,,CHAPTER 658 ATHLETIC ACTIVITY
2025,76,2024-09-05,2024-10-03,CRP,cash receipts posting,3,385,T145,985042,MISC RCPTS,,1730.00,36134.91,0,,,ATHLETIC DEPT/COURTNEY FULLER,CHAPTER 658 ATHLETIC ACTIVITY
2025,79,2024-09-06,2024-09-04,PRJ,payroll journal,3,56,,,,,-855.72,35279.19,0,,,,
2025,75,2024-09-11,2024-10-03,CRP,cash receipts posting,3,413,T145,985334,MISC RCPTS,,1225.00,36504.19,0,,,ATHELETIC DEPT,CHAPTER 658 ATHLETIC ACTIVITY
2025,77,2024-09-17,2024-09-18,APP,accounts payable — warrant disbursement,3,203,19 25,,,19 25,-17257.55,19246.64,0,,,,
2025,74,2024-09-18,2024-10-24,CRP,cash receipts posting,3,515,T145,985851,MISC RCPTS,,982.50,20229.14,0,,,ATHLETIC DEPT/FEES,CHAPTER 658 ATHLETIC ACTIVITY
2025,78,2024-09-20,2024-09-18,PRJ,payroll journal,3,202,,,,,-855.72,19373.42,0,,,,
2025,73,2024-09-30,2024-10-30,CRP,cash receipts posting,3,620,T145,,SEP24/REVTSC,,11878.24,31251.66,0,,,,CHAPTER 658 ATHLETIC ACTIVITY
2025,72,2024-09-30,2024-10-30,CRP,cash receipts posting,3,621,T145,,AUG24/REVFEE,,-735.47,30516.19,0,,,,CHAPTER 658 ATHLETIC ACTIVITY
2025,70,2024-10-01,2024-10-02,APP,accounts payable — warrant disbursement,4,50,21 25,,,21 25,-2567.00,27949.19,0,,,,
2025,71,2024-10-04,2024-10-02,PRJ,payroll journal,4,47,,,,,-986.46,26962.73,0,,,,
2025,64,2024-10-07,2024-11-19,CRP,cash receipts posting,4,467,T145,986613,MISC RCPTS,,1900.00,28862.73,0,,,ATHLETIC DEPT/FEES,CHAPTER 658 ATHLETIC ACTIVITY
2025,63,2024-10-09,2024-11-19,CRP,cash receipts posting,4,488,T145,986958,MISC RCPTS,,340.26,29202.99,0,,,ATHLETIC DEPT/FEES,CHAPTER 658 ATHLETIC ACTIVITY
2025,68,2024-10-15,2024-10-16,APP,accounts payable — warrant disbursement,4,161,24 25,,,24 25,-115.61,29087.38,0,,,,
2025,67,2024-10-17,2024-10-17,APP,accounts payable — warrant disbursement,4,172,VOID,,,24 25,115.61,29202.99,0,,,,
2025,66,2024-10-17,2024-10-17,APP,accounts payable — warrant disbursement,4,179,REISSU,,,24 25,-115.67,29087.32,0,,,,
2025,69,2024-10-18,2024-10-16,PRJ,payroll journal,4,160,,,,,-1045.88,28041.44,0,,,,
2025,62,2024-10-22,2024-11-20,CRP,cash receipts posting,4,596,T145,,SEP24/REVFEE,,-496.42,27545.02,0,,,,CHAPTER 658 ATHLETIC ACTIVITY
2025,61,2024-10-28,2024-11-20,CRP,cash receipts posting,4,618,T145,988301,MISC RCPTS,,550.00,28095.02,0,,,ATHLETIC DEPT/FEES/COURTNEY FULLER,CHAPTER 658 ATHLETIC ACTIVITY
2025,65,2024-10-29,2024-10-31,APP,accounts payable — warrant disbursement,4,335,26 25,,,26 25,-15318.95,12776.07,0,,,,
2025,60,2024-10-31,2024-11-26,CRP,cash receipts posting,4,677,T145,,OCT24/REVTRA,,3188.00,15964.07,0,,,,CHAPTER 658 ATHLETIC ACTIVITY
2025,59,2024-11-01,2024-10-30,PRJ,payroll journal,5,2,,,,,-855.72,15108.35,0,,,,
2025,57,2024-11-12,2024-11-14,APP,accounts payable — warrant disbursement,5,118,28 25,,,28 25,-5.99,15102.36,0,,,,
2025,54,2024-11-14,2024-12-05,CRP,cash receipts posting,5,608,T145,992399,MISC RCPTS,,1050.00,16152.36,0,,,ATHLETIC DEPT/COURTNEY FULLER,CHAPTER 658 ATHLETIC ACTIVITY
2025,53,2024-11-14,2024-12-05,CRP,cash receipts posting,5,609,T145,,OCT24/REVFEE,,-99.25,16053.11,0,,,,CHAPTER 658 ATHLETIC ACTIVITY
2025,58,2024-11-15,2024-11-13,PRJ,payroll journal,5,76,,,,,-48177.26,-32124.15,0,,,,
2025,56,2024-11-19,2024-11-20,APP,accounts payable — warrant disbursement,5,358,30 25,,,30 25,-583.12,-32707.27,0,,,,
2025,52,2024-11-27,2024-12-17,CRP,cash receipts posting,5,680,T145,,NOV24/REVTRA,,12783.34,-19923.93,0,,,,CHAPTER 658 ATHLETIC ACTIVITY
2025,55,2024-11-29,2024-11-26,PRJ,payroll journal,5,467,,,,,-11280.26,-31204.19,0,,,,
2025,50,2024-12-10,2024-12-11,APP,accounts payable — warrant disbursement,6,125,33 25,,,33 25,-4094.00,-35298.19,0,,,,
2025,47,2024-12-12,2025-01-27,CRP,cash receipts posting,6,502,T145,994456,MISC RCPTS,,8369.00,-26929.19,0,,,ATHLETIC DEPT/COURTNEY FULLER,CHAPTER 658 ATHLETIC ACTIVITY
2025,51,2024-12-13,2024-12-11,PRJ,payroll journal,6,123,,,,,-5157.64,-32086.83,0,,,,
2025,46,2024-12-16,2025-01-27,CRP,cash receipts posting,6,515,T145,,NOV24/REVFEE,,-514.03,-32600.86,0,,,,CHAPTER 658 ATHLETIC ACTIVITY
2025,45,2024-12-19,2025-01-27,CRP,cash receipts posting,6,539,T145,995461,MISC RCPTS,,1672.50,-30928.36,0,,,ATHLETIC FEES/COURTNEY FULLER,CHAPTER 658 ATHLETIC ACTIVITY
2025,48,2024-12-23,2024-12-23,APP,accounts payable — warrant disbursement,6,269,36 25,,,36 25,-2358.50,-33286.86,0,,,,
2025,49,2024-12-27,2024-12-23,PRJ,payroll journal,6,228,,,,,-903.26,-34190.12,0,,,,
2025,44,2024-12-31,2025-02-10,CRP,cash receipts posting,6,603,T145,,DEC24/REVTPM,,10991.38,-23198.74,0,,,,CHAPTER 658 ATHLETIC ACTIVITY
2025,42,2025-01-07,2025-01-08,APP,accounts payable — warrant disbursement,7,82,38 25,,,38 25,-657.00,-23855.74,0,,,,
2025,39,2025-01-09,2025-02-12,CRP,cash receipts posting,7,490,T145,996242,MISC RCPTS,,748.00,-23107.74,0,,,ATHLETIC DEPT/COURTNEY FULLER,CHAPTER 658 ATHLETIC ACTIVITY
2025,43,2025-01-10,2025-01-08,PRJ,payroll journal,7,79,,,,,-285.24,-23392.98,0,,,,
2025,41,2025-01-14,2025-01-15,APP,accounts payable — warrant disbursement,7,173,40 25,,,40 25,-109.50,-23502.48,0,,,,
2025,38,2025-01-14,2025-02-12,CRP,cash receipts posting,7,513,T145,,DEC24/REVFEE,,-469.75,-23972.23,0,,,,CHAPTER 658 ATHLETIC ACTIVITY
2025,37,2025-01-16,2025-02-13,CRP,cash receipts posting,7,528,T145,996811,MISC RCPTS,,1450.00,-22522.23,0,,,ATHLETIC DEPT/COURTNEY FULLER,CHAPTER 658 ATHLETIC ACTIVITY
2025,40,2025-01-24,2025-01-22,PRJ,payroll journal,7,212,,,,,-736.87,-23259.10,0,,,,
2025,36,2025-01-30,2025-03-13,CRP,cash receipts posting,7,647,T145,,JAN25/REVTRA,,1548.96,-21710.14,0,,,,CHAPTER 658 ATHLETIC ACTIVITY
2025,34,2025-02-04,2025-02-05,APP,accounts payable — warrant disbursement,8,80,43 25,,,43 25,-18050.67,-39760.81,0,,,,
2025,31,2025-02-05,2025-03-20,CRP,cash receipts posting,8,530,T145,1001981,MISC RCPTS,,684.00,-39076.81,0,,,ATHLETIC DEPT FEES/COURTNEY FULLER,CHAPTER 658 ATHLETIC ACTIVITY
2025,35,2025-02-07,2025-02-05,PRJ,payroll journal,8,71,,,,,-808.18,-39884.99,0,,,,
2025,33,2025-02-12,2025-02-12,GEN,general journal entry,8,157,JE FEB,,,ADJ EXP,1282.57,-38602.42,0,,,,PER MEMO 01/30/25
2025,30,2025-02-12,2025-03-20,CRP,cash receipts posting,8,562,T145,1002274,MISC RCPTS,,550.00,-38052.42,0,,,ATHLETIC DEPT FEES/COURTNEY FULLER,CHAPTER 658 ATHLETIC ACTIVITY
2025,32,2025-02-21,2025-02-19,PRJ,payroll journal,8,222,,,,,-903.26,-38955.68,0,,,,
2025,29,2025-02-27,2025-04-02,CRP,cash receipts posting,8,661,T145,,JAN25/REVFEE,,-54.05,-39009.73,0,,,,CHAPTER 658 ATHLETIC ACTIVITY
2025,28,2025-02-27,2025-04-02,CRP,cash receipts posting,8,664,T145,,FEB25/REVTRA,,5470.00,-33539.73,0,,,,CHAPTER 658 ATHLETIC ACTIVITY
2025,26,2025-03-04,2025-03-05,APP,accounts payable — warrant disbursement,9,94,47 25,,,47 25,-18586.00,-52125.73,0,,,,
2025,27,2025-03-07,2025-03-05,PRJ,payroll journal,9,92,,,,,-46678.63,-98804.36,0,,,,
2025,24,2025-03-19,2025-03-20,APP,accounts payable — warrant disbursement,9,304,49 25,,,49 25,-18240.00,-117044.36,0,,,,
2025,25,2025-03-21,2025-03-19,PRJ,payroll journal,9,223,,,,,-903.26,-117947.62,0,,,,
2025,23,2025-03-27,2025-04-17,CRP,cash receipts posting,9,863,T145,,MISC RCPTS,,4704.30,-113243.32,0,,,,CHAPTER 658 ATHLETIC ACTIVITY
2025,22,2025-03-31,2025-04-22,CRP,cash receipts posting,9,907,T145,,FEB25/REVFEE,,-208.79,-113452.11,0,,,,CHAPTER 658 ATHLETIC ACTIVITY
2025,21,2025-03-31,2025-04-22,CRP,cash receipts posting,9,908,T145,,MAR25/REVTRA,,23289.31,-90162.80,0,,,,CHAPTER 658 ATHLETIC ACTIVITY
2025,20,2025-04-04,2025-04-02,PRJ,payroll journal,10,124,,,,,-903.26,-91066.06,0,,,,
2025,19,2025-04-15,2025-04-16,APP,accounts payable — warrant disbursement,10,382,53 25,,,53 25,-10195.00,-101261.06,0,,,,
2025,17,2025-04-15,2025-05-20,CRP,cash receipts posting,10,884,T145,,MAR25/REVFEE,,-950.28,-102211.34,0,,,,CHAPTER 658 ATHLETIC ACTIVITY
2025,16,2025-04-17,2025-05-21,CRP,cash receipts posting,10,903,T145,1018071,MISC RCPTS,,2240.00,-99971.34,0,,,ATHLETIC DEPT/COURTNEY FULLER,CHAPTER 658 ATHLETIC ACTIVITY
2025,18,2025-04-29,2025-04-30,APP,accounts payable — warrant disbursement,10,603,56 25,,,56 25,-8061.25,-108032.59,0,,,,
2025,15,2025-04-30,2025-07-10,CRP,cash receipts posting,10,1027,T145,,APR25/REVTRA,,4353.00,-103679.59,0,,,,CHAPTER 658 ATHLETIC ACTIVITY
2025,14,2025-05-02,2025-05-06,GEN,general journal entry,11,54,JE MAY,,,ADJ EXP,113559.00,9879.41,0,,,,PER MEMO 05/02/25
2025,12,2025-05-07,2025-07-14,CRP,cash receipts posting,11,854,T145,1022245,MISC RCPTS,,500.00,10379.41,0,,,ATHLETIC DEPT/COURTNEY FULLER,CHAPTER 658 ATHLETIC ACTIVITY
2025,13,2025-05-13,2025-05-14,APP,accounts payable — warrant disbursement,11,313,58 25,,,58 25,-572.50,9806.91,0,,,,
2025,11,2025-05-29,2025-07-23,CRP,cash receipts posting,11,996,T145,1023704,NSF/ATHLET,,-250.00,9556.91,0,,,"CORONELLA, SARAH",CHAPTER 658 ATHLETIC ACTIVITY
2025,10,2025-05-29,2025-07-23,CRP,cash receipts posting,11,1002,T145,,APR25/REVFEE,,-164.75,9392.16,0,,,,CHAPTER 658 ATHLETIC ACTIVITY
2025,9,2025-05-29,2025-07-23,CRP,cash receipts posting,11,1003,T145,,MAY25/REVTRA,,3012.46,12404.62,0,,,,CHAPTER 658 ATHLETIC ACTIVITY
2025,6,2025-06-05,2025-07-30,CRP,cash receipts posting,12,1097,T145,1024655,MISC RCPT,,1515.20,13919.82,0,,,VARIOUS CH658 ATHLETIC PER COURTNEY FULLER,CHAPTER 658 ATHLETIC ACTIVITY
2025,5,2025-06-16,2025-07-30,CRP,cash receipts posting,12,1147,T145,1025189,MISC RCPT,,220.00,14139.82,0,,,VARIOUS CH658 ATHLETIC HIGH SCHOOL,CHAPTER 658 ATHLETIC ACTIVITY
2025,8,2025-06-24,2025-06-25,APP,accounts payable — warrant disbursement,12,579,66 25,,,66 25,-24108.81,-9968.99,0,,,,
2025,7,2025-06-30,2025-07-02,GEN,general journal entry,12,709,JE JUN,,,ADJ EXP,19271.08,9302.09,0,,,,PER MEMO 7/02/25
2025,4,2025-06-30,2025-08-06,CRP,cash receipts posting,12,1285,T145,,JUN25/REVTRA,,-104.53,9197.56,0,,,,CHAPTER 658 ATHLETIC ACTIVITY
2025,3,2025-06-30,2025-08-06,CRP,cash receipts posting,12,1286,T145,,JUN25/REVTRA,,2033.00,11230.56,0,,,,CHAPTER 658 ATHLETIC ACTIVITY
2025,2,2025-06-30,2025-08-27,GEN,general journal entry,12,1339,JE JUN,,,ADJ EXP,120008.53,131239.09,0,,,,PER MEMO 08/20/2025
2026,77,2025-07-01,2026-03-03,SOY,start of year — opening balance carried forward,0,5,,,,SOY BAL,131239.09,131239.09,0,,,,OPENING BALANCE
2026,74,2025-07-07,2025-08-21,CRP,cash receipts posting,1,379,T145,1026672,REDEP/ATHE,,250.00,131489.09,0,,,"CORONELLA, SARAH",CHAPTER 658 ATHLETIC ACTIVITY
2026,76,2025-07-08,2025-07-10,APP,accounts payable — warrant disbursement,1,37,1W/P25,,,1 W/P 25,-20991.20,110497.89,0,,,,
2026,75,2025-07-25,2025-07-23,PRJ,payroll journal,1,125,,,,,-173.04,110324.85,0,,,,
2026,73,2025-07-31,2025-09-17,CRP,cash receipts posting,1,556,T145,,JUN25/REVFEE,,-70.36,110254.49,0,,,,CHAPTER 658 ATHLETIC ACTIVITY
2026,72,2025-07-31,2025-09-17,CRP,cash receipts posting,1,557,T145,,JUL25REVTRAK,,6138.00,116392.49,0,,,,CHAPTER 658 ATHLETIC ACTIVITY
2026,69,2025-08-05,2025-10-14,CRP,cash receipts posting,2,492,T145,,MISC RCPTS,,4040.55,120433.04,0,,,,CHAPTER 658 ATHLETIC ACTIVITY
2026,71,2025-08-08,2025-08-06,PRJ,payroll journal,2,65,,,,,-494.40,119938.64,0,,,,
2026,70,2025-08-19,2025-08-20,APP,accounts payable — warrant disbursement,2,227,8 26,,,8 26,-22307.00,97631.64,0,,,,
2026,68,2025-08-28,2025-10-14,CRP,cash receipts posting,2,585,T145,1034194,MISC RCPTS,,3521.43,101153.07,0,,,ATHLETIC DEPT/COURTNEY FULLER,CHAPTER 658 ATHLETIC ACTIVITY
2026,67,2025-08-28,2026-01-06,CRP,cash receipts posting,2,750,T145,,JUL25REVFEE,,-235.42,100917.65,0,,,,CHAPTER 658 ATHLETIC ACTIVITY
2026,66,2025-08-28,2026-01-06,CRP,cash receipts posting,2,753,T145,,AUG25REVTRAK,,28496.00,129413.65,0,,,,CHAPTER 658 ATHLETIC ACTIVITY
2026,62,2025-09-04,2026-01-06,CRP,cash receipts posting,3,1227,T145,1034603,MISC RCPTS,,1306.00,130719.65,0,,,ATHLETIC DEPT/COURTNEY FULLER,CHAPTER 658 ATHLETIC ACTIVITY
2026,65,2025-09-05,2025-09-03,PRJ,payroll journal,3,17,,,,,-939.36,129780.29,0,,,,
2026,61,2025-09-11,2026-01-06,CRP,cash receipts posting,3,1260,T145,1035180,MISC RCPTS,,3070.80,132851.09,0,,,ATHLETIC DEPT/COURTNEY FULLER,CHAPTER 658 ATHLETIC ACTIVITY
2026,64,2025-09-19,2025-09-17,PRJ,payroll journal,3,218,,,,,-4021.36,128829.73,0,,,,
2026,60,2025-09-25,2026-01-06,CRP,cash receipts posting,3,1325,T145,1036173,MISC RCPTS,,2760.00,131589.73,0,,,ATHLETIC DEPT FEES/COURTNEY FULLER,CHAPTER 658 ATHLETIC ACTIVITY
2026,63,2025-09-30,2025-10-01,APP,accounts payable — warrant disbursement,3,499,15 26,,,15 26,-21500.00,110089.73,0,,,,
2026,59,2025-09-30,2026-01-06,CRP,cash receipts posting,3,1350,T145,,AUG25/REVFEE,,-1208.41,108881.32,0,,,,CHAPTER 658 ATHLETIC ACTIVITY
2026,58,2025-09-30,2026-01-06,CRP,cash receipts posting,3,1351,T145,,SEP25/REVTRA,,15769.53,124650.85,0,,,,CHAPTER 658 ATHLETIC ACTIVITY
2026,53,2025-10-02,2026-01-06,CRP,cash receipts posting,4,1030,T145,1036541,MISC RCPTS,,2399.00,127049.85,0,,,ATHLETIC DEPT/COURTNEY FULLER,CHAPTER 658 ATHLETIC ACTIVITY
2026,57,2025-10-03,2025-10-01,PRJ,payroll journal,4,2,,,,,-939.36,126110.49,0,,,,
2026,52,2025-10-15,2026-01-06,CRP,cash receipts posting,4,1092,T145,1037216,MISC RCPTS,,2360.30,128470.79,0,,,ATHLETIC DEPT/COURTNEY FULLER,CHAPTER 658 ATHLETIC ACTIVITY
2026,56,2025-10-17,2025-10-15,PRJ,payroll journal,4,174,,,,,-939.36,127531.43,0,,,,
2026,51,2025-10-23,2026-01-06,CRP,cash receipts posting,4,1127,T145,1037650,MISC RCPTS,,791.00,128322.43,0,,,ATHLETIC DEPT/COURTNEY FULLER,CHAPTER 658 ATHLETIC ACTIVITY
2026,54,2025-10-29,2025-10-29,APP,accounts payable — warrant disbursement,4,324,19 26,,,19 26,-9000.00,119322.43,0,,,,
2026,50,2025-10-30,2026-01-06,CRP,cash receipts posting,4,1166,T145,,SEP25/REVFEE,,-654.57,118667.86,0,,,,CHAPTER 658 ATHLETIC ACTIVITY
2026,49,2025-10-30,2026-01-06,CRP,cash receipts posting,4,1167,T145,,OCT25REVTRAK,,2782.00,121449.86,0,,,,CHAPTER 658 ATHLETIC ACTIVITY
2026,55,2025-10-31,2025-10-29,PRJ,payroll journal,4,322,,,,,-3287.36,118162.50,0,,,,
2026,48,2025-11-12,2025-11-17,APP,accounts payable — warrant disbursement,5,127,21 26,,,21 26,-738.40,117424.10,0,,,,
2026,47,2025-11-17,2025-11-17,PRJ,payroll journal,5,129,,,,,-939.36,116484.74,0,,,,
2026,45,2025-11-17,2026-01-06,CRP,cash receipts posting,5,942,T145,1043571,MISC RCPTS,,4331.71,120816.45,0,,,ATHLETIC FEES/COURTNEY FULLER,CHAPTER 658 ATHLETIC ACTIVITY
2026,44,2025-11-20,2026-01-06,CRP,cash receipts posting,5,960,T145,1043839,MISC RCPTS,,2411.00,123227.45,0,,,ATHLETIC DEPT/COURTNEY FULLER,CHAPTER 658 ATHLETIC ACTIVITY
2026,43,2025-11-26,2026-03-04,CRP,cash receipts posting,5,1285,T145,,OCT25REVFEE,,-95.31,123132.14,0,,,,CHAPTER 658 ATHLETIC ACTIVITY
2026,42,2025-11-26,2026-03-04,CRP,cash receipts posting,5,1288,T145,,NOV25/REVTRA,,20340.07,143472.21,0,,,,CHAPTER 658 ATHLETIC ACTIVITY
2026,46,2025-11-28,2025-11-26,PRJ,payroll journal,5,338,,,,,-5703.36,137768.85,0,,,,
2026,36,2025-12-04,2026-03-04,CRP,cash receipts posting,6,1043,T145,1044521,MISC RCPTS,,3015.00,140783.85,0,,,ATHLETIC DEPT/COURTNEY FULLER,CHAPTER 658 ATHLETIC ACTIVITY
2026,41,2025-12-09,2025-12-10,APP,accounts payable — warrant disbursement,6,142,25 26,,,25 26,-2047.50,138736.35,0,,,,
2026,40,2025-12-12,2025-12-10,PRJ,payroll journal,6,143,,,,,-840.48,137895.87,0,,,,
2026,35,2025-12-22,2026-03-04,CRP,cash receipts posting,6,1116,T145,1045518,MISC RCPT,,3748.32,141644.19,0,,,VARIOUS ATHLETIC CH658 PAYMENTS PER COURTNEY,CHAPTER 658 ATHLETIC ACTIVITY
2026,39,2025-12-26,2025-12-23,PRJ,payroll journal,6,321,,,,,-939.36,140704.83,0,,,,
2026,38,2025-12-26,2025-12-23,PRJ,payroll journal,6,336,,,,,-939.36,139765.47,0,,,,
2026,37,2025-12-26,2025-12-23,GRV,general journal reversal / correction,6,344,,,,2606000336,939.36,140704.83,0,,,,Duplicate
2026,34,2025-12-31,2026-03-04,CRP,cash receipts posting,6,1159,T145,,,,-753.12,139951.71,0,,,,CHAPTER 658 ATHLETIC ACTIVITY
2026,33,2025-12-31,2026-03-04,CRP,cash receipts posting,6,1160,T145,,DEC25/REVTRA,,10138.68,150090.39,0,,,,CHAPTER 658 ATHLETIC ACTIVITY
2026,32,2026-01-09,2026-01-07,PRJ,payroll journal,7,64,,,,,-939.36,149151.03,0,,,,
2026,30,2026-01-22,2026-01-22,APP,accounts payable — warrant disbursement,7,261,33 26,,,33 26,-9900.00,139251.03,0,,,,
2026,31,2026-01-23,2026-01-21,PRJ,payroll journal,7,211,,,,,-939.36,138311.67,0,,,,
2026,29,2026-01-29,2026-05-17,CRP,cash receipts posting,7,756,T145,1048291,MISC RCPTS,,5610.00,143921.67,0,,,ATHLETIC DEPT/COURTNEY FULLER,CHAPTER 658 ATHLETIC ACTIVITY
2026,28,2026-01-29,2026-05-17,CRP,cash receipts posting,7,770,T145,,DEC25/REVFEES,,-437.49,143484.18,0,,,,CHAPTER 658 ATHLETIC ACTIVITY
2026,27,2026-01-29,2026-05-17,CRP,cash receipts posting,7,771,T145,,JAN26/REVTRAK,,5499.36,148983.54,0,,,,CHAPTER 658 ATHLETIC ACTIVITY
2026,26,2026-02-06,2026-02-04,PRJ,payroll journal,8,19,,,,,-914.64,148068.90,0,,,,
2026,25,2026-02-20,2026-02-18,PRJ,payroll journal,8,228,,,,,-939.36,147129.54,0,,,,
2026,24,2026-02-24,2026-02-24,APP,accounts payable — warrant disbursement,8,337,38 26,,,38 26,-691.00,146438.54,0,,,,
2026,23,2026-02-26,2026-05-18,CRP,cash receipts posting,8,601,T145,,FEB26/REVTRAK,,5158.83,151597.37,0,,,,CHAPTER 658 ATHLETIC ACTIVITY
2026,22,2026-02-26,2026-05-18,CRP,cash receipts posting,8,602,T145,,JAN26/REVFEE,,-219.99,151377.38,0,,,,CHAPTER 658 ATHLETIC ACTIVITY
2026,21,2026-03-06,2026-03-04,PRJ,payroll journal,9,28,,,,,-494.40,150882.98,0,,,,
2026,18,2026-03-09,2026-05-17,CRP,cash receipts posting,9,761,T145,1057103,MISC RCPTS,,808.61,151691.59,0,,,ATHLETIC DEPT/COURTNEY FULLER,CHAPTER 658 ATHLETIC ACTIVITY
2026,20,2026-03-10,2026-03-10,APP,accounts payable — warrant disbursement,9,145,40 26,,,40 26,-9900.00,141791.59,0,,,,
2026,19,2026-03-20,2026-03-18,PRJ,payroll journal,9,255,,,,,-939.36,140852.23,0,,,,
2026,17,2026-03-26,2026-05-18,CRP,cash receipts posting,9,823,T145,1063792,MISC RCPTS,,4274.12,145126.35,0,,,ATHLETIC DEPT/COURTNEY FULLER,CHAPTER 658 ATHLETIC ACTIVITY
2026,16,2026-03-31,2026-05-22,CRP,cash receipts posting,9,848,T145,,MAR26/REVTRAK,,25030.41,170156.76,0,,,,CHAPTER 658 ATHLETIC ACTIVITY
2026,15,2026-03-31,2026-05-22,CRP,cash receipts posting,9,850,T145,,FEB26/REVFEE,,-211.96,169944.80,0,,,,CHAPTER 658 ATHLETIC ACTIVITY
2026,13,2026-04-02,2026-04-02,APP,accounts payable — warrant disbursement,10,40,44 26,,,44 26,-9900.00,160044.80,0,,,,
2026,9,2026-04-02,2026-05-18,CRP,cash receipts posting,10,561,T145,1064500,ATHLETCH658,,3364.00,163408.80,0,,,APRIL2026 ATHLETIC CH658 DEP PER COURTNEY F,CHAPTER 658 ATHLETIC ACTIVITY
2026,14,2026-04-03,2026-03-31,PRJ,payroll journal,10,3,,,,,-865.20,162543.60,0,,,,
2026,8,2026-04-13,2026-05-22,CRP,cash receipts posting,10,619,T145,1072468,MISC RCPTS,,1240.00,163783.60,0,,,ATHLETIC DEPT/COURTNEY FULLER,CHAPTER 658 ATHLETIC ACTIVITY
2026,11,2026-04-15,2026-04-15,APP,accounts payable — warrant disbursement,10,265,48 26,,,48 26,-2361.20,161422.40,0,,,,
2026,7,2026-04-15,2026-05-22,CRP,cash receipts posting,10,657,T145,1065653,MISC RCPTS,,1653.54,163075.94,0,,,ATHLETIC DEPT/COURTNEY FULLER,CHAPTER 658 ATHLETIC ACTIVITY
2026,12,2026-04-17,2026-04-15,PRJ,payroll journal,10,239,,,,,-939.36,162136.58,0,,,,
2026,10,2026-04-28,2026-04-28,APP,accounts payable — warrant disbursement,10,463,50 26,,,50 26,-22597.00,139539.58,0,,,,
2026,5,2026-05-01,2026-05-14,PRJ,payroll journal,11,158,,,,,-568.56,138971.02,0,,,,
2026,4,2026-05-14,2026-05-14,APP,accounts payable — warrant disbursement,11,165,54 26,,,54 26,-4820.00,134151.02,0,,,,
2026,6,2026-05-15,2026-05-13,PRJ,payroll journal,11,134,,,,,-939.36,133211.66,0,,,,
2026,3,2026-05-29,2026-05-27,PRJ,payroll journal,11,430,,,,,-939.36,132272.30,0,,,,
2026,2,2026-06-12,2026-06-09,PRJ,payroll journal,12,160,,,,,-939.36,131332.94,0,,,,
