fy,kind,name,amount,owner,doc
2020,federal,"Special Education, 240 Grant",367980.0,Director of Special Services,fy25-superintendent-39-s-budget-update.txt
2020,federal,"Title I, 305 Grant",240799.0,Director of Special Services,fy25-superintendent-39-s-budget-update.txt
2020,federal,"Special Education, AARP IDEA",88330.0,Director of Special Services,fy25-superintendent-39-s-budget-update.txt
2020,federal,"Title II, 140 Grant",33740.0,Director of Special Services,fy25-superintendent-39-s-budget-update.txt
2020,federal,"Title IV, 309 Grant",18466.0,Director of Special Services,fy25-superintendent-39-s-budget-update.txt
2020,federal,"Special Education, Targeted IEP , 274 Grant",12818.0,Director of Special Services,fy25-superintendent-39-s-budget-update.txt
2020,federal,Special Education Program Improvement,12634.0,Director of Special Services,fy25-superintendent-39-s-budget-update.txt
2020,federal,"Special Education, Early Childhood, 262 Grant",12281.0,Director of Special Services,fy25-superintendent-39-s-budget-update.txt
2020,federal,"Special Education, AARP",8229.0,Director of Special Services,fy25-superintendent-39-s-budget-update.txt
2020,federal,Improvement,2327.0,,fy25-superintendent-39-s-budget-update.txt
2020,state,Family & Community Grant,45700.0,Director of Community School Programs,fy25-superintendent-39-s-budget-update.txt
2020,state,Early Literacy Learning,36883.0,Director of Special Services,fy25-superintendent-39-s-budget-update.txt
2021,federal,"Special Education, 240 Grant",386101.0,Director of Special Services,fy25-superintendent-39-s-budget-update.txt
2021,federal,"Title I, 305 Grant",239678.0,Director of Teaching & Learning,fy25-superintendent-39-s-budget-update.txt
2021,federal,"Special Education, AARP IDEA",88330.0,Director of Special Services,fy25-superintendent-39-s-budget-update.txt
2021,federal,"Title II, 140 Grant",33465.0,Director of Teaching & Learning,fy25-superintendent-39-s-budget-update.txt
2021,federal,"Title IV, 309 Grant",18466.0,Director of Teaching & Learning,fy25-superintendent-39-s-budget-update.txt
2021,federal,"Special Education, Targeted IEP , 274 Grant",12634.0,Director of Special Services,fy25-superintendent-39-s-budget-update.txt
2021,federal,Special Education Program Improvement,12634.0,Director of Special Services,fy25-superintendent-39-s-budget-update.txt
2021,federal,"Special Education, Early Childhood, 262 Grant",12368.0,Director of Special Services,fy25-superintendent-39-s-budget-update.txt
2021,federal,"Special Education, AARP",8229.0,Director of Special Services,fy25-superintendent-39-s-budget-update.txt
2021,federal,Improvement,2327.0,,fy25-superintendent-39-s-budget-update.txt
2021,state,Family & Community Grant,45700.0,Director of Community School Programs,fy25-superintendent-39-s-budget-update.txt
2021,state,Accelerating Math,33263.0,Director of Teaching & Learning,fy25-superintendent-39-s-budget-update.txt
2021,state,School Health Grant,10500.0,Nursing Coordinator,fy25-superintendent-39-s-budget-update.txt
2022,federal,"Special Education, 240 Grant",399152.0,Director of Special Services,fy25-superintendent-39-s-budget-update.txt
2022,federal,"Title I, 305 Grant",180342.0,Director of Teaching & Learning,fy25-superintendent-39-s-budget-update.txt
2022,federal,"Special Education, AARP IDEA",88330.0,Director of Special Services,fy25-superintendent-39-s-budget-update.txt
2022,federal,"Title II, 140 Grant",32708.0,Director of Teaching & Learning,fy25-superintendent-39-s-budget-update.txt
2022,federal,"Special Education, Targeted IEP , 274 Grant",12634.0,Director of Special Services,fy25-superintendent-39-s-budget-update.txt
2022,federal,"Special Education, Early Childhood, 262 Grant",12500.0,Director of Special Services,fy25-superintendent-39-s-budget-update.txt
2022,federal,"Title IV, 309 Grant",12442.0,Director of Teaching & Learning,fy25-superintendent-39-s-budget-update.txt
2022,federal,"Special Education, AARP",8229.0,Director of Special Services,fy25-superintendent-39-s-budget-update.txt
2022,state,"Accelerating Literacy, 719 Grant (yr 1 of 3)",203286.0,Director of Teaching & Learning,fy25-superintendent-39-s-budget-update.txt
2022,state,School Health Grant,100000.0,Nursing Coordinator,fy25-superintendent-39-s-budget-update.txt
2022,state,Accelerating Math,52948.0,Director of Teaching & Learning,fy25-superintendent-39-s-budget-update.txt
2022,state,Family & Community Grant,45700.0,Director of Community School Programs,fy25-superintendent-39-s-budget-update.txt
2022,state,Child Home Program,27037.0,Director of Community School Programs,fy25-superintendent-39-s-budget-update.txt
2022,state,"After School & Out of School Time, summer",24000.0,Director of Teaching & Learning,fy25-superintendent-39-s-budget-update.txt
2022,state,School Health Grant,14000.0,Nursing Coordinator,fy25-superintendent-39-s-budget-update.txt
2023,federal,"Special Education, 240 Grant",404772.0,Director of Special Services,fy25-superintendent-39-s-budget-update.txt
2023,federal,"Title I, 305 Grant",191672.0,Director of Teaching & Learning,fy25-superintendent-39-s-budget-update.txt
2023,federal,"Title II, 140 Grant",31556.0,Director of Teaching & Learning,fy25-superintendent-39-s-budget-update.txt
2023,federal,"Special Education, Targeted IEP , 274 Grant",14430.0,Director of Special Services,fy25-superintendent-39-s-budget-update.txt
2023,federal,"Special Education, Early Childhood, 262 Grant",13133.0,Director of Special Services,fy25-superintendent-39-s-budget-update.txt
2023,federal,"Title IV, 309 Grant",12904.0,Director of Teaching & Learning,fy25-superintendent-39-s-budget-update.txt
2023,state,"Accelerating Literacy, 719 Grant (yr 2 of 3)",128000.0,Director of Teaching & Learning,fy25-superintendent-39-s-budget-update.txt
2023,state,School Health Grant,100000.0,Nursing Coordinator,fy25-superintendent-39-s-budget-update.txt
2023,state,Family & Community Grant,45700.0,Director of Community School Programs,fy25-superintendent-39-s-budget-update.txt
2023,state,School Health Grant,30000.0,Nursing Coordinator,fy25-superintendent-39-s-budget-update.txt
2023,state,Accelerating Literacy with HQIM (6-8 ELA),27500.0,Director of Teaching & Learning,fy25-superintendent-39-s-budget-update.txt
2023,state,Child Home Program,27037.0,Director of Community School Programs,fy25-superintendent-39-s-budget-update.txt
2023,state,Grant,25000.0,,fy25-superintendent-39-s-budget-update.txt
2024,federal,"Special Education, 240 Grant",418237.0,Director of Special Services,fy25-superintendent-39-s-budget-update.txt
2024,federal,"Title I, 305 Grant",210309.0,Director of Teaching & Learning,fy25-superintendent-39-s-budget-update.txt
2024,federal,"Title II, 140 Grant",35972.0,Director of Teaching & Learning,fy25-superintendent-39-s-budget-update.txt
2024,federal,"Special Education, Targeted IEP , 274 Grant",14430.0,Director of Special Services,fy25-superintendent-39-s-budget-update.txt
2024,federal,"Title IV, 309 Grant",14045.0,Director of Teaching & Learning,fy25-superintendent-39-s-budget-update.txt
2024,federal,"Special Education, Early Childhood, 262 Grant",13245.0,Director of Special Services,fy25-superintendent-39-s-budget-update.txt
2024,state,"SOA Evidence-Based Practice, 117 (yr 2 of 3)",136583.0,Director of Teaching & Learning,fy25-superintendent-39-s-budget-update.txt
2024,state,"Accelerating Literacy, 719 Grant (yr 3 of 3)",134130.0,Director of Teaching & Learning,fy25-superintendent-39-s-budget-update.txt
2024,state,Family & Community Grant,45700.0,Director of Community School Programs,fy25-superintendent-39-s-budget-update.txt
2024,state,Comprehensive School Health Services Grant,35000.0,,fy25-superintendent-39-s-budget-update.txt
2024,state,Child Home Program,27037.0,Director of Community School Programs,fy25-superintendent-39-s-budget-update.txt
2024,state,"After School & Out of School Time, 528 Grant",25000.0,Director of Teaching & Learning,fy25-superintendent-39-s-budget-update.txt
2024,state,"Deeper Learning, 105 Grant",21520.0,Director of Teaching & Learning,fy25-superintendent-39-s-budget-update.txt
2024,state,"Arts & Cultural Vitality, 718 Grant",5200.0,Director of Teaching & Learning,fy25-superintendent-39-s-budget-update.txt
FY21-24,federal,ESSER 3,1351034.0,,fy25-superintendent-39-s-budget-update.txt
FY21-24,federal,ESSER 2,588834.0,,fy25-superintendent-39-s-budget-update.txt
FY21-24,federal,ESSER 1,198073.0,,fy25-superintendent-39-s-budget-update.txt
