kind,key,group,label,classification,how,why
revenue_account,RE TAXES,levy,Property tax levy,general_fund_revenue,named,"Set by the town, inside the Proposition 2½ cap"
revenue_account,PP TAXES,levy,Property tax levy,general_fund_revenue,named,"Set by the town, inside the Proposition 2½ cap"
revenue_account,SUPPLE TAX,levy,Property tax levy,general_fund_revenue,named,"Set by the town, inside the Proposition 2½ cap"
revenue_account,RE FY27,levy,Property tax levy,general_fund_revenue,named,"Set by the town, inside the Proposition 2½ cap"
revenue_account,PP FY27,levy,Property tax levy,general_fund_revenue,named,"Set by the town, inside the Proposition 2½ cap"
revenue_account,PREPAYPP,levy,Property tax levy,general_fund_revenue,named,"Set by the town, inside the Proposition 2½ cap"
revenue_account,ROLL BACK,levy,Property tax levy,general_fund_revenue,named,"Set by the town, inside the Proposition 2½ cap"
revenue_account,MISCTAXOVE,levy,Property tax levy,general_fund_revenue,named,"Set by the town, inside the Proposition 2½ cap"
revenue_account,DEF PROP,levy,Property tax levy,general_fund_revenue,named,"Set by the town, inside the Proposition 2½ cap"
revenue_account,CH 70 AID,state,State aid,general_fund_revenue,named,Set by the Legislature. No local say at all
revenue_account,UGGA,state,State aid,general_fund_revenue,named,Set by the Legislature. No local say at all
revenue_account,SCHCOSTREI,state,State aid,general_fund_revenue,named,Set by the Legislature. No local say at all
revenue_account,SPED REIMB,state,State aid,general_fund_revenue,named,Set by the Legislature. No local say at all
revenue_account,CHARTER,state,State aid,general_fund_revenue,named,Set by the Legislature. No local say at all
revenue_account,STATE LAND,state,State aid,general_fund_revenue,named,Set by the Legislature. No local say at all
revenue_account,VET ABATE,state,State aid,general_fund_revenue,named,Set by the Legislature. No local say at all
revenue_account,ABATE ELDE,state,State aid,general_fund_revenue,named,Set by the Legislature. No local say at all
revenue_account,ABATE SPOU,state,State aid,general_fund_revenue,named,Set by the Legislature. No local say at all
revenue_account,BLIND ABAT,state,State aid,general_fund_revenue,named,Set by the Legislature. No local say at all
revenue_account,S6CH115VET,state,State aid,general_fund_revenue,named,Set by the Legislature. No local say at all
revenue_account,MSBA REIMB,state,State aid,general_fund_revenue,named,Set by the Legislature. No local say at all
revenue_account,ADD AID LB,state,State aid,general_fund_revenue,named,Set by the Legislature. No local say at all
revenue_account,ADDAIDAPPR,state,State aid,general_fund_revenue,named,Set by the Legislature. No local say at all
revenue_account,ADDAIDESTR,state,State aid,general_fund_revenue,named,Set by the Legislature. No local say at all
revenue_account,ADD'L ASST,state,State aid,general_fund_revenue,named,Set by the Legislature. No local say at all
revenue_account,MUN RELIEF,state,State aid,general_fund_revenue,named,Set by the Legislature. No local say at all
revenue_account,LOC AID AD,state,State aid,general_fund_revenue,named,Set by the Legislature. No local say at all
revenue_account,STATE REVE,state,State aid,general_fund_revenue,named,Set by the Legislature. No local say at all
revenue_account,MUN STAB,state,State aid,general_fund_revenue,named,Set by the Legislature. No local say at all
revenue_account,SCHOOL TRA,state,State aid,general_fund_revenue,named,Set by the Legislature. No local say at all
revenue_account,ERATEREIMB,state,State aid,general_fund_revenue,named,Set by the Legislature. No local say at all
revenue_account,MED D DRUG,state,State aid,general_fund_revenue,named,Set by the Legislature. No local say at all
revenue_account,MEDRECMRC,state,State aid,general_fund_revenue,named,Set by the Legislature. No local say at all
revenue_account,QUINN BILL,state,State aid,general_fund_revenue,named,Set by the Legislature. No local say at all
revenue_account,CH 81,state,State aid,general_fund_revenue,named,Set by the Legislature. No local say at all
revenue_account,FBCYBUDGET,onetime,One-time money,general_fund_revenue,named,Free cash and proceeds. Spendable once
revenue_account,PY BAL,onetime,One-time money,general_fund_revenue,named,Free cash and proceeds. Spendable once
revenue_account,BOND PROC,onetime,One-time money,general_fund_revenue,named,Free cash and proceeds. Spendable once
revenue_account,PREMIUMS,onetime,One-time money,general_fund_revenue,named,Free cash and proceeds. Spendable once
revenue_account,INS SETTLR,onetime,One-time money,general_fund_revenue,named,Free cash and proceeds. Spendable once
revenue_account,SALE TOWNP,onetime,One-time money,general_fund_revenue,named,Free cash and proceeds. Spendable once
revenue_account,SALE STAND,onetime,One-time money,general_fund_revenue,named,Free cash and proceeds. Spendable once
revenue_account,TRANS ENT,transfer,Transfers in,general_fund_revenue,named,From the town’s own other funds. Not new money
revenue_account,TRANSOFFSE,transfer,Transfers in,general_fund_revenue,named,From the town’s own other funds. Not new money
revenue_account,TRANSRECRE,transfer,Transfers in,general_fund_revenue,named,From the town’s own other funds. Not new money
revenue_account,OP TRAN AG,transfer,Transfers in,general_fund_revenue,named,From the town’s own other funds. Not new money
revenue_account,OP TRAN CP,transfer,Transfers in,general_fund_revenue,named,From the town’s own other funds. Not new money
revenue_account,OP TRAN SR,transfer,Transfers in,general_fund_revenue,named,From the town’s own other funds. Not new money
revenue_account,OP TRAN TR,transfer,Transfers in,general_fund_revenue,named,From the town’s own other funds. Not new money
revenue_account,CH 70 AID,,,school,stated,"Chapter 70 is the state education aid formula. Lands UNRESTRICTED in the general fund — a school-caused receipt, not school money."
revenue_account,SCHCOSTREI,,,school,stated,School cost reimbursement — the circuit breaker. See the assumption about whether this duplicates fund 2640.
revenue_account,SPED REIMB,,,school,stated,**Missed in the first pass.** Special education reimbursement.
revenue_account,CHARTER,,,school,outside,**Missed in the first pass.** Charter school reimbursement — state aid to the town for resident pupils at charters.
revenue_account,PS TUITION,,,school,stated,Pre-school tuition.
revenue_account,MSBA REIMB,,,school,stated,"School building authority. $474,239 a year through FY2022, zero now."
revenue_account,SCHOOL TRA,,,school,stated,School transportation.
revenue_account,STUDENTBUS,,,school,stated,"Student bus fees — and see the worked example. Charged, and zero here."
revenue_account,ERATEREIMB,,,school,outside,E-Rate is the federal telecoms discount for schools and libraries. Could be either.
revenue_account,MIN TEACHE,,,unresolved,unresolved,Ten characters. Nothing settles it.
revenue_account,PROF DEV,,,unresolved,unresolved,Professional development — for whose staff is not stated.
revenue_account,SD ADM FEE,,,unresolved,unresolved,"“SD” is School Department or Sewer District, and both exist in this ledger."
revenue_account,BUS CERTIF,,,town,neighbours,"**Not buses.** BUSINESS certificates. It sits among marriage licences, certified vitals, street lists, genealogy, dog licences and raffle permits — the Town Clerk’s fee schedule. *An error of mine, caught by reading the column instead of matching a substring.*"
revenue_account,TRANS ENT,,,town,neighbours,"**Not transportation.** A TRANSFER. It sits with `OP TRAN AG`, `OP TRAN CP`, `OP TRAN SR`, `OP TRAN TR` — the operating transfers. Same error, same cause."
revenue_account,TRANSOFFSE,,,town,neighbours,"Transfer, as above."
revenue_account,TRANSRECRE,,,town,neighbours,"Transfer, as above."
revenue_account,BUS RENTAL,,,unresolved,unresolved,"Bus rental, or business rental. Zero in FY26 either way."
fund,0100,,,town,stated,The general fund.
fund,1300,,,school,stated,Lost books and technology — charged to students.
fund,1301,,,school,evidence,Its cash journal says CHAPTER 658 ATHLET and it refunds families by name.
fund,1302,,,school,outside,Adult education is run by the district in Massachusetts. Not stated here.
fund,1303,,,school,stated,Summer school.
fund,1305,,,school,stated,After school activities.
fund,1306,,,school,stated,Use of school facilities.
fund,1308,,,school,stated,School choice.
fund,1309,,,school,stated,"Insurance recoveries, school."
fund,1310,,,unresolved,unresolved,“Greenthumb” — a school garden program or a town one. Nothing here says. No FY26 activity.
fund,1311,,,school,stated,School gifts.
fund,1312,,,school,stated,Extended day.
fund,1314,,,unresolved,unresolved,Vending machines — in a school or a town building. No FY26 activity.
fund,1315,,,unresolved,unresolved,"“Family Network” — plausibly the district’s family engagement work, plausibly the Council on Aging’s. No FY26 activity."
fund,1549,,,school,stated,Technology for school children.
fund,2200,,,school,stated,School lunch.
fund,2582,,,town,outside,"EECBG is the federal Energy Efficiency and Conservation Block Grant, made to municipalities."
fund,2640,,,school,stated,Special education circuit breaker.
fund,2649,,,school,stated,Displaced students.
fund,2650,,,town,outside,"Underground storage tanks — a public works and fire matter, not a school one."
fund,2681,,,school,stated,Comprehensive school health services.
fund,2667,,,unresolved,unresolved,Arts and cultural — the district or the Cultural Council. The #718 code is not paired with a program name anywhere here.
fund,2709,,,unresolved,unresolved,"“Regional dissemination” #321, FY12. Dormant and undefined here."
fund,2903,,,unresolved,unresolved,A Blue Cross mini grant — school wellness or town employee wellness.
fund,2911,,,school,outside,Tech Prep is a federal vocational-education program.
fund,2912,,,unresolved,unresolved,A Tufts University grant; “HEAT” is not expanded anywhere here.
fund,2914,,,school,outside,The Hach Scientific Foundation funds high-school chemistry teaching.
fund,2793,,,school,stated,School water improvement.
fund,2772,,,school,stated,School reopening.
fund,5000,,,town,stated,Sewer betterments.
fund,5100,,,town,stated,Water betterments.
fund,6000,,,town,stated,Sewer enterprise.
fund,6100,,,town,stated,Water enterprise.
fund,6200,,,town,stated,PEG access enterprise.
fund,7900,,,town,stated,Solid waste enterprise.
grant_code,#305,,Title I,school,paired,
grant_code,#140,,Title II Part A,school,paired,
grant_code,#309,,Title IV Part A,school,paired,
grant_code,#274,,Special education program improvement,school,paired,
grant_code,#117,,"Student Opportunity Act, evidence-based",school,paired,
grant_code,#237,,Family and community engagement,school,paired,
grant_code,#113 / #119,,ESSER — federal pandemic relief for schools,school,paired,
grant_code,#102,,School reopening,school,paired,
grant_code,#240,,"NOT paired anywhere in our data. Three funds carry a bare 240 and no name. Read as IDEA special education from outside knowledge — **flagged, because these are the two largest grant spends at $229,398 and $179,637**",school,outside,
department,820,,,assessed,stated,Named `WRRS ASSESSMENT`. The Worcester Regional Retirement System sets it; the town pays it.
department,825,,,assessed,stated,Named `STATE ASSESSMENTS` — the Cherry Sheet charges.
department,310,,,assessed,stated,Named `MONTY TECH ASSESSMENT`. A regional school district assesses its member towns.
department,841,,,assessed,outside,Montachusett Regional Planning Commission — a regional body assessing its members.
department,521,,,assessed,outside,Nashoba Associated Boards of Health — a regional district.
department,522,,,assessed,outside,Nashoba Nursing — same.
department,710,,,committed,stated,Named `PRINCIPAL SERIAL LOANS`. Repayment of borrowing authorised by votes already taken.
department,751,,,committed,stated,Named `INTEREST SERIAL LOANS`. Same.
department,754,,,committed,stated,Loan administrative fees.
department,300,,,delegated,minutes,"Town Meeting votes the school bottom line; the School Committee allocates within it. Its own minutes carry `Review &amp; Approve Line Item Transfers` as a standing agenda item, with transfers voted line by line."
department,301,,,delegated,stated,"School non-recurring, a separate article."
department,610,,,delegated,outside,A public library is governed by elected trustees.
department,914,,,bargained,outside,"Health insurance, active and retiree. Rates and shares are set by bargaining and by the insurer, not by a vote on an amount."
department,912,,,bargained,outside,Workers compensation — claims driven.
department,913,,,bargained,outside,Unemployment compensation — claims driven.
department,945,,,bargained,outside,Liability insurance — premium driven.
department,993,,,transfer,stated,Named `TRANSFER TO CAPITAL PROJECT FD`.
department,996,,,transfer,stated,Named `TRANSFER TO TRUST FUNDS`.
report_receipt,PERSONALPROPERTYTAXES,levy,PERSONAL PROPERTY TAXES,general_fund_revenue,stated,"The property tax levy, named outright."
report_receipt,RENTALFEESCELLTOWER,local,RENTAL FEES CELL TOWER,general_fund_revenue,residual,"Local receipts — a residual: fees, permits, excise, fines, interest and rentals."
report_receipt,DOGFINES,local,DOG FINES,general_fund_revenue,residual,"Local receipts — a residual: fees, permits, excise, fines, interest and rentals."
report_receipt,REALESTATETAXES,levy,REAL ESTATE TAXES,general_fund_revenue,stated,"The property tax levy, named outright."
report_receipt,STREETLISTS,local,STREET LISTS,general_fund_revenue,residual,"Local receipts — a residual: fees, permits, excise, fines, interest and rentals."
report_receipt,TAXLIENSREDEEMED,local,TAX LIENS REDEEMED,general_fund_revenue,residual,"Local receipts — a residual: fees, permits, excise, fines, interest and rentals."
report_receipt,TOWNPROPERTYHAYING,local,TOWN PROPERTY HAYING,general_fund_revenue,residual,"Local receipts — a residual: fees, permits, excise, fines, interest and rentals."
report_receipt,PRIORYEARREFUNDS,local,PRIOR YEAR REFUNDS,general_fund_revenue,residual,"Local receipts — a residual: fees, permits, excise, fines, interest and rentals."
report_receipt,FEDERALREVENUE,local,FEDERAL REVENUE,general_fund_revenue,residual,"Local receipts — a residual: fees, permits, excise, fines, interest and rentals."
report_receipt,DISHONOREDCHECKFEE,local,DISHONORED CHECK FEE,general_fund_revenue,residual,"Local receipts — a residual: fees, permits, excise, fines, interest and rentals."
report_receipt,SCHOOLBASEDMEDICAREREIMB,state,SCHOOL BASED MEDICARE REIMB,general_fund_revenue,outside,School-based Medicaid reimbursement — federal money routed through the state.
report_receipt,SUPPLTAXNEWCONSTRUCTION,levy,SUPPL TAX-NEW CONSTRUCTION,general_fund_revenue,stated,"The property tax levy, named outright."
report_receipt,SENIORCENTERRENTALFEES,local,SENIOR CENTER RENTAL FEES,general_fund_revenue,residual,"Local receipts — a residual: fees, permits, excise, fines, interest and rentals."
report_receipt,MEDICAREPARTDREIMBURSEMENT,state,MEDICARE PART D REIMBURSEMENT,general_fund_revenue,outside,School-based Medicaid reimbursement — federal money routed through the state.
report_receipt,PROFORMAROLLBACKTAXES,local,PRO FORMA/ROLL BACK TAXES,general_fund_revenue,residual,"Local receipts — a residual: fees, permits, excise, fines, interest and rentals."
report_receipt,STUDENTBUSFEES,local,STUDENT BUS FEES,general_fund_revenue,residual,"Local receipts — a residual: fees, permits, excise, fines, interest and rentals."
report_receipt,LOCKUPFEES,local,LOCK UP FEES,general_fund_revenue,residual,"Local receipts — a residual: fees, permits, excise, fines, interest and rentals."
report_receipt,MOTORVEHICLEEXCISE,local,MOTOR VEHICLE EXCISE,general_fund_revenue,residual,"Local receipts — a residual: fees, permits, excise, fines, interest and rentals."
report_receipt,COBRAFEES,local,COBRA FEES,general_fund_revenue,residual,"Local receipts — a residual: fees, permits, excise, fines, interest and rentals."
report_receipt,SALEOFTOWNEQUIPMENT,onetime,SALE OF TOWN EQUIPMENT,general_fund_revenue,outside,Reserves and proceeds. Spendable once.
report_receipt,MISCREVENUE,local,MISC. REVENUE,general_fund_revenue,residual,"Local receipts — a residual: fees, permits, excise, fines, interest and rentals."
report_receipt,MEDICALRECORDS,local,MEDICAL RECORDS,general_fund_revenue,residual,"Local receipts — a residual: fees, permits, excise, fines, interest and rentals."
report_receipt,INTERESTPERSONALPROPERTY,local,INTEREST PERSONAL PROPERTY,general_fund_revenue,residual,"Local receipts — a residual: fees, permits, excise, fines, interest and rentals."
report_receipt,ALCOHOLICBEVERAGES,local,ALCOHOLIC BEVERAGES,general_fund_revenue,residual,"Local receipts — a residual: fees, permits, excise, fines, interest and rentals."
report_receipt,INTERESTREALESTATE,local,INTEREST REAL ESTATE,general_fund_revenue,residual,"Local receipts — a residual: fees, permits, excise, fines, interest and rentals."
report_receipt,MARRIAGELICENSES,local,MARRIAGE LICENSES,general_fund_revenue,residual,"Local receipts — a residual: fees, permits, excise, fines, interest and rentals."
report_receipt,INVESTMENTINCOME,local,INVESTMENT INCOME,general_fund_revenue,residual,"Local receipts — a residual: fees, permits, excise, fines, interest and rentals."
report_receipt,INTERESTMOTORVEHICLEEXCISE,local,INTEREST MOTOR VEHICLE EXCISE,general_fund_revenue,residual,"Local receipts — a residual: fees, permits, excise, fines, interest and rentals."
report_receipt,HEALTHLICENSES,local,HEALTH LICENSES,general_fund_revenue,residual,"Local receipts — a residual: fees, permits, excise, fines, interest and rentals."
report_receipt,SELECTMENSLICENSES,local,SELECTMEN'S LICENSES,general_fund_revenue,residual,"Local receipts — a residual: fees, permits, excise, fines, interest and rentals."
report_receipt,GASOLINELICENSES,local,GASOLINE LICENSES,general_fund_revenue,residual,"Local receipts — a residual: fees, permits, excise, fines, interest and rentals."
report_receipt,PRIORYEAREXCISE,local,PRIOR YEAR EXCISE,general_fund_revenue,residual,"Local receipts — a residual: fees, permits, excise, fines, interest and rentals."
report_receipt,DOGLICENSES,local,DOG LICENSES,general_fund_revenue,residual,"Local receipts — a residual: fees, permits, excise, fines, interest and rentals."
report_receipt,PRIORYEARINTDEMAND,local,PRIOR YEAR INT/DEMAND,general_fund_revenue,residual,"Local receipts — a residual: fees, permits, excise, fines, interest and rentals."
report_receipt,DEMANDSMOTORVEHICLEEXCISE,local,DEMANDS MOTOR VEHICLE EXCISE,general_fund_revenue,residual,"Local receipts — a residual: fees, permits, excise, fines, interest and rentals."
report_receipt,WIRINGPERMITS,local,WIRING PERMITS,general_fund_revenue,residual,"Local receipts — a residual: fees, permits, excise, fines, interest and rentals."
report_receipt,DEMANDSREALESTATE,local,DEMANDS REAL ESTATE,general_fund_revenue,residual,"Local receipts — a residual: fees, permits, excise, fines, interest and rentals."
report_receipt,GASPERMITS,local,GAS PERMITS,general_fund_revenue,residual,"Local receipts — a residual: fees, permits, excise, fines, interest and rentals."
report_receipt,TRANSFERSFROMOTHERFUNDS,transfer,TRANSFERS FROM OTHER FUNDS,general_fund_revenue,stated,Money moved from the town’s own other funds. Not new money.
report_receipt,DEMANDSPERSONALPROPERTY,local,DEMANDS PERSONAL PROPERTY,general_fund_revenue,residual,"Local receipts — a residual: fees, permits, excise, fines, interest and rentals."
report_receipt,PLUMBINGPERMITS,local,PLUMBING PERMITS,general_fund_revenue,residual,"Local receipts — a residual: fees, permits, excise, fines, interest and rentals."
report_receipt,BUILDINGPERMITS,local,BUILDING PERMITS,general_fund_revenue,residual,"Local receipts — a residual: fees, permits, excise, fines, interest and rentals."
report_receipt,PENALTYINTERESTTAXLIENS,local,PENALTY/INTEREST TAX LIENS,general_fund_revenue,residual,"Local receipts — a residual: fees, permits, excise, fines, interest and rentals."
report_receipt,WOODSTOVEPERMITS,local,WOODSTOVE PERMITS,general_fund_revenue,residual,"Local receipts — a residual: fees, permits, excise, fines, interest and rentals."
report_receipt,PAYMENTINLIEUOFTAXES,local,PAYMENT IN LIEU OF TAXES,general_fund_revenue,residual,"Local receipts — a residual: fees, permits, excise, fines, interest and rentals."
report_receipt,FIREPERMITS,local,FIRE PERMITS,general_fund_revenue,residual,"Local receipts — a residual: fees, permits, excise, fines, interest and rentals."
report_receipt,POLICEPERMITS,local,POLICE PERMITS,general_fund_revenue,residual,"Local receipts — a residual: fees, permits, excise, fines, interest and rentals."
report_receipt,TRENCHPERMIT,local,TRENCH PERMIT,general_fund_revenue,residual,"Local receipts — a residual: fees, permits, excise, fines, interest and rentals."
report_receipt,POLICEREPORTFEES,local,POLICE REPORT FEES,general_fund_revenue,residual,"Local receipts — a residual: fees, permits, excise, fines, interest and rentals."
report_receipt,EARTHREMOVALPERMITS,local,EARTH REMOVAL PERMITS,general_fund_revenue,residual,"Local receipts — a residual: fees, permits, excise, fines, interest and rentals."
report_receipt,FIREREPORTFEES,local,FIRE REPORT FEES,general_fund_revenue,residual,"Local receipts — a residual: fees, permits, excise, fines, interest and rentals."
report_receipt,PEDDLERSLICENSE,local,PEDDLER'S LICENSE,general_fund_revenue,residual,"Local receipts — a residual: fees, permits, excise, fines, interest and rentals."
report_receipt,SPECIALDETAILADMINFEES,local,SPECIAL DETAIL ADMIN. FEES,general_fund_revenue,residual,"Local receipts — a residual: fees, permits, excise, fines, interest and rentals."
report_receipt,RAFFLESBAZAARS,local,RAFFLES & BAZAARS,general_fund_revenue,residual,"Local receipts — a residual: fees, permits, excise, fines, interest and rentals."
report_receipt,MUNICIPALLIENS,local,MUNICIPAL LIENS,general_fund_revenue,residual,"Local receipts — a residual: fees, permits, excise, fines, interest and rentals."
report_receipt,ROADOPENINGPERMITS,local,ROAD OPENING PERMITS,general_fund_revenue,residual,"Local receipts — a residual: fees, permits, excise, fines, interest and rentals."
report_receipt,CERTCOPYBIRTHDEATHMARRIAGE,local,"CERT COPY BIRTH, DEATH, MARRIAGE",general_fund_revenue,residual,"Local receipts — a residual: fees, permits, excise, fines, interest and rentals."
report_receipt,BUSINESSCERTIFICATE,local,BUSINESS CERTIFICATE,general_fund_revenue,residual,"Local receipts — a residual: fees, permits, excise, fines, interest and rentals."
report_receipt,RESIDENCYCERTIFICATE,local,RESIDENCY CERTIFICATE,general_fund_revenue,residual,"Local receipts — a residual: fees, permits, excise, fines, interest and rentals."
report_receipt,SPECIALELECTIONREIMB,local,SPECIAL ELECTION REIMB,general_fund_revenue,residual,"Local receipts — a residual: fees, permits, excise, fines, interest and rentals."
report_receipt,CERTIFICATEOFINSPECTION,local,CERTIFICATE OF INSPECTION,general_fund_revenue,residual,"Local receipts — a residual: fees, permits, excise, fines, interest and rentals."
report_receipt,STATEOWNEDLAND,state,STATE OWNED LAND,general_fund_revenue,outside,Cherry Sheet reimbursements — state aid paid against a local cost.
report_receipt,CABLETV,local,CABLE T.V.,general_fund_revenue,residual,"Local receipts — a residual: fees, permits, excise, fines, interest and rentals."
report_receipt,VETBLINDSURVIVINGSPOUSEABATEMENTS,state,VET/BLIND/SURVIVING SPOUSE ABATEMENTS,general_fund_revenue,outside,Cherry Sheet reimbursements — state aid paid against a local cost.
report_receipt,RELEASEFEES,local,RELEASE FEES,general_fund_revenue,residual,"Local receipts — a residual: fees, permits, excise, fines, interest and rentals."
report_receipt,ABATEMENTSELDERLY,local,ABATEMENTS ELDERLY,general_fund_revenue,residual,"Local receipts — a residual: fees, permits, excise, fines, interest and rentals."
report_receipt,SEALINGFEES,local,SEALING FEES,general_fund_revenue,residual,"Local receipts — a residual: fees, permits, excise, fines, interest and rentals."
report_receipt,CH70SCHOOLAID,state,CH 70 SCHOOL AID,general_fund_revenue,stated,Chapter 70 education aid.
report_receipt,PRESCHOOLTUITION,local,PRE-SCHOOL TUITION,general_fund_revenue,residual,"Local receipts — a residual: fees, permits, excise, fines, interest and rentals."
report_receipt,SEC2DCH29LOTTERYBEANO,state,"SEC 2D CH 29 LOTTERY, BEANO",general_fund_revenue,outside,Unrestricted general government aid — the Cherry Sheet lottery distribution.
report_receipt,BETTERMENTQUOTE,local,BETTERMENT QUOTE,general_fund_revenue,residual,"Local receipts — a residual: fees, permits, excise, fines, interest and rentals."
report_receipt,MSBAREIMBSCHOOL,state,MSBA REIMB-SCHOOL,general_fund_revenue,outside,Cherry Sheet reimbursements — state aid paid against a local cost.
report_receipt,SCHOOLTRANSPORTATION,local,SCHOOL TRANSPORTATION,general_fund_revenue,residual,"Local receipts — a residual: fees, permits, excise, fines, interest and rentals."
report_receipt,ZONINGINCENTIVEPAYMENT,local,ZONING INCENTIVE PAYMENT,general_fund_revenue,residual,"Local receipts — a residual: fees, permits, excise, fines, interest and rentals."
report_receipt,VETERANSBENEFITSREIMBURSEMENT,state,VETERANS BENEFITS REIMBURSEMENT,general_fund_revenue,outside,Cherry Sheet reimbursements — state aid paid against a local cost.
report_receipt,SUBDIVISIONFORMAFILINGFEES,local,SUBDIVISION/FORM A FILING FEES,general_fund_revenue,residual,"Local receipts — a residual: fees, permits, excise, fines, interest and rentals."
report_receipt,LOCALOPTIONMEALSTAX,local,LOCAL OPTION MEALS TAX,general_fund_revenue,residual,"Local receipts — a residual: fees, permits, excise, fines, interest and rentals."
report_receipt,PLANNINGBOARDFEESPERMITS,local,PLANNING BOARD FEES/PERMITS,general_fund_revenue,residual,"Local receipts — a residual: fees, permits, excise, fines, interest and rentals."
report_receipt,WETLANDSBYLAWS,local,WETLANDS BYLAWS,general_fund_revenue,residual,"Local receipts — a residual: fees, permits, excise, fines, interest and rentals."
report_receipt,STUDENTPARKINGFEES,local,STUDENT PARKING FEES,general_fund_revenue,residual,"Local receipts — a residual: fees, permits, excise, fines, interest and rentals."
report_receipt,TRAILERPARKS,local,TRAILER PARKS,general_fund_revenue,residual,"Local receipts — a residual: fees, permits, excise, fines, interest and rentals."
report_receipt,ZONINGBOARDFILINGFEES,local,ZONING BOARD FILING FEES,general_fund_revenue,residual,"Local receipts — a residual: fees, permits, excise, fines, interest and rentals."
report_receipt,RESCUEWAGON,local,RESCUE WAGON,general_fund_revenue,residual,"Local receipts — a residual: fees, permits, excise, fines, interest and rentals."
report_receipt,CEMETERIESBURIALS,local,CEMETERIES BURIALS,general_fund_revenue,residual,"Local receipts — a residual: fees, permits, excise, fines, interest and rentals."
report_receipt,MEADOWWOODSWATERPRINCIPAL,local,MEADOW WOODS WATER PRINCIPAL,general_fund_revenue,residual,"Local receipts — a residual: fees, permits, excise, fines, interest and rentals."
report_receipt,COPIERFEES,local,COPIER FEES,general_fund_revenue,residual,"Local receipts — a residual: fees, permits, excise, fines, interest and rentals."
report_receipt,MEADOWWOODSWATERINTEREST,local,MEADOW WOODS WATER INTEREST,general_fund_revenue,residual,"Local receipts — a residual: fees, permits, excise, fines, interest and rentals."
report_receipt,WETLANDSFILINGFEES,local,WETLANDS FILING FEES,general_fund_revenue,residual,"Local receipts — a residual: fees, permits, excise, fines, interest and rentals."
report_receipt,STREETBETTERMENTS,local,STREET BETTERMENTS,general_fund_revenue,residual,"Local receipts — a residual: fees, permits, excise, fines, interest and rentals."
report_receipt,WETLANDSADVERTISINGFEE,local,WETLANDS ADVERTISING FEE,general_fund_revenue,residual,"Local receipts — a residual: fees, permits, excise, fines, interest and rentals."
report_receipt,STREETBETTERMENTINTEREST,local,STREET BETTERMENT INTEREST,general_fund_revenue,residual,"Local receipts — a residual: fees, permits, excise, fines, interest and rentals."
report_receipt,CEMETERYWEEKENDBURIAL,local,CEMETERY WEEKEND BURIAL,general_fund_revenue,residual,"Local receipts — a residual: fees, permits, excise, fines, interest and rentals."
report_receipt,RESEARCHFEES,local,RESEARCH FEES,general_fund_revenue,residual,"Local receipts — a residual: fees, permits, excise, fines, interest and rentals."
report_receipt,POLELOCATIONS,local,POLE LOCATIONS,general_fund_revenue,residual,"Local receipts — a residual: fees, permits, excise, fines, interest and rentals."
report_receipt,PARKINGFINES,local,PARKING FINES,general_fund_revenue,residual,"Local receipts — a residual: fees, permits, excise, fines, interest and rentals."
report_receipt,BOARDINGOFDOGS,local,BOARDING OF DOGS,general_fund_revenue,residual,"Local receipts — a residual: fees, permits, excise, fines, interest and rentals."
report_receipt,COURTFINES,local,COURT FINES,general_fund_revenue,residual,"Local receipts — a residual: fees, permits, excise, fines, interest and rentals."
report_receipt,FORMOFINTENTBUSINESS,local,FORM OF INTENT-BUSINESS,general_fund_revenue,residual,"Local receipts — a residual: fees, permits, excise, fines, interest and rentals."
report_receipt,FIREDEPARTMENTFINES,local,FIRE DEPARTMENT FINES,general_fund_revenue,residual,"Local receipts — a residual: fees, permits, excise, fines, interest and rentals."
report_receipt,NETMETERINGCREDITS,local,NET METERING CREDITS,general_fund_revenue,residual,"Local receipts — a residual: fees, permits, excise, fines, interest and rentals."
report_receipt,MISCOVERSHORT,local,MISC OVER/SHORT,general_fund_revenue,residual,"Local receipts — a residual: fees, permits, excise, fines, interest and rentals."
report_receipt,BIDCHARGES,local,BID CHARGES,general_fund_revenue,residual,"Local receipts — a residual: fees, permits, excise, fines, interest and rentals."
report_receipt,SALEOFCOMPOSTINGBINS,onetime,SALE OF COMPOSTING BINS,general_fund_revenue,outside,Reserves and proceeds. Spendable once.
report_receipt,MECHANICALPERMITS,local,MECHANICAL PERMITS,general_fund_revenue,residual,"Local receipts — a residual: fees, permits, excise, fines, interest and rentals."
report_receipt,CHARTERTUITIONREIMBURSEMENT,state,CHARTER TUITION REIMBURSEMENT,general_fund_revenue,outside,Cherry Sheet reimbursements — state aid paid against a local cost.
report_receipt,SMARTGROWTHSCHOOLCOSTREIMB,state,SMART GROWTH SCHOOL COST REIMB,general_fund_revenue,outside,Cherry Sheet reimbursements — state aid paid against a local cost.
report_receipt,CEMETERYWEEKENDBURIALFEES,local,CEMETERY WEEKEND BURIAL FEES,general_fund_revenue,residual,"Local receipts — a residual: fees, permits, excise, fines, interest and rentals."
report_receipt,PREMIUMSALEOFBONDS,onetime,PREMIUM SALE OF BONDS,general_fund_revenue,outside,Reserves and proceeds. Spendable once.
report_receipt,SALEOFCOMPOSTINGBINSRAINBARRELS,onetime,SALE OF COMPOSTING BINS/RAIN BARRELS,general_fund_revenue,outside,Reserves and proceeds. Spendable once.
report_receipt,RENTALOFTURFFIELDFEES,local,RENTAL OF TURF FIELD FEES,general_fund_revenue,residual,"Local receipts — a residual: fees, permits, excise, fines, interest and rentals."
report_receipt,ONLINEFEES,local,ON-LINE FEES,general_fund_revenue,residual,"Local receipts — a residual: fees, permits, excise, fines, interest and rentals."
report_receipt,RAFFLESBAZAARPERMIT,local,RAFFLES/BAZAAR PERMIT,general_fund_revenue,residual,"Local receipts — a residual: fees, permits, excise, fines, interest and rentals."
report_receipt,CONSTABLEFEES,local,CONSTABLE FEES,general_fund_revenue,residual,"Local receipts — a residual: fees, permits, excise, fines, interest and rentals."
report_receipt,BUILDINGRENTALSOLARPANELS,local,BUILDING RENTAL - SOLAR PANELS,general_fund_revenue,residual,"Local receipts — a residual: fees, permits, excise, fines, interest and rentals."
report_receipt,RENTALOFOFFICESPACE,local,RENTAL OF OFFICE SPACE,general_fund_revenue,residual,"Local receipts — a residual: fees, permits, excise, fines, interest and rentals."
report_receipt,RECORDINGFEES,local,RECORDING FEES,general_fund_revenue,residual,"Local receipts — a residual: fees, permits, excise, fines, interest and rentals."
report_receipt,ERATEREIMBURSEMENT,local,E-RAT E REIMBURSEMENT,general_fund_revenue,residual,"Local receipts — a residual: fees, permits, excise, fines, interest and rentals."
report_receipt,STATEREVENUE,local,ST AT E REVENUE,general_fund_revenue,residual,"Local receipts — a residual: fees, permits, excise, fines, interest and rentals."
report_receipt,ABATEMENTSVETERANSBLINDSPOUSE,local,ABATEMENTS VETERANS/BLIND/SPOUSE,general_fund_revenue,residual,"Local receipts — a residual: fees, permits, excise, fines, interest and rentals."
report_receipt,SMARTGROWTH40S,state,SMART GROWTH 40S,general_fund_revenue,outside,Cherry Sheet reimbursements — state aid paid against a local cost.
report_receipt,UNRESTRICTEDGENLGOVTAID,state,UNRESTRICTED GEN'L GOVT AID,general_fund_revenue,outside,Unrestricted general government aid — the Cherry Sheet lottery distribution.
report_receipt,ROOMOCCUPANCYEXCISE,local,ROOM OCCUPANCY EXCISE,general_fund_revenue,residual,"Local receipts — a residual: fees, permits, excise, fines, interest and rentals."
report_receipt,LANDLEASE,local,LAND LEASE,general_fund_revenue,residual,"Local receipts — a residual: fees, permits, excise, fines, interest and rentals."
report_receipt,CONSERVATIONFINES,local,CONSERVATION FINES,general_fund_revenue,residual,"Local receipts — a residual: fees, permits, excise, fines, interest and rentals."
