dataset,fy,edition,page,panel,group,label,label_missing,kind,row_check,derived_cell,table_family,line_no,columns_as_printed,v1,v2,v3,v4,v5,v6,v7,v8,n_values,ruler_spanned,repaired_cells,unparsed_cells,column_meaning,status,reconciliation
enrollment_mcas,2011,FY2011,32,,,,,row,,,,,"Learning is reflective, creative, ongoing and takes place in all environments. | A successful school actively engages students and staff. All students have talents and can excel. | Professional growth",29,,,,,,,,1,,0,,,no check,no total printed
enrollment_mcas,2011,FY2011,48,1,,Students,,row,,,,,"Learning is reflective, creative, ongoing and takes place in all environments. | A successful school actively engages students and staff. All students have talents and can excel. | Professional growth",2009,2010,,,,,,,2,,0,,,no check,no total printed
enrollment_mcas,2011,FY2011,48,1,,Students           2009                      2011                 testeor,,row,,,,,"Learning is reflective, creative, ongoing and takes place in all environments. | A successful school actively engages students and staff. All students have talents and can excel. | Professional growth",318,,,,,,,,1,,0,,,no check,no total printed
enrollment_mcas,2011,FY2011,48,1,,Students,,row,,,,,"Learning is reflective, creative, ongoing and takes place in all environments. | A successful school actively engages students and staff. All students have talents and can excel. | Professional growth",2009,2010,2011,,,,,,3,,0,,,no check,no total printed
enrollment_mcas,2011,FY2011,52,,,,,row,,,,,"Learning is reflective, creative, ongoing and takes place in all environments. | A successful school actively engages students and staff. All students have talents and can excel. | Professional growth",49,,,,,,,,1,,0,,,no check,no total printed
enrollment_mcas,2012,FY2012,17,,,Confirmed,,row,,,,,Confirmed 25 | Communicable Disease Number of Cases | Campylbacter. ... 1 | Giardia.. 2 | ... Group B streptococcus... ..1 | Hepitits C. .4 | Influenza. .10 | Lyme Disease 5,,25,,,,,,,1,,0,,,no check,no total printed
enrollment_mcas,2012,FY2012,17,,,Giardia..,,row,,,,,Confirmed 25 | Communicable Disease Number of Cases | Campylbacter. ... 1 | Giardia.. 2 | ... Group B streptococcus... ..1 | Hepitits C. .4 | Influenza. .10 | Lyme Disease 5,,2,,,,,,,1,,0,,,no check,no total printed
enrollment_mcas,2012,FY2012,17,,,Lyme Disease,,row,,,,,Confirmed 25 | Communicable Disease Number of Cases | Campylbacter. ... 1 | Giardia.. 2 | ... Group B streptococcus... ..1 | Hepitits C. .4 | Influenza. .10 | Lyme Disease 5,,5,,,,,,,1,,0,,,no check,no total printed
enrollment_mcas,2012,FY2012,17,,Health Promotion,,,row,,,,,Confirmed 25 | Communicable Disease Number of Cases | Campylbacter. ... 1 | Giardia.. 2 | ... Group B streptococcus... ..1 | Hepitits C. .4 | Influenza. .10 | Lyme Disease 5,14,,,,,,,,1,,0,,,no check,no total printed
enrollment_mcas,2012,FY2012,18,,Health Promotion,,,row,,,,,Confirmed 25 | Communicable Disease Number of Cases | Campylbacter. ... 1 | Giardia.. 2 | ... Group B streptococcus... ..1 | Hepitits C. .4 | Influenza. .10 | Lyme Disease 5,15,,,,,,,,1,,0,,,no check,no total printed
enrollment_mcas,2012,FY2012,33,1,Health Promotion,"Enrollment: October 1, 2010 - October",,row,,,,,Confirmed 25 | Communicable Disease Number of Cases | Campylbacter. ... 1 | Giardia.. 2 | ... Group B streptococcus... ..1 | Hepitits C. .4 | Influenza. .10 | Lyme Disease 5,1,2012,,,,,,,2,,0,,,no check,no total printed
enrollment_mcas,2012,FY2012,33,1,Health Promotion,PK,,row,,,,,Confirmed 25 | Communicable Disease Number of Cases | Campylbacter. ... 1 | Giardia.. 2 | ... Group B streptococcus... ..1 | Hepitits C. .4 | Influenza. .10 | Lyme Disease 5,43,41,,,,,,,2,,0,,,no check,no total printed
enrollment_mcas,2012,FY2012,33,1,Health Promotion,K,,row,,,,,Confirmed 25 | Communicable Disease Number of Cases | Campylbacter. ... 1 | Giardia.. 2 | ... Group B streptococcus... ..1 | Hepitits C. .4 | Influenza. .10 | Lyme Disease 5,111,116,110,,,,,,3,,0,,,no check,no total printed
enrollment_mcas,2012,FY2012,33,1,Health Promotion,Ungraded,,row,,,,,Confirmed 25 | Communicable Disease Number of Cases | Campylbacter. ... 1 | Giardia.. 2 | ... Group B streptococcus... ..1 | Hepitits C. .4 | Influenza. .10 | Lyme Disease 5,6,6,,,,,,,2,,0,,,no check,no total printed
enrollment_mcas,2012,FY2012,43,,Health Promotion,,,row,,,,,Confirmed 25 | Communicable Disease Number of Cases | Campylbacter. ... 1 | Giardia.. 2 | ... Group B streptococcus... ..1 | Hepitits C. .4 | Influenza. .10 | Lyme Disease 5,40,,,,,,,,1,,0,,,no check,no total printed
enrollment_mcas,2012,FY2012,44,1,Health Promotion,English Language Ans,,row,,,,,Confirmed 25 | Communicable Disease Number of Cases | Campylbacter. ... 1 | Giardia.. 2 | ... Group B streptococcus... ..1 | Hepitits C. .4 | Influenza. .10 | Lyme Disease 5,2010,20111,2012,,,,,,3,,0,,,no check,no total printed
enrollment_mcas,2012,FY2012,44,1,Health Promotion,Students Tested,,row,,,,,Confirmed 25 | Communicable Disease Number of Cases | Campylbacter. ... 1 | Giardia.. 2 | ... Group B streptococcus... ..1 | Hepitits C. .4 | Influenza. .10 | Lyme Disease 5,351,358,361,,,,,,3,,0,,,no check,no total printed
enrollment_mcas,2012,FY2012,45,1,Health Promotion,Biology.,,row,,,,,Confirmed 25 | Communicable Disease Number of Cases | Campylbacter. ... 1 | Giardia.. 2 | ... Group B streptococcus... ..1 | Hepitits C. .4 | Influenza. .10 | Lyme Disease 5,2010,2011,2012,,,,,,3,,0,,,no check,no total printed
enrollment_mcas,2012,FY2012,45,1,Health Promotion,Students Tested,,row,,,,,Confirmed 25 | Communicable Disease Number of Cases | Campylbacter. ... 1 | Giardia.. 2 | ... Group B streptococcus... ..1 | Hepitits C. .4 | Influenza. .10 | Lyme Disease 5,383,362,361,,,,,,3,,0,,,no check,no total printed
enrollment_mcas,2012,FY2012,50,,Health Promotion,,,row,,,,,Confirmed 25 | Communicable Disease Number of Cases | Campylbacter. ... 1 | Giardia.. 2 | ... Group B streptococcus... ..1 | Hepitits C. .4 | Influenza. .10 | Lyme Disease 5,47,,,,,,,,1,,0,,,no check,no total printed
enrollment_mcas,2012,FY2012,51,,Health Promotion,,,row,,,,,Confirmed 25 | Communicable Disease Number of Cases | Campylbacter. ... 1 | Giardia.. 2 | ... Group B streptococcus... ..1 | Hepitits C. .4 | Influenza. .10 | Lyme Disease 5,48,,,,,,,,1,,0,,,no check,no total printed
enrollment_mcas,2013,FY2013,18,,Health Promotion,,,row,,,,,"Influenza... .11 | Lyme Disease 6 | : Salmonella.. 1 | Health Promotion | Skilled Nursing ....12 | Dental Health Department | Examination, Cleaning & Fluoride - Grades K, 2 & 4 | Nashoba's Registered ",15,,,,,,,,1,,0,,,no check,no total printed
enrollment_mcas,2013,FY2013,33,1,Health Promotion,Primary Total,,row,,,,,"Influenza... .11 | Lyme Disease 6 | : Salmonella.. 1 | Health Promotion | Skilled Nursing ....12 | Dental Health Department | Examination, Cleaning & Fluoride - Grades K, 2 & 4 | Nashoba's Registered ",517,4,0,521,,,,,4,,0,,,no check,no total printed
enrollment_mcas,2013,FY2013,33,1,Health Promotion,THMS Total,,row,,,,,"Influenza... .11 | Lyme Disease 6 | : Salmonella.. 1 | Health Promotion | Skilled Nursing ....12 | Dental Health Department | Examination, Cleaning & Fluoride - Grades K, 2 & 4 | Nashoba's Registered ",480,8,0,488,,,,,4,,0,,,no check,no total printed
enrollment_mcas,2013,FY2013,33,1,Health Promotion,Ungraded,,row,,,,,"Influenza... .11 | Lyme Disease 6 | : Salmonella.. 1 | Health Promotion | Skilled Nursing ....12 | Dental Health Department | Examination, Cleaning & Fluoride - Grades K, 2 & 4 | Nashoba's Registered ",5,0,5,,,,,,3,,0,,,no check,no total printed
enrollment_mcas,2013,FY2013,33,1,Health Promotion,LHS Total,,row,,,,,"Influenza... .11 | Lyme Disease 6 | : Salmonella.. 1 | Health Promotion | Skilled Nursing ....12 | Dental Health Department | Examination, Cleaning & Fluoride - Grades K, 2 & 4 | Nashoba's Registered ",554,32,593,,,,,,3,,0,,,no check,no total printed
enrollment_mcas,2013,FY2013,36,1,Health Promotion,Number of Students,,row,,,,,"Influenza... .11 | Lyme Disease 6 | : Salmonella.. 1 | Health Promotion | Skilled Nursing ....12 | Dental Health Department | Examination, Cleaning & Fluoride - Grades K, 2 & 4 | Nashoba's Registered ",20,60,38,2,,,,,4,,0,,,no check,no total printed
enrollment_mcas,2013,FY2013,36,1,Health Promotion,Number of Students,,row,,,,,"Influenza... .11 | Lyme Disease 6 | : Salmonella.. 1 | Health Promotion | Skilled Nursing ....12 | Dental Health Department | Examination, Cleaning & Fluoride - Grades K, 2 & 4 | Nashoba's Registered ",45,52,5,6,,,,,4,,0,,,no check,no total printed
enrollment_mcas,2013,FY2013,46,1,Health Promotion,ing site tugunge,,row,,,,,"Influenza... .11 | Lyme Disease 6 | : Salmonella.. 1 | Health Promotion | Skilled Nursing ....12 | Dental Health Department | Examination, Cleaning & Fluoride - Grades K, 2 & 4 | Nashoba's Registered ",2011,2012,2013,,,,,,3,,0,,,no check,no total printed
enrollment_mcas,2013,FY2013,46,1,Health Promotion,Arty                                                  Mathemanics,,row,,,,,"Influenza... .11 | Lyme Disease 6 | : Salmonella.. 1 | Health Promotion | Skilled Nursing ....12 | Dental Health Department | Examination, Cleaning & Fluoride - Grades K, 2 & 4 | Nashoba's Registered ",2011,12012,,,,,,,2,,0,,,no check,no total printed
enrollment_mcas,2013,FY2013,46,1,Health Promotion,358       361       352       Students Tested,,row,,,,,"Influenza... .11 | Lyme Disease 6 | : Salmonella.. 1 | Health Promotion | Skilled Nursing ....12 | Dental Health Department | Examination, Cleaning & Fluoride - Grades K, 2 & 4 | Nashoba's Registered ",358,360,352,,,,,,3,,0,,,no check,no total printed
enrollment_mcas,2013,FY2013,52,1,Health Promotion,"event culminated in a Local Awards Ceremony, held at the school on January",,row,,,,,"Influenza... .11 | Lyme Disease 6 | : Salmonella.. 1 | Health Promotion | Skilled Nursing ....12 | Dental Health Department | Examination, Cleaning & Fluoride - Grades K, 2 & 4 | Nashoba's Registered ",23,,,,,,,,1,,0,,,no check,no total printed
enrollment_mcas,2014,FY2014,99,,,,,page_number,"the page number, not a line of the table",,,,LUNENBURG PRIMARY SCHOOL | 2014-2015 | The Lunenburg Primary School is a child-centered school devoted to providing quality | early childhood education for all students. We are a community of teachers,99,,,,,,,,1,,0,,,no check,no total printed
enrollment_mcas,2014,FY2014,114,,,,,page_number,"the page number, not a line of the table",,,,LUNENBURG PRIMARY SCHOOL | 2014-2015 | The Lunenburg Primary School is a child-centered school devoted to providing quality | early childhood education for all students. We are a community of teachers,114,,,,,,,,1,,0,,,no check,no total printed
enrollment_mcas,2014,FY2014,116,1,,Students Tested                 361         352          364                 Students Tested,,row,,,,,LUNENBURG PRIMARY SCHOOL | 2014-2015 | The Lunenburg Primary School is a child-centered school devoted to providing quality | early childhood education for all students. We are a community of teachers,360,352,366,,,,,,3,,0,,,no check,no total printed
enrollment_mcas,2014,FY2014,116,1,,Biology,,row,,,,,LUNENBURG PRIMARY SCHOOL | 2014-2015 | The Lunenburg Primary School is a child-centered school devoted to providing quality | early childhood education for all students. We are a community of teachers,2012,2013,2014,,,,,,3,,0,,,no check,no total printed
enrollment_mcas,2014,FY2014,116,1,,Students Tested,,row,,,,,LUNENBURG PRIMARY SCHOOL | 2014-2015 | The Lunenburg Primary School is a child-centered school devoted to providing quality | early childhood education for all students. We are a community of teachers,361,398,351,,,,,,3,,0,,,no check,no total printed
enrollment_mcas,2014,FY2014,117,,,,,page_number,"the page number, not a line of the table",,,,LUNENBURG PRIMARY SCHOOL | 2014-2015 | The Lunenburg Primary School is a child-centered school devoted to providing quality | early childhood education for all students. We are a community of teachers,117,,,,,,,,1,,0,,,no check,no total printed
enrollment_mcas,2014,FY2014,120,,,,,page_number,"the page number, not a line of the table",,,,LUNENBURG PRIMARY SCHOOL | 2014-2015 | The Lunenburg Primary School is a child-centered school devoted to providing quality | early childhood education for all students. We are a community of teachers,120,,,,,,,,1,,0,,,no check,no total printed
enrollment_mcas,2014,FY2014,122,,,,,page_number,"the page number, not a line of the table",,,,LUNENBURG PRIMARY SCHOOL | 2014-2015 | The Lunenburg Primary School is a child-centered school devoted to providing quality | early childhood education for all students. We are a community of teachers,122,,,,,,,,1,,0,,,no check,no total printed
enrollment_mcas,2014,FY2014,123,1,,Jamary,,row,,,,,LUNENBURG PRIMARY SCHOOL | 2014-2015 | The Lunenburg Primary School is a child-centered school devoted to providing quality | early childhood education for all students. We are a community of teachers,29,,,,,,,,1,,0,,,no check,no total printed
enrollment_mcas,2014,FY2014,124,,,,,page_number,"the page number, not a line of the table",,,,LUNENBURG PRIMARY SCHOOL | 2014-2015 | The Lunenburg Primary School is a child-centered school devoted to providing quality | early childhood education for all students. We are a community of teachers,124,,,,,,,,1,,0,,,no check,no total printed
enrollment_mcas,2014,FY2014,127,,education and training.,,,page_number,"the page number, not a line of the table",,,,LUNENBURG PRIMARY SCHOOL | 2014-2015 | The Lunenburg Primary School is a child-centered school devoted to providing quality | early childhood education for all students. We are a community of teachers,127,,,,,,,,1,,0,,,no check,no total printed
enrollment_mcas,2014,FY2014,128,,education and training.,,,page_number,"the page number, not a line of the table",,,,LUNENBURG PRIMARY SCHOOL | 2014-2015 | The Lunenburg Primary School is a child-centered school devoted to providing quality | early childhood education for all students. We are a community of teachers,128,,,,,,,,1,,0,,,no check,no total printed
enrollment_mcas,2015,FY2015,101,1,,Enrollment – February,,row,,,,,trailing figures,19,2016,,,,,,,2,,0,,,no check,no total printed
enrollment_mcas,2015,FY2015,101,1,,PK,,subtotal,"subtotal: equals the 2 rows below it, in 2 of its columns",,,,trailing figures,42,0,0,42,,,,,4,,0,,,no check,no total printed
enrollment_mcas,2015,FY2015,101,1,,K,,row,,,,,trailing figures,105,0,0,105,,,,,4,,0,,,no check,no total printed
enrollment_mcas,2015,FY2015,101,1,,Primary Total,,row,,,,,trailing figures,516,0,0,516,,,,,4,,0,,,no check,no total printed
enrollment_mcas,2015,FY2015,101,1,,THMS Total,,row,,,,,trailing figures,506,14,0,520,,,,,4,,0,,,no check,no total printed
enrollment_mcas,2015,FY2015,101,1,,Ungraded,,row,,,,,trailing figures,6,0,0,6,,,,,4,,0,,,no check,no total printed
enrollment_mcas,2015,FY2015,101,1,,LHS Total,,row,,,,,trailing figures,519,38,2,559,,,,,4,,0,,,no check,no total printed
enrollment_mcas,2015,FY2015,106,1,,GRADE,,row,,,,,trailing figures,3,66,45,39,18,14,,,6,,0,,,no check,no total printed
enrollment_mcas,2015,FY2015,109,,,50%                                 70%                                 Math,,row,,,,,"109 | needs of our middle school students. | healthy decision making, empathy and communication as well bullying prevention to meet the intricate social | Second step developmental guidance program is",7,,,,,,,,1,,0,,,no check,no total printed
enrollment_mcas,2015,FY2015,109,,,51%                                  70%                                  ELA,,row,,,,,"109 | needs of our middle school students. | healthy decision making, empathy and communication as well bullying prevention to meet the intricate social | Second step developmental guidance program is",7,,,,,,,,1,,0,,,no check,no total printed
enrollment_mcas,2015,FY2015,109,,,62%                                 67%                                 Math,,row,,,,,"109 | needs of our middle school students. | healthy decision making, empathy and communication as well bullying prevention to meet the intricate social | Second step developmental guidance program is",6,,,,,,,,1,,0,,,no check,no total printed
enrollment_mcas,2015,FY2015,109,,,74%                                  ELA,,row,,,,,"109 | needs of our middle school students. | healthy decision making, empathy and communication as well bullying prevention to meet the intricate social | Second step developmental guidance program is",6,,,,,,,,1,,0,,,no check,no total printed
enrollment_mcas,2015,FY2015,109,,,63%                          Science/Tech,,row,,,,,"109 | needs of our middle school students. | healthy decision making, empathy and communication as well bullying prevention to meet the intricate social | Second step developmental guidance program is",5,,,,,,,,1,,0,,,no check,no total printed
enrollment_mcas,2015,FY2015,109,,,71%                                 Math,,row,,,,,"109 | needs of our middle school students. | healthy decision making, empathy and communication as well bullying prevention to meet the intricate social | Second step developmental guidance program is",5,,,,,,,,1,,0,,,no check,no total printed
enrollment_mcas,2015,FY2015,109,,,73%                                 ELA,,row,,,,,"109 | needs of our middle school students. | healthy decision making, empathy and communication as well bullying prevention to meet the intricate social | Second step developmental guidance program is",5,,,,,,,,1,,0,,,no check,no total printed
enrollment_mcas,2015,FY2015,109,,,46%                                 Math,,row,,,,,"109 | needs of our middle school students. | healthy decision making, empathy and communication as well bullying prevention to meet the intricate social | Second step developmental guidance program is",4,,,,,,,,1,,0,,,no check,no total printed
enrollment_mcas,2015,FY2015,109,,,57%                                  ELA,,row,,,,,"109 | needs of our middle school students. | healthy decision making, empathy and communication as well bullying prevention to meet the intricate social | Second step developmental guidance program is",4,,,,,,,,1,,0,,,no check,no total printed
enrollment_mcas,2015,FY2015,118,,,,,page_number,"the page number, not a line of the table",,,,"109 | needs of our middle school students. | healthy decision making, empathy and communication as well bullying prevention to meet the intricate social | Second step developmental guidance program is",118,,,,,,,,1,,0,,,no check,no total printed
enrollment_mcas,2015,FY2015,120,1,,Arts,,row,,,,,"109 | needs of our middle school students. | healthy decision making, empathy and communication as well bullying prevention to meet the intricate social | Second step developmental guidance program is",2013,2014,2015,,,,,,3,,0,,,no check,no total printed
enrollment_mcas,2015,FY2015,120,1,,Students Tested,,row,,,,,"109 | needs of our middle school students. | healthy decision making, empathy and communication as well bullying prevention to meet the intricate social | Second step developmental guidance program is",352,364,374,,,,,,3,,0,,,no check,no total printed
enrollment_mcas,2015,FY2015,120,1,,Mathematics,,row,,,,,"109 | needs of our middle school students. | healthy decision making, empathy and communication as well bullying prevention to meet the intricate social | Second step developmental guidance program is",2013,2014,2015,,,,,,3,,0,,,no check,no total printed
enrollment_mcas,2015,FY2015,120,1,,Students Tested,,row,,,,,"109 | needs of our middle school students. | healthy decision making, empathy and communication as well bullying prevention to meet the intricate social | Second step developmental guidance program is",352,366,375,,,,,,3,,0,,,no check,no total printed
enrollment_mcas,2015,FY2015,120,1,,Biology,,row,,,,,"109 | needs of our middle school students. | healthy decision making, empathy and communication as well bullying prevention to meet the intricate social | Second step developmental guidance program is",2013,2014,2015,,,,,,3,,0,,,no check,no total printed
enrollment_mcas,2015,FY2015,120,1,,Students Tested,,row,,,,,"109 | needs of our middle school students. | healthy decision making, empathy and communication as well bullying prevention to meet the intricate social | Second step developmental guidance program is",398,351,347,,,,,,3,,0,,,no check,no total printed
enrollment_mcas,2015,FY2015,126,,,,,page_number,"the page number, not a line of the table",,,,"109 | needs of our middle school students. | healthy decision making, empathy and communication as well bullying prevention to meet the intricate social | Second step developmental guidance program is",126,,,,,,,,1,,0,,,no check,no total printed
enrollment_mcas,2015,FY2015,127,,,,,page_number,"the page number, not a line of the table",,,,"109 | needs of our middle school students. | healthy decision making, empathy and communication as well bullying prevention to meet the intricate social | Second step developmental guidance program is",127,,,,,,,,1,,0,,,no check,no total printed
enrollment_mcas,2015,FY2015,128,1,,"Louisville, KY. from June 22 –",,row,,,,,"109 | needs of our middle school students. | healthy decision making, empathy and communication as well bullying prevention to meet the intricate social | Second step developmental guidance program is",27,,,,,,,,1,,0,,,no check,no total printed
enrollment_mcas,2015,FY2015,129,,,,,page_number,"the page number, not a line of the table",,,,"109 | needs of our middle school students. | healthy decision making, empathy and communication as well bullying prevention to meet the intricate social | Second step developmental guidance program is",129,,,,,,,,1,,0,,,no check,no total printed
enrollment_mcas,2015,FY2015,132,,school and students for years to come.,,,page_number,"the page number, not a line of the table",,,,"109 | needs of our middle school students. | healthy decision making, empathy and communication as well bullying prevention to meet the intricate social | Second step developmental guidance program is",132,,,,,,,,1,,0,,,no check,no total printed
enrollment_mcas,2015,FY2015,133,,school and students for years to come.,,,page_number,"the page number, not a line of the table",,,,"109 | needs of our middle school students. | healthy decision making, empathy and communication as well bullying prevention to meet the intricate social | Second step developmental guidance program is",133,,,,,,,,1,,0,,,no check,no total printed
enrollment_mcas,2016,FY2016,101,1,,Enrollment February,,row,,,,,trailing figures,15,2017,,,,,,,2,,0,,,no check,no total printed
enrollment_mcas,2016,FY2016,101,1,,PK,,row,,,,,trailing figures,51,0,51,,,,,,3,,0,,,no check,no total printed
enrollment_mcas,2016,FY2016,101,1,,K,,row,,,,,trailing figures,118,0,118,,,,,,3,,0,,,no check,no total printed
enrollment_mcas,2016,FY2016,101,1,,Primary Total,,row,,,,,trailing figures,403,0,403,,,,,,3,,0,,,no check,no total printed
enrollment_mcas,2016,FY2016,101,1,,Total,,subtotal,,,,,trailing figures,404,0,404,,,,,,3,,0,,,no check,no total printed
enrollment_mcas,2016,FY2016,101,1,,Total,,subtotal,,,,,trailing figures,381,11,392,,,,,,3,,0,,,no check,no total printed
enrollment_mcas,2016,FY2016,101,1,,Ungraded,,row,,,,,trailing figures,6,1,7,,,,,,3,,0,,,no check,no total printed
enrollment_mcas,2016,FY2016,101,1,,Total,,subtotal,,,,,trailing figures,401,37,438,,,,,,3,,0,,,no check,no total printed
enrollment_mcas,2016,FY2016,101,1,,Total,,subtotal,,,,,trailing figures,1589,48,1637,,,,,,3,,0,,,no check,no total printed
enrollment_mcas,2016,FY2016,111,,,,,page_number,"the page number, not a line of the table",,,,"111 | TURKEY HILL ELEMENTARY SCHOOL | With the completion of the new Middle High school, Turkey Hill has been reconfigured as an elementary | school for students in grades 3 -5. The staff includes a n",111,,,,,,,,1,,0,,,no check,no total printed
enrollment_mcas,2016,FY2016,111,,school for st,,,row,,,,,"111 | TURKEY HILL ELEMENTARY SCHOOL | With the completion of the new Middle High school, Turkey Hill has been reconfigured as an elementary | school for students in grades 3 -5. The staff includes a n",4,,,,,,,,1,,0,,,no check,no total printed
enrollment_mcas,2016,FY2016,111,,school for st,,,row,,,,,"111 | TURKEY HILL ELEMENTARY SCHOOL | With the completion of the new Middle High school, Turkey Hill has been reconfigured as an elementary | school for students in grades 3 -5. The staff includes a n",5,,,,,,,,1,,0,,,no check,no total printed
enrollment_mcas,2016,FY2016,111,,school for st,,,row,,,,,"111 | TURKEY HILL ELEMENTARY SCHOOL | With the completion of the new Middle High school, Turkey Hill has been reconfigured as an elementary | school for students in grades 3 -5. The staff includes a n",6,,,,,,,,1,,0,,,no check,no total printed
enrollment_mcas,2016,FY2016,111,,school for st,,,row,,,,,"111 | TURKEY HILL ELEMENTARY SCHOOL | With the completion of the new Middle High school, Turkey Hill has been reconfigured as an elementary | school for students in grades 3 -5. The staff includes a n",85,,,,,,,,1,,0,,,no check,no total printed
enrollment_mcas,2016,FY2016,111,,school for st,,,row,,,,,"111 | TURKEY HILL ELEMENTARY SCHOOL | With the completion of the new Middle High school, Turkey Hill has been reconfigured as an elementary | school for students in grades 3 -5. The staff includes a n",4,,,,,,,,1,,0,,,no check,no total printed
enrollment_mcas,2016,FY2016,111,,school for st,,,row,,,,,"111 | TURKEY HILL ELEMENTARY SCHOOL | With the completion of the new Middle High school, Turkey Hill has been reconfigured as an elementary | school for students in grades 3 -5. The staff includes a n",5,,,,,,,,1,,0,,,no check,no total printed
enrollment_mcas,2016,FY2016,111,,school for st,,,row,,,,,"111 | TURKEY HILL ELEMENTARY SCHOOL | With the completion of the new Middle High school, Turkey Hill has been reconfigured as an elementary | school for students in grades 3 -5. The staff includes a n",6,,,,,,,,1,,0,,,no check,no total printed
enrollment_mcas,2016,FY2016,111,,school for st,,,row,,,,,"111 | TURKEY HILL ELEMENTARY SCHOOL | With the completion of the new Middle High school, Turkey Hill has been reconfigured as an elementary | school for students in grades 3 -5. The staff includes a n",3,,,,,,,,1,,0,,,no check,no total printed
enrollment_mcas,2016,FY2016,111,,school for st,,,row,,,,,"111 | TURKEY HILL ELEMENTARY SCHOOL | With the completion of the new Middle High school, Turkey Hill has been reconfigured as an elementary | school for students in grades 3 -5. The staff includes a n",4,,,,,,,,1,,0,,,no check,no total printed
enrollment_mcas,2016,FY2016,111,,school for st,,,row,,,,,"111 | TURKEY HILL ELEMENTARY SCHOOL | With the completion of the new Middle High school, Turkey Hill has been reconfigured as an elementary | school for students in grades 3 -5. The staff includes a n",5,,,,,,,,1,,0,,,no check,no total printed
enrollment_mcas,2016,FY2016,111,,school for st,,,row,,,,,"111 | TURKEY HILL ELEMENTARY SCHOOL | With the completion of the new Middle High school, Turkey Hill has been reconfigured as an elementary | school for students in grades 3 -5. The staff includes a n",6,,,,,,,,1,,0,,,no check,no total printed
enrollment_mcas,2016,FY2016,117,,SCHOOL/COMMUNITY PARTNERSHIPS,,,page_number,"the page number, not a line of the table",,,,"111 | TURKEY HILL ELEMENTARY SCHOOL | With the completion of the new Middle High school, Turkey Hill has been reconfigured as an elementary | school for students in grades 3 -5. The staff includes a n",117,,,,,,,,1,,0,,,no check,no total printed
enrollment_mcas,2016,FY2016,123,,SCHOOL/COMMUNITY PARTNERSHIPS,,,page_number,"the page number, not a line of the table",,,,"111 | TURKEY HILL ELEMENTARY SCHOOL | With the completion of the new Middle High school, Turkey Hill has been reconfigured as an elementary | school for students in grades 3 -5. The staff includes a n",123,,,,,,,,1,,0,,,no check,no total printed
enrollment_mcas,2016,FY2016,125,1,SCHOOL/COMMUNITY PARTNERSHIPS,Arts,,row,,,,,"111 | TURKEY HILL ELEMENTARY SCHOOL | With the completion of the new Middle High school, Turkey Hill has been reconfigured as an elementary | school for students in grades 3 -5. The staff includes a n",2014,2015,2016,,,,,,3,,0,,,no check,no total printed
enrollment_mcas,2016,FY2016,125,1,SCHOOL/COMMUNITY PARTNERSHIPS,Students Tested,,row,,,,,"111 | TURKEY HILL ELEMENTARY SCHOOL | With the completion of the new Middle High school, Turkey Hill has been reconfigured as an elementary | school for students in grades 3 -5. The staff includes a n",364,374,349,,,,,,3,,0,,,no check,no total printed
enrollment_mcas,2016,FY2016,125,1,SCHOOL/COMMUNITY PARTNERSHIPS,Mathematics,,row,,,,,"111 | TURKEY HILL ELEMENTARY SCHOOL | With the completion of the new Middle High school, Turkey Hill has been reconfigured as an elementary | school for students in grades 3 -5. The staff includes a n",2014,2015,2016,,,,,,3,,0,,,no check,no total printed
enrollment_mcas,2016,FY2016,125,1,SCHOOL/COMMUNITY PARTNERSHIPS,Students Tested,,row,,,,,"111 | TURKEY HILL ELEMENTARY SCHOOL | With the completion of the new Middle High school, Turkey Hill has been reconfigured as an elementary | school for students in grades 3 -5. The staff includes a n",366,375,348,,,,,,3,,0,,,no check,no total printed
enrollment_mcas,2016,FY2016,125,1,SCHOOL/COMMUNITY PARTNERSHIPS,Biology,,row,,,,,"111 | TURKEY HILL ELEMENTARY SCHOOL | With the completion of the new Middle High school, Turkey Hill has been reconfigured as an elementary | school for students in grades 3 -5. The staff includes a n",2014,2015,2016,,,,,,3,,0,,,no check,no total printed
enrollment_mcas,2016,FY2016,125,1,SCHOOL/COMMUNITY PARTNERSHIPS,Students Tested,,row,,,,,"111 | TURKEY HILL ELEMENTARY SCHOOL | With the completion of the new Middle High school, Turkey Hill has been reconfigured as an elementary | school for students in grades 3 -5. The staff includes a n",351,347,345,,,,,,3,,0,,,no check,no total printed
enrollment_mcas,2016,FY2016,130,,Council on Aging.,,,page_number,"the page number, not a line of the table",,,,"111 | TURKEY HILL ELEMENTARY SCHOOL | With the completion of the new Middle High school, Turkey Hill has been reconfigured as an elementary | school for students in grades 3 -5. The staff includes a n",130,,,,,,,,1,,0,,,no check,no total printed
enrollment_mcas,2016,FY2016,131,,Council on Aging.,,,page_number,"the page number, not a line of the table",,,,"111 | TURKEY HILL ELEMENTARY SCHOOL | With the completion of the new Middle High school, Turkey Hill has been reconfigured as an elementary | school for students in grades 3 -5. The staff includes a n",131,,,,,,,,1,,0,,,no check,no total printed
enrollment_mcas,2016,FY2016,132,,Council on Aging.,,,page_number,"the page number, not a line of the table",,,,"111 | TURKEY HILL ELEMENTARY SCHOOL | With the completion of the new Middle High school, Turkey Hill has been reconfigured as an elementary | school for students in grades 3 -5. The staff includes a n",132,,,,,,,,1,,0,,,no check,no total printed
enrollment_mcas,2016,FY2016,133,,Council on Aging.,,,page_number,"the page number, not a line of the table",,,,"111 | TURKEY HILL ELEMENTARY SCHOOL | With the completion of the new Middle High school, Turkey Hill has been reconfigured as an elementary | school for students in grades 3 -5. The staff includes a n",133,,,,,,,,1,,0,,,no check,no total printed
enrollment_mcas,2016,FY2016,135,,Council on Aging.,,,page_number,"the page number, not a line of the table",,,,"111 | TURKEY HILL ELEMENTARY SCHOOL | With the completion of the new Middle High school, Turkey Hill has been reconfigured as an elementary | school for students in grades 3 -5. The staff includes a n",135,,,,,,,,1,,0,,,no check,no total printed
enrollment_mcas,2016,FY2016,136,,school-to-work transition upon graduation.,,,page_number,"the page number, not a line of the table",,,,"111 | TURKEY HILL ELEMENTARY SCHOOL | With the completion of the new Middle High school, Turkey Hill has been reconfigured as an elementary | school for students in grades 3 -5. The staff includes a n",136,,,,,,,,1,,0,,,no check,no total printed
enrollment_mcas,2016,FY2016,137,,school-to-work transition upon graduation.,,,page_number,"the page number, not a line of the table",,,,"111 | TURKEY HILL ELEMENTARY SCHOOL | With the completion of the new Middle High school, Turkey Hill has been reconfigured as an elementary | school for students in grades 3 -5. The staff includes a n",137,,,,,,,,1,,0,,,no check,no total printed
enrollment_mcas,2017,FY2017,99,1,,Enrollment February,,row,,,,,trailing figures,21,2018,,,,,,,2,,0,,,no check,no total printed
enrollment_mcas,2017,FY2017,99,1,,PK,,row,,,,,trailing figures,55,0,55,,,,,,3,,0,,,no check,no total printed
enrollment_mcas,2017,FY2017,99,1,,K,,row,,,,,trailing figures,107,0,107,,,,,,3,,0,,,no check,no total printed
enrollment_mcas,2017,FY2017,99,1,,Primary Total,,row,,,,,trailing figures,406,0,406,,,,,,3,,0,,,no check,no total printed
enrollment_mcas,2017,FY2017,99,1,,Elementary Total,,row,,,,,trailing figures,371,0,371,,,,,,3,,0,,,no check,no total printed
enrollment_mcas,2017,FY2017,99,1,,Middle School Total,,row,,,,,trailing figures,423,2,425,,,,,,3,,0,,,no check,no total printed
enrollment_mcas,2017,FY2017,99,1,,High School Total,,row,,,,,trailing figures,407,38,445,,,,,,3,,0,,,no check,no total printed
enrollment_mcas,2017,FY2017,99,1,,All Schools Total,,row,,,,,trailing figures,1617,41,1658,,,,,,3,,0,,,no check,no total printed
enrollment_mcas,2017,FY2017,109,,,• Increase to 70% the percent of Proficient or,,row,,,,,109 | exceeded the mark at 59%. | • Attain a two year average of 50% SGP in Math by the end of 5t* grade. We | Higher in Math. We are currently at 55%. 64% Grade 6 | • Increase to 70% the percent of P,2023,,,,,,,,1,,0,,,no check,no total printed
enrollment_mcas,2017,FY2017,109,,,using three measures:,,row,,,,,109 | exceeded the mark at 59%. | • Attain a two year average of 50% SGP in Math by the end of 5t* grade. We | Higher in Math. We are currently at 55%. 64% Grade 6 | • Increase to 70% the percent of P,2025,,,,,,,,1,,0,,,no check,no total printed
enrollment_mcas,2017,FY2017,109,,,Our academic priority is to increase student learning and,,row,,,,,109 | exceeded the mark at 59%. | • Attain a two year average of 50% SGP in Math by the end of 5t* grade. We | Higher in Math. We are currently at 55%. 64% Grade 6 | • Increase to 70% the percent of P,2026,,,,,,,,1,,0,,,no check,no total printed
enrollment_mcas,2017,FY2017,109,,,developing our own distinctive perspective as to how we,,row,,,,,109 | exceeded the mark at 59%. | • Attain a two year average of 50% SGP in Math by the end of 5t* grade. We | Higher in Math. We are currently at 55%. 64% Grade 6 | • Increase to 70% the percent of P,2026,,,,,,,,1,,0,,,no check,no total printed
enrollment_mcas,2017,FY2017,110,1,,5 xx N/A,,row,,,,,109 | exceeded the mark at 59%. | • Attain a two year average of 50% SGP in Math by the end of 5t* grade. We | Higher in Math. We are currently at 55%. 64% Grade 6 | • Increase to 70% the percent of P,64,54,,,,,,,2,,0,,,no check,no total printed
enrollment_mcas,2017,FY2017,126,1,,Total AP Students,,subtotal,,,,,109 | exceeded the mark at 59%. | • Attain a two year average of 50% SGP in Math by the end of 5t* grade. We | Higher in Math. We are currently at 55%. 64% Grade 6 | • Increase to 70% the percent of P,69,57,89,145,120,,,,5,,0,,,no check,no total printed
enrollment_mcas,2017,FY2017,126,1,,Number of AP Exams,,row,,,,,109 | exceeded the mark at 59%. | • Attain a two year average of 50% SGP in Math by the end of 5t* grade. We | Higher in Math. We are currently at 55%. 64% Grade 6 | • Increase to 70% the percent of P,69,62,116,187,148,,,,5,,0,,,no check,no total printed
enrollment_mcas,2017,FY2017,126,1,,Courses Offered,,row,,,,,109 | exceeded the mark at 59%. | • Attain a two year average of 50% SGP in Math by the end of 5t* grade. We | Higher in Math. We are currently at 55%. 64% Grade 6 | • Increase to 70% the percent of P,2,2,3,5,7,,,,5,,0,,,no check,no total printed
enrollment_mcas,2017,FY2017,131,1,,Plumbing: Nineteen students entered the Plumbing program at Monty Tech during the,,row,,,,,109 | exceeded the mark at 59%. | • Attain a two year average of 50% SGP in Math by the end of 5t* grade. We | Higher in Math. We are currently at 55%. 64% Grade 6 | • Increase to 70% the percent of P,2016,-2017,,,,,,,2,,0,,,no check,no total printed
enrollment_mcas,2017,FY2017,132,,,,,page_number,"the page number, not a line of the table",,,,109 | exceeded the mark at 59%. | • Attain a two year average of 50% SGP in Math by the end of 5t* grade. We | Higher in Math. We are currently at 55%. 64% Grade 6 | • Increase to 70% the percent of P,132,,,,,,,,1,,0,,,no check,no total printed
enrollment_mcas,2017,FY2017,133,,,,,row,,,,,109 | exceeded the mark at 59%. | • Attain a two year average of 50% SGP in Math by the end of 5t* grade. We | Higher in Math. We are currently at 55%. 64% Grade 6 | • Increase to 70% the percent of P,,166,,,,,,,1,,0,,,no check,no total printed
enrollment_mcas,2017,FY2017,133,,,,,row,,,,,109 | exceeded the mark at 59%. | • Attain a two year average of 50% SGP in Math by the end of 5t* grade. We | Higher in Math. We are currently at 55%. 64% Grade 6 | • Increase to 70% the percent of P,160,,,,,,,,1,,0,,,no check,no total printed
enrollment_mcas,2017,FY2017,133,,,,,row,,,,,109 | exceeded the mark at 59%. | • Attain a two year average of 50% SGP in Math by the end of 5t* grade. We | Higher in Math. We are currently at 55%. 64% Grade 6 | • Increase to 70% the percent of P,140,132,,,,,,,2,,0,,,no check,no total printed
enrollment_mcas,2017,FY2017,133,,,,,row,,,,,109 | exceeded the mark at 59%. | • Attain a two year average of 50% SGP in Math by the end of 5t* grade. We | Higher in Math. We are currently at 55%. 64% Grade 6 | • Increase to 70% the percent of P,123,,,,,,,,1,,0,,,no check,no total printed
enrollment_mcas,2017,FY2017,133,,,,,row,,,,,109 | exceeded the mark at 59%. | • Attain a two year average of 50% SGP in Math by the end of 5t* grade. We | Higher in Math. We are currently at 55%. 64% Grade 6 | • Increase to 70% the percent of P,104,101106,,,,,,,2,,0,,,no check,no total printed
enrollment_mcas,2017,FY2017,133,,,,,row,,,,,109 | exceeded the mark at 59%. | • Attain a two year average of 50% SGP in Math by the end of 5t* grade. We | Higher in Math. We are currently at 55%. 64% Grade 6 | • Increase to 70% the percent of P,64,,,,,,,,1,,0,• 2015-2016,,no check,no total printed
enrollment_mcas,2017,FY2017,133,,,,,row,,,,,109 | exceeded the mark at 59%. | • Attain a two year average of 50% SGP in Math by the end of 5t* grade. We | Higher in Math. We are currently at 55%. 64% Grade 6 | • Increase to 70% the percent of P,20,,,,,,,,1,,0,,,no check,no total printed
enrollment_mcas,2017,FY2017,133,,,,,row,,,,,109 | exceeded the mark at 59%. | • Attain a two year average of 50% SGP in Math by the end of 5t* grade. We | Higher in Math. We are currently at 55%. 64% Grade 6 | • Increase to 70% the percent of P,0,,,,,,,,1,,0,,,no check,no total printed
enrollment_mcas,2017,FY2017,133,,,Individual Education Plans (IEPs) and just under 100 students adhering to individualized Section 5,,row,,,,,109 | exceeded the mark at 59%. | • Attain a two year average of 50% SGP in Math by the end of 5t* grade. We | Higher in Math. We are currently at 55%. 64% Grade 6 | • Increase to 70% the percent of P,,4,,,,,,,1,yes,0,,,no check,no total printed
enrollment_mcas,2017,FY2017,133,,,,,page_number,"the page number, not a line of the table",,,,109 | exceeded the mark at 59%. | • Attain a two year average of 50% SGP in Math by the end of 5t* grade. We | Higher in Math. We are currently at 55%. 64% Grade 6 | • Increase to 70% the percent of P,133,,,,,,,,1,,0,,,no check,no total printed
enrollment_mcas,2017,FY2017,144,1,,District Total,,row,,,,,109 | exceeded the mark at 59%. | • Attain a two year average of 50% SGP in Math by the end of 5t* grade. We | Higher in Math. We are currently at 55%. 64% Grade 6 | • Increase to 70% the percent of P,1500,1496,-4,9077316,9194861,117545,,,6,,0,,,no check,no total printed
enrollment_mcas,2017,FY2017,144,1,,11 ASHBURNHAM                         58        58                   5.2%,,row,,,,,109 | exceeded the mark at 59%. | • Attain a two year average of 50% SGP in Math by the end of 5t* grade. We | Higher in Math. We are currently at 55%. 64% Grade 6 | • Increase to 70% the percent of P,400340,405012,4672,,,,,,3,,0,,,no check,no total printed
enrollment_mcas,2017,FY2017,144,1,,12 ASHBY                             37        34                   7.9%,,row,,,,,109 | exceeded the mark at 59%. | • Attain a two year average of 50% SGP in Math by the end of 5t* grade. We | Higher in Math. We are currently at 55%. 64% Grade 6 | • Increase to 70% the percent of P,309297,284043,-25254,,,,,,3,,0,,,no check,no total printed
enrollment_mcas,2017,FY2017,144,1,,15 ATHOL                              85        86                   5.1%,,row,,,,,109 | exceeded the mark at 59%. | • Attain a two year average of 50% SGP in Math by the end of 5t* grade. We | Higher in Math. We are currently at 55%. 64% Grade 6 | • Increase to 70% the percent of P,191478,205422,13944,,,,,,3,,0,,,no check,no total printed
enrollment_mcas,2017,FY2017,144,1,,21 BARRE                              37        42          5         5.2%,,row,,,,,109 | exceeded the mark at 59%. | • Attain a two year average of 50% SGP in Math by the end of 5t* grade. We | Higher in Math. We are currently at 55%. 64% Grade 6 | • Increase to 70% the percent of P,225548,272523,46975,,,,,,3,,0,,,no check,no total printed
enrollment_mcas,2017,FY2017,144,1,,97 FITCHBURG                        418        398        -20         6.5%,,row,,,,,109 | exceeded the mark at 59%. | • Attain a two year average of 50% SGP in Math by the end of 5t* grade. We | Higher in Math. We are currently at 55%. 64% Grade 6 | • Increase to 70% the percent of P,1687870,1584617,-103253,,,,,,3,,0,,,no check,no total printed
enrollment_mcas,2017,FY2017,144,1,,103 GARDNER                          153        163        10          6.1%,,row,,,,,109 | exceeded the mark at 59%. | • Attain a two year average of 50% SGP in Math by the end of 5t* grade. We | Higher in Math. We are currently at 55%. 64% Grade 6 | • Increase to 70% the percent of P,718012,789385,71373,,,,,,3,,0,,,no check,no total printed
enrollment_mcas,2017,FY2017,144,1,,125 HARVARD                             6                             0.7%,,row,,,,,109 | exceeded the mark at 59%. | • Attain a two year average of 50% SGP in Math by the end of 5t* grade. We | Higher in Math. We are currently at 55%. 64% Grade 6 | • Increase to 70% the percent of P,77729,90800,13071,,,,,,3,,0,,,no check,no total printed
enrollment_mcas,2017,FY2017,144,1,,134 HOLDEN                             65        73                   2.3%,,row,,,,,109 | exceeded the mark at 59%. | • Attain a two year average of 50% SGP in Math by the end of 5t* grade. We | Higher in Math. We are currently at 55%. 64% Grade 6 | • Increase to 70% the percent of P,597966,672614,74648,,,,,,3,,0,,,no check,no total printed
enrollment_mcas,2017,FY2017,144,1,,140 HUBBARDSTON                        71                            12.1%,,row,,,,,109 | exceeded the mark at 59%. | • Attain a two year average of 50% SGP in Math by the end of 5t* grade. We | Higher in Math. We are currently at 55%. 64% Grade 6 | • Increase to 70% the percent of P,567184,619789,52605,,,,,,3,,0,,,no check,no total printed
enrollment_mcas,2017,FY2017,144,1,,162 LUNENBURG                          91        92                   5.1%,,row,,,,,109 | exceeded the mark at 59%. | • Attain a two year average of 50% SGP in Math by the end of 5t* grade. We | Higher in Math. We are currently at 55%. 64% Grade 6 | • Increase to 70% the percent of P,824401,805318,-19083,,,,,,3,,0,,,no check,no total printed
enrollment_mcas,2017,FY2017,144,1,,234 PETERSHAM                           4         2         -2        1.6%,,row,,,,,109 | exceeded the mark at 59%. | • Attain a two year average of 50% SGP in Math by the end of 5t* grade. We | Higher in Math. We are currently at 55%. 64% Grade 6 | • Increase to 70% the percent of P,50068,24978,-25090,,,,,,3,,0,,,no check,no total printed
enrollment_mcas,2017,FY2017,144,1,,235 PHILLIPSTON                        19        26          7       10.6%,,row,,,,,109 | exceeded the mark at 59%. | • Attain a two year average of 50% SGP in Math by the end of 5t* grade. We | Higher in Math. We are currently at 55%. 64% Grade 6 | • Increase to 70% the percent of P,155159,198067,42908,,,,,,3,,0,,,no check,no total printed
enrollment_mcas,2017,FY2017,144,1,,241 PRINCETON                          23                   -3        4.4%,,row,,,,,109 | exceeded the mark at 59%. | • Attain a two year average of 50% SGP in Math by the end of 5t* grade. We | Higher in Math. We are currently at 55%. 64% Grade 6 | • Increase to 70% the percent of P,293310,258749,-34561,,,,,,3,,0,,,no check,no total printed
enrollment_mcas,2017,FY2017,144,1,,255 ROYALSTON                          19                   -4       10.5%,,row,,,,,109 | exceeded the mark at 59%. | • Attain a two year average of 50% SGP in Math by the end of 5t* grade. We | Higher in Math. We are currently at 55%. 64% Grade 6 | • Increase to 70% the percent of P,87950,77394,-10556,,,,,,3,,0,,,no check,no total printed
enrollment_mcas,2017,FY2017,144,1,,282 STERLING                           65        68          3        5.7%,,row,,,,,109 | exceeded the mark at 59%. | • Attain a two year average of 50% SGP in Math by the end of 5t* grade. We | Higher in Math. We are currently at 55%. 64% Grade 6 | • Increase to 70% the percent of P,736936,801647,64711,,,,,,3,,0,,,no check,no total printed
enrollment_mcas,2017,FY2017,144,1,,294 TEMPLETON                        112         97        -15        8.2%,,row,,,,,109 | exceeded the mark at 59%. | • Attain a two year average of 50% SGP in Math by the end of 5t* grade. We | Higher in Math. We are currently at 55%. 64% Grade 6 | • Increase to 70% the percent of P,640362,573987,-66375,,,,,,3,,0,,,no check,no total printed
enrollment_mcas,2017,FY2017,144,1,,328 WESTMINSTER                       82         74         8         6.0%,,row,,,,,109 | exceeded the mark at 59%. | • Attain a two year average of 50% SGP in Math by the end of 5t* grade. We | Higher in Math. We are currently at 55%. 64% Grade 6 | • Increase to 70% the percent of P,738093,691005,-47088,,,,,,3,,0,,,no check,no total printed
enrollment_mcas,2017,FY2017,144,1,,343 WINCHENDON                       155        165        10        10.7%,,row,,,,,109 | exceeded the mark at 59%. | • Attain a two year average of 50% SGP in Math by the end of 5t* grade. We | Higher in Math. We are currently at 55%. 64% Grade 6 | • Increase to 70% the percent of P,775613,839511,63898,,,,,,3,,0,,,no check,no total printed
enrollment_mcas,2017,FY2017,145,1,,ASHBURNHAM,,row,,,,,109 | exceeded the mark at 59%. | • Attain a two year average of 50% SGP in Math by the end of 5t* grade. We | Higher in Math. We are currently at 55%. 64% Grade 6 | • Increase to 70% the percent of P,58,58,1066,1036,,,,,4,,0,,,no check,no total printed
enrollment_mcas,2017,FY2017,145,1,,ASHBY,,row,,,,,109 | exceeded the mark at 59%. | • Attain a two year average of 50% SGP in Math by the end of 5t* grade. We | Higher in Math. We are currently at 55%. 64% Grade 6 | • Increase to 70% the percent of P,37,34,,464,443,,,,4,,0,,,no check,no total printed
enrollment_mcas,2017,FY2017,145,1,,ATHOL,,row,,,,,109 | exceeded the mark at 59%. | • Attain a two year average of 50% SGP in Math by the end of 5t* grade. We | Higher in Math. We are currently at 55%. 64% Grade 6 | • Increase to 70% the percent of P,85,86,1,1570,1504,,,,5,,0,,,no check,no total printed
enrollment_mcas,2017,FY2017,145,1,,BARRE,,row,,,,,109 | exceeded the mark at 59%. | • Attain a two year average of 50% SGP in Math by the end of 5t* grade. We | Higher in Math. We are currently at 55%. 64% Grade 6 | • Increase to 70% the percent of P,37,42,5,826,816,,,,5,,0,,,no check,no total printed
enrollment_mcas,2017,FY2017,145,1,,FITCHBURG,,row,,,,,109 | exceeded the mark at 59%. | • Attain a two year average of 50% SGP in Math by the end of 5t* grade. We | Higher in Math. We are currently at 55%. 64% Grade 6 | • Increase to 70% the percent of P,418,398,,5966,6156,190,,,5,,0,,,no check,no total printed
enrollment_mcas,2017,FY2017,145,1,,GARDNER,,row,,,,,109 | exceeded the mark at 59%. | • Attain a two year average of 50% SGP in Math by the end of 5t* grade. We | Higher in Math. We are currently at 55%. 64% Grade 6 | • Increase to 70% the percent of P,153,163,10,2619,2581,,,,5,,0,,,no check,no total printed
enrollment_mcas,2017,FY2017,145,1,,HARVARD,,row,,,,,109 | exceeded the mark at 59%. | • Attain a two year average of 50% SGP in Math by the end of 5t* grade. We | Higher in Math. We are currently at 55%. 64% Grade 6 | • Increase to 70% the percent of P,6,8,2,1033,1011,,,,5,,0,,,no check,no total printed
enrollment_mcas,2017,FY2017,145,1,,HOLDEN,,row,,,,,109 | exceeded the mark at 59%. | • Attain a two year average of 50% SGP in Math by the end of 5t* grade. We | Higher in Math. We are currently at 55%. 64% Grade 6 | • Increase to 70% the percent of P,65,73,8,3117,3059,,,,5,,0,,,no check,no total printed
enrollment_mcas,2017,FY2017,145,1,,HUBBARDSTON,,row,,,,,109 | exceeded the mark at 59%. | • Attain a two year average of 50% SGP in Math by the end of 5t* grade. We | Higher in Math. We are currently at 55%. 64% Grade 6 | • Increase to 70% the percent of P,71,75,4,628,629,1,,,6,,0,,,no check,no total printed
enrollment_mcas,2017,FY2017,145,1,,LUNENBURG,,row,,,,,109 | exceeded the mark at 59%. | • Attain a two year average of 50% SGP in Math by the end of 5t* grade. We | Higher in Math. We are currently at 55%. 64% Grade 6 | • Increase to 70% the percent of P,92,1,1704,1645,,,,,4,,0,,,no check,no total printed
enrollment_mcas,2017,FY2017,145,1,,PETERSHAM,,row,,,,,109 | exceeded the mark at 59%. | • Attain a two year average of 50% SGP in Math by the end of 5t* grade. We | Higher in Math. We are currently at 55%. 64% Grade 6 | • Increase to 70% the percent of P,4,2,,124,107,,,,4,,0,,,no check,no total printed
enrollment_mcas,2017,FY2017,145,1,,PHILLIPSTON,,row,,,,,109 | exceeded the mark at 59%. | • Attain a two year average of 50% SGP in Math by the end of 5t* grade. We | Higher in Math. We are currently at 55%. 64% Grade 6 | • Increase to 70% the percent of P,19,26,7,213,203,,,,5,,0,,,no check,no total printed
enrollment_mcas,2017,FY2017,145,1,,PRINCETON,,row,,,,,109 | exceeded the mark at 59%. | • Attain a two year average of 50% SGP in Math by the end of 5t* grade. We | Higher in Math. We are currently at 55%. 64% Grade 6 | • Increase to 70% the percent of P,23,20,,486,556,70,,,5,,0,,,no check,no total printed
enrollment_mcas,2017,FY2017,145,1,,ROYALSTON,,row,,,,,109 | exceeded the mark at 59%. | • Attain a two year average of 50% SGP in Math by the end of 5t* grade. We | Higher in Math. We are currently at 55%. 64% Grade 6 | • Increase to 70% the percent of P,19,15,,126,137,11,,,5,,0,,,no check,no total printed
enrollment_mcas,2017,FY2017,145,1,,STERLING,,row,,,,,109 | exceeded the mark at 59%. | • Attain a two year average of 50% SGP in Math by the end of 5t* grade. We | Higher in Math. We are currently at 55%. 64% Grade 6 | • Increase to 70% the percent of P,65,68,3,1205,1194,,,,5,,0,,,no check,no total printed
enrollment_mcas,2017,FY2017,145,1,,TEMPLETON,,row,,,,,109 | exceeded the mark at 59%. | • Attain a two year average of 50% SGP in Math by the end of 5t* grade. We | Higher in Math. We are currently at 55%. 64% Grade 6 | • Increase to 70% the percent of P,112,97,,1049,964,,,,4,,0,,,no check,no total printed
enrollment_mcas,2017,FY2017,145,1,,WESTMINSTER,,row,,,,,109 | exceeded the mark at 59%. | • Attain a two year average of 50% SGP in Math by the end of 5t* grade. We | Higher in Math. We are currently at 55%. 64% Grade 6 | • Increase to 70% the percent of P,82,74,,1172,1178,6,,,5,,0,,,no check,no total printed
enrollment_mcas,2017,FY2017,145,1,,WINCHENDON,,row,,,,,109 | exceeded the mark at 59%. | • Attain a two year average of 50% SGP in Math by the end of 5t* grade. We | Higher in Math. We are currently at 55%. 64% Grade 6 | • Increase to 70% the percent of P,155,165,10,1518,1492,,,,5,,0,,,no check,no total printed
enrollment_mcas,2017,FY2017,145,1,,TOTAL IN DISTRICT,,subtotal,,,,,109 | exceeded the mark at 59%. | • Attain a two year average of 50% SGP in Math by the end of 5t* grade. We | Higher in Math. We are currently at 55%. 64% Grade 6 | • Increase to 70% the percent of P,1500,1496,,24886,24711,,,,4,,0,,,no check,no total printed
enrollment_mcas,2017,FY2017,145,1,,TOTAL OUT-OF-DISTRIC,,subtotal,,,,,109 | exceeded the mark at 59%. | • Attain a two year average of 50% SGP in Math by the end of 5t* grade. We | Higher in Math. We are currently at 55%. 64% Grade 6 | • Increase to 70% the percent of P,20,13,,,,,,,2,,0,,,no check,no total printed
enrollment_mcas,2017,FY2017,145,1,,TOTAL ENROLLMENT,,subtotal,,,,,109 | exceeded the mark at 59%. | • Attain a two year average of 50% SGP in Math by the end of 5t* grade. We | Higher in Math. We are currently at 55%. 64% Grade 6 | • Increase to 70% the percent of P,1520,1509,,,,,,,2,,0,,,no check,no total printed
enrollment_mcas,2018,FY2018,112,1,,PK,,row,,,,,trailing figures,47,47,,,,,,,2,,0,,,no check,no total printed
enrollment_mcas,2018,FY2018,112,1,,Primary Total,,row,,,,,trailing figures,428,428,,,,,,,2,,0,,,no check,no total printed
enrollment_mcas,2018,FY2018,112,1,,Elementary Total,,row,,,,,trailing figures,373,373,,,,,,,2,,0,,,no check,no total printed
enrollment_mcas,2018,FY2018,125,1,,6       ELA                   50%            51%,,row,,,,,trailing figures,-1,50,,,,,,,2,,0,,,no check,no total printed
enrollment_mcas,2018,FY2018,137,,,,,row,,,,,2017-2018 Total Enrollment By Town | 400 | 350 335 | 300 | 250 | 200 169 154 | 150 | 100 88,400,,,,,,,,1,,0,,,no check,no total printed
enrollment_mcas,2018,FY2018,137,,,,,row,,,,,2017-2018 Total Enrollment By Town | 400 | 350 335 | 300 | 250 | 200 169 154 | 150 | 100 88,300,,,,,,,,1,,0,,,no check,no total printed
enrollment_mcas,2018,FY2018,137,,,,,row,,,,,2017-2018 Total Enrollment By Town | 400 | 350 335 | 300 | 250 | 200 169 154 | 150 | 100 88,250,,,,,,,,1,,0,,,no check,no total printed
enrollment_mcas,2018,FY2018,137,,,,,row,,,,,2017-2018 Total Enrollment By Town | 400 | 350 335 | 300 | 250 | 200 169 154 | 150 | 100 88,150,,,,,,,,1,,0,,,no check,no total printed
enrollment_mcas,2018,FY2018,137,,,,,page_number,"the page number, not a line of the table",,,,2017-2018 Total Enrollment By Town | 400 | 350 335 | 300 | 250 | 200 169 154 | 150 | 100 88,137,,,,,,,,1,,0,,,no check,no total printed
enrollment_mcas,2018,FY2018,139,1,,Total AP Students,,subtotal,,,,,2017-2018 Total Enrollment By Town | 400 | 350 335 | 300 | 250 | 200 169 154 | 150 | 100 88,69,57,89,145,120,135,,,6,,0,,,no check,no total printed
enrollment_mcas,2018,FY2018,139,1,,Number of AP Exams,,row,,,,,2017-2018 Total Enrollment By Town | 400 | 350 335 | 300 | 250 | 200 169 154 | 150 | 100 88,69,62,116,187,148,133,,,6,,0,,,no check,no total printed
enrollment_mcas,2018,FY2018,139,1,,Courses Offered,,row,,,,,2017-2018 Total Enrollment By Town | 400 | 350 335 | 300 | 250 | 200 169 154 | 150 | 100 88,2,2,3,5,7,7,,,6,,0,,,no check,no total printed
enrollment_mcas,2018,FY2018,143,1,,53 5B,,row,,,,,2017-2018 Total Enrollment By Town | 400 | 350 335 | 300 | 250 | 200 169 154 | 150 | 100 88,58,80,,,,,,,2,,0,,,no check,no total printed
enrollment_mcas,2019,FY2019,116,1,,PK,,row,,,,,trailing figures,47,0,47,,,,,,3,,0,,,no check,no total printed
enrollment_mcas,2019,FY2019,116,1,,K,,row,,,,,trailing figures,126,0,126,,,,,,3,,0,,,no check,no total printed
enrollment_mcas,2019,FY2019,116,1,,Primary Total,,row,,,,,trailing figures,438,0,438,,,,,,3,,0,,,no check,no total printed
enrollment_mcas,2019,FY2019,116,1,,Elementary Total,,row,,,,,trailing figures,363,0,363,,,,,,3,,0,,,no check,no total printed
enrollment_mcas,2019,FY2019,116,1,,Middle School Total,,row,,,,,trailing figures,408,2,408,,,,,,3,,0,,,no check,no total printed
enrollment_mcas,2019,FY2019,116,1,,High School Total,,row,,,,,trailing figures,414,36,450,,,,,,3,,0,,,no check,no total printed
enrollment_mcas,2019,FY2019,116,1,,Advanced Community,,row,,,,,trailing figures,3,3,,,,,,,2,,0,,,no check,no total printed
enrollment_mcas,2019,FY2019,116,1,,All Schools Total,,row,,,,,trailing figures,1626,36,1662,,,,,,3,,0,,,no check,no total printed
enrollment_mcas,2019,FY2019,129,1,,7                ELA              47%        48%,,row,,,,,trailing figures,-1,,,,,,,,1,,0,,,no check,no total printed
enrollment_mcas,2019,FY2019,134,,,,,row,,,,,school's percentile is ranked in the 69'h percentile. We are very proud of the work that our students and | teachers have done to prepare for the MCAS test. While we are recognized as a high performin,132,,,,,,,,1,,0,,,no check,no total printed
enrollment_mcas,2019,FY2019,140,,,,,row,,,,,school's percentile is ranked in the 69'h percentile. We are very proud of the work that our students and | teachers have done to prepare for the MCAS test. While we are recognized as a high performin,1,,,,,,,,1,,0,,,no check,no total printed
enrollment_mcas,2019,FY2019,140,,,,,row,,,,,school's percentile is ranked in the 69'h percentile. We are very proud of the work that our students and | teachers have done to prepare for the MCAS test. While we are recognized as a high performin,138,,,,,,,,1,,0,,,no check,no total printed
enrollment_mcas,2019,FY2019,142,1,,MT AP Courses,,row,,,,,school's percentile is ranked in the 69'h percentile. We are very proud of the work that our students and | teachers have done to prepare for the MCAS test. While we are recognized as a high performin,3,5,6,7,7,,,,5,,0,,,no check,no total printed
enrollment_mcas,2019,FY2019,142,1,,MT AP Student Enrollment,,row,,,,,school's percentile is ranked in the 69'h percentile. We are very proud of the work that our students and | teachers have done to prepare for the MCAS test. While we are recognized as a high performin,99,188,151,135,157,,,,5,,0,,,no check,no total printed
enrollment_mcas,2019,FY2019,142,1,,AP Test Takers,,row,,,,,school's percentile is ranked in the 69'h percentile. We are very proud of the work that our students and | teachers have done to prepare for the MCAS test. While we are recognized as a high performin,89,145,120,95,111,,,,5,,0,,,no check,no total printed
enrollment_mcas,2019,FY2019,142,1,,Total # of AP Exams,,subtotal,,,,,school's percentile is ranked in the 69'h percentile. We are very proud of the work that our students and | teachers have done to prepare for the MCAS test. While we are recognized as a high performin,116,187,148,134,146,,,,5,,0,,,no check,no total printed
enrollment_mcas,2020,FY2020,104,1,,presented to the Lunenburg School Committee on August,,row,,,,,trailing figures,5,,,,,,,,1,,0,,,no check,no total printed
enrollment_mcas,2020,FY2020,104,1,,PK,,row,,,,,trailing figures,36,36,,,,,,,2,,0,,,no check,no total printed
enrollment_mcas,2020,FY2020,104,1,,K,,row,,,,,trailing figures,108,0,108,,,,,,3,,0,,,no check,no total printed
enrollment_mcas,2020,FY2020,104,1,,Primary Total,,row,,,,,trailing figures,389,0,389,,,,,,3,,0,,,no check,no total printed
enrollment_mcas,2020,FY2020,104,1,,Elementary Total,,row,,,,,trailing figures,345,0,345,,,,,,3,,0,,,no check,no total printed
enrollment_mcas,2020,FY2020,104,1,,Middle School Total,,row,,,,,trailing figures,390,2,390,,,,,,3,,0,,,no check,no total printed
enrollment_mcas,2020,FY2020,104,1,,High School Total,,row,,,,,trailing figures,457,23,480,,,,,,3,,0,,,no check,no total printed
enrollment_mcas,2020,FY2020,104,1,,Advanced Community,,row,,,,,trailing figures,8,8,,,,,,,2,,0,,,no check,no total printed
enrollment_mcas,2020,FY2020,104,1,,All Schools Total,,row,,,,,trailing figures,1589,23,1612,,,,,,3,,0,,,no check,no total printed
enrollment_mcas,2021,FY2021,103,1,,Primary Total,,row,,,,,trailing figures,378,0,378,,,,,,3,,0,,,no check,no total printed
enrollment_mcas,2021,FY2021,103,1,,Elementary Total,,row,,,,,trailing figures,343,343,,,,,,,2,,0,,,no check,no total printed
enrollment_mcas,2021,FY2021,103,1,,Middle School Total,,row,,,,,trailing figures,386,386,,,,,,,2,,0,,,no check,no total printed
enrollment_mcas,2021,FY2021,103,1,,High School Total,,row,,,,,trailing figures,450,23,473,,,,,,3,,0,,,no check,no total printed
enrollment_mcas,2021,FY2021,103,1,,Advanced Community,,row,,,,,trailing figures,7,0,7,,,,,,3,,0,,,no check,no total printed
enrollment_mcas,2021,FY2021,103,1,,All Schools Total,,subtotal,"subtotal: equals the 5 rows above it, in 2 of its columns",,,,trailing figures,1564,23,1587,,,,,,3,,0,,,no check,no total printed
enrollment_mcas,2021,FY2021,106,1,,"students ages 18-22 years old, had 3 students enrolled last year. Additionally, from the March",,row,,,,,trailing figures,1,2021,,,,,,,2,,0,,,no check,no total printed
enrollment_mcas,2021,FY2021,117,1,,Grade 7 ELA,,row,,,,,trailing figures,47,43,,,,,,,2,,0,,,no check,no total printed
enrollment_mcas,2021,FY2021,117,1,,Grade 7 Math,,row,,,,,trailing figures,34,35,,,,,,,2,,0,,,no check,no total printed
enrollment_mcas,2021,FY2021,117,1,,Grade 8 ELA,,row,,,,,trailing figures,47,41,,,,,,,2,,0,,,no check,no total printed
enrollment_mcas,2021,FY2021,117,1,,Grade 8 Math,,row,,,,,trailing figures,38,32,,,,,,,2,,0,,,no check,no total printed
enrollment_mcas,2021,FY2021,117,1,,Grade 8 Sci/Tech/Eng,,row,,,,,trailing figures,63,41,,,,,,,2,,0,,,no check,no total printed
enrollment_mcas,2021,FY2021,119,,,,,row,,,,,"instruction our school community has become accustomed to. Since that time, we have participated in fully | remote learning, hybrid model of learning, and in August of 2021, we returned to a full in p",118,,,,,,,,1,,0,,,no check,no total printed
enrollment_mcas,2021,FY2021,126,1,,"Placement exams, and students enrolled in AP courses",,row,,,,,"instruction our school community has become accustomed to. Since that time, we have participated in fully | remote learning, hybrid model of learning, and in August of 2021, we returned to a full in p",2017,2018,2019,2020,2021,,,,5,,0,,,no check,no total printed
enrollment_mcas,2021,FY2021,126,1,,MT AP Courses,,row,,,,,"instruction our school community has become accustomed to. Since that time, we have participated in fully | remote learning, hybrid model of learning, and in August of 2021, we returned to a full in p",6,7,7,7,,,,,4,,0,,,no check,no total printed
enrollment_mcas,2021,FY2021,126,1,,MT AP Student Enrollment,,row,,,,,"instruction our school community has become accustomed to. Since that time, we have participated in fully | remote learning, hybrid model of learning, and in August of 2021, we returned to a full in p",151,135,157,179,187,,,,5,,0,,,no check,no total printed
enrollment_mcas,2021,FY2021,126,1,,AP Test Takers,,row,,,,,"instruction our school community has become accustomed to. Since that time, we have participated in fully | remote learning, hybrid model of learning, and in August of 2021, we returned to a full in p",120,95,111,146,188,,,,5,,0,,,no check,no total printed
enrollment_mcas,2021,FY2021,126,1,,Total # of AP Exams,,subtotal,,,,,"instruction our school community has become accustomed to. Since that time, we have participated in fully | remote learning, hybrid model of learning, and in August of 2021, we returned to a full in p",148,134,146,106,140,,,,5,,0,,,no check,no total printed
enrollment_mcas,2022,FY2022,102,1,,PK,,row,,,,,trailing figures,47,0,47,,,,,,3,,0,,,no check,no total printed
enrollment_mcas,2022,FY2022,102,1,,K,,row,,,,,trailing figures,109,0,109,,,,,,3,,0,,,no check,no total printed
enrollment_mcas,2022,FY2022,102,1,,Primary Total,,row,,,,,trailing figures,393,0,393,,,,,,3,,0,,,no check,no total printed
enrollment_mcas,2022,FY2022,102,1,,Elementary Total,,row,,,,,trailing figures,360,0,360,,,,,,3,,0,,,no check,no total printed
enrollment_mcas,2022,FY2022,102,1,,Middle School Total,,row,,,,,trailing figures,382,0,382,,,,,,3,,0,,,no check,no total printed
enrollment_mcas,2022,FY2022,102,1,,High School Total,,row,,,,,trailing figures,437,26,463,,,,,,3,,0,,,no check,no total printed
enrollment_mcas,2022,FY2022,102,1,,Advanced Community,,row,,,,,trailing figures,5,0,5,,,,,,3,,0,,,no check,no total printed
enrollment_mcas,2022,FY2022,102,1,,All Schools Total,,subtotal,"subtotal: equals the 5 rows above it, in 3 of its columns",,,,trailing figures,1577,26,1603,,,,,,3,,0,,,no check,no total printed
enrollment_mcas,2022,FY2022,113,1,,Grade 6 ELA,,row,,,,,trailing figures,42,41,,,,,,,2,,0,,,no check,no total printed
enrollment_mcas,2022,FY2022,113,1,,Grade 6 Math,,row,,,,,trailing figures,53,42,,,,,,,2,,0,,,no check,no total printed
enrollment_mcas,2022,FY2022,113,1,,Grade 7 ELA,,row,,,,,trailing figures,49,41,,,,,,,2,,0,,,no check,no total printed
enrollment_mcas,2022,FY2022,113,1,,Grade 7 Math,,row,,,,,trailing figures,43,37,,,,,,,2,,0,,,no check,no total printed
enrollment_mcas,2022,FY2022,113,1,,Grade 8 ELA,,row,,,,,trailing figures,40,42,,,,,,,2,,0,,,no check,no total printed
enrollment_mcas,2022,FY2022,113,1,,Grade 8 Math,,row,,,,,trailing figures,46,39,,,,,,,2,,0,,,no check,no total printed
enrollment_mcas,2022,FY2022,113,1,,Grade 8 Sci/Tech/Eng,,row,,,,,trailing figures,64,42,,,,,,,2,,0,,,no check,no total printed
enrollment_mcas,2022,FY2022,115,,,,,page_number,"the page number, not a line of the table",,,,"Lunenburg High School | Lunenburg High School and its faculty continue to focus on rigorous curriculum, high standards and opportunities for | students, both academic and extracurricular, so that ever",115,,,,,,,,1,,0,,,no check,no total printed
enrollment_mcas,2023,FY2023,118,1,,PK,,row,,,,,trailing figures,48,0,48,,,,,,3,,0,,,no check,no total printed
enrollment_mcas,2023,FY2023,118,1,,K,,row,,,,,trailing figures,107,0,107,,,,,,3,,0,,,no check,no total printed
enrollment_mcas,2023,FY2023,118,1,,Primary Total,,row,,,,,trailing figures,394,0,394,,,,,,3,,0,,,no check,no total printed
enrollment_mcas,2023,FY2023,118,1,,Elementary Total,,row,,,,,trailing figures,372,0,372,,,,,,3,,0,,,no check,no total printed
enrollment_mcas,2023,FY2023,118,1,,Middle School Total,,row,,,,,trailing figures,366,0,366,,,,,,3,,0,,,no check,no total printed
enrollment_mcas,2023,FY2023,118,1,,High School Total,,row,,,,,trailing figures,435,18,453,,,,,,3,,0,,,no check,no total printed
enrollment_mcas,2023,FY2023,118,1,,Advanced Community,,row,,,,,trailing figures,8,0,8,,,,,,3,,0,,,no check,no total printed
enrollment_mcas,2023,FY2023,118,1,,All Schools Total,,subtotal,"subtotal: equals the 5 rows above it, in 3 of its columns",,,,trailing figures,1575,18,1593,,,,,,3,,0,,,no check,no total printed
enrollment_mcas,2023,FY2023,133,1,,Grade 6 ELA,,row,,,,,trailing figures,40,42,,,,,,,2,,0,,,no check,no total printed
enrollment_mcas,2023,FY2023,133,1,,Grade 6 Math,,row,,,,,trailing figures,58,41,,,,,,,2,,0,,,no check,no total printed
enrollment_mcas,2023,FY2023,133,1,,Grade 7 ELA,,row,,,,,trailing figures,46,40,,,,,,,2,,0,,,no check,no total printed
enrollment_mcas,2023,FY2023,133,1,,Grade 7 Math,,row,,,,,trailing figures,49,38,,,,,,,2,,0,,,no check,no total printed
enrollment_mcas,2023,FY2023,133,1,,Grade 8 ELA,,row,,,,,trailing figures,56,44,,,,,,,2,,0,,,no check,no total printed
enrollment_mcas,2023,FY2023,133,1,,Grade 8 Math,,row,,,,,trailing figures,41,38,,,,,,,2,,0,,,no check,no total printed
enrollment_mcas,2023,FY2023,133,1,,Grade 8 Sci/Tech/Eng,,row,,,,,trailing figures,54,41,,,,,,,2,,0,,,no check,no total printed
enrollment_mcas,2023,FY2023,142,,,,,row,,,,,Our School Community | Montachusett Regional Vocational Technical School is a four-year career and technical high school serving | the member towns of: | Ashburnham Lunenburg | Ashby Petersham | Athol,350,,,,,,,,1,,0,,,no check,no total printed
enrollment_mcas,2023,FY2023,142,,,,,row,,,,,Our School Community | Montachusett Regional Vocational Technical School is a four-year career and technical high school serving | the member towns of: | Ashburnham Lunenburg | Ashby Petersham | Athol,300,,,,,,,,1,,0,,,no check,no total printed
enrollment_mcas,2023,FY2023,142,,,,,row,,,,,Our School Community | Montachusett Regional Vocational Technical School is a four-year career and technical high school serving | the member towns of: | Ashburnham Lunenburg | Ashby Petersham | Athol,250,,,,,,,,1,,0,,,no check,no total printed
enrollment_mcas,2023,FY2023,142,,,,,row,,,,,Our School Community | Montachusett Regional Vocational Technical School is a four-year career and technical high school serving | the member towns of: | Ashburnham Lunenburg | Ashby Petersham | Athol,200,165,,,,,,,2,,0,,,no check,no total printed
enrollment_mcas,2023,FY2023,142,,,,,subtotal,"subtotal: equals the 2 rows below it, in 1 of its columns (v1)",,,,Our School Community | Montachusett Regional Vocational Technical School is a four-year career and technical high school serving | the member towns of: | Ashburnham Lunenburg | Ashby Petersham | Athol,150,123,,,,,,,2,,0,,,no check,no total printed
enrollment_mcas,2023,FY2023,142,,,,,row,,,,,Our School Community | Montachusett Regional Vocational Technical School is a four-year career and technical high school serving | the member towns of: | Ashburnham Lunenburg | Ashby Petersham | Athol,,90,,,,,,,1,,0,,,no check,no total printed
enrollment_mcas,2023,FY2023,142,,,,,row,,,,,Our School Community | Montachusett Regional Vocational Technical School is a four-year career and technical high school serving | the member towns of: | Ashburnham Lunenburg | Ashby Petersham | Athol,100,,,,,,,,1,,0,,,no check,no total printed
enrollment_mcas,2023,FY2023,142,,,,,row,,,,,Our School Community | Montachusett Regional Vocational Technical School is a four-year career and technical high school serving | the member towns of: | Ashburnham Lunenburg | Ashby Petersham | Athol,50,,,,,,,,1,,0,,,no check,no total printed
enrollment_mcas,2023,FY2023,142,,,üil,,row,,,,,Our School Community | Montachusett Regional Vocational Technical School is a four-year career and technical high school serving | the member towns of: | Ashburnham Lunenburg | Ashby Petersham | Athol,0,,,,,,,,1,,0,,,no check,no total printed
enrollment_mcas,2023,FY2023,142,,,,,page_number,"the page number, not a line of the table",,,,Our School Community | Montachusett Regional Vocational Technical School is a four-year career and technical high school serving | the member towns of: | Ashburnham Lunenburg | Ashby Petersham | Athol,,142,,,,,,,1,,0,,,no check,no total printed
enrollment_mcas,2023,FY2023,144,1,,"popularity, and the value of",,row,,,,,Our School Community | Montachusett Regional Vocational Technical School is a four-year career and technical high school serving | the member towns of: | Ashburnham Lunenburg | Ashby Petersham | Athol,1000,861,,,,,,,2,,0,,,no check,no total printed
enrollment_mcas,2023,FY2023,144,1,,"more evident, we have seen a",,row,,,,,Our School Community | Montachusett Regional Vocational Technical School is a four-year career and technical high school serving | the member towns of: | Ashburnham Lunenburg | Ashby Petersham | Athol,800,775,754,,,,,,3,,0,,,no check,no total printed
enrollment_mcas,2023,FY2023,144,1,,of students applying for,,row,,,,,Our School Community | Montachusett Regional Vocational Technical School is a four-year career and technical high school serving | the member towns of: | Ashburnham Lunenburg | Ashby Petersham | Athol,359,365,,,,,,,2,,0,,,no check,no total printed
enrollment_mcas,2023,FY2023,144,1,,admission to Monty Tech.,,row,,,,,Our School Community | Montachusett Regional Vocational Technical School is a four-year career and technical high school serving | the member towns of: | Ashburnham Lunenburg | Ashby Petersham | Athol,400,355,,,,,,,2,,0,,,no check,no total printed
enrollment_mcas,2023,FY2023,144,1,,and a deep understanding of the,,row,,,,,Our School Community | Montachusett Regional Vocational Technical School is a four-year career and technical high school serving | the member towns of: | Ashburnham Lunenburg | Ashby Petersham | Athol,2019,2020,2021,2022,2023,,,,5,,0,,,no check,no total printed
enrollment_mcas,2024,FY2024,109,1,,Grade 6 ELA,,row,,,,,trailing figures,49,40,,,,,,,2,,0,,,no check,no total printed
enrollment_mcas,2024,FY2024,109,1,,Grade 6 Math,,row,,,,,trailing figures,52,40,,,,,,,2,,0,,,no check,no total printed
enrollment_mcas,2024,FY2024,109,1,,Grade 7 ELA,,row,,,,,trailing figures,38,36,,,,,,,2,,0,,,no check,no total printed
enrollment_mcas,2024,FY2024,109,1,,Grade 7 Math,,row,,,,,trailing figures,52,37,,,,,,,2,,0,,,no check,no total printed
enrollment_mcas,2024,FY2024,109,1,,Grade 8 ELA,,row,,,,,trailing figures,41,43,,,,,,,2,,0,,,no check,no total printed
enrollment_mcas,2024,FY2024,109,1,,Grade 8 Math,,row,,,,,trailing figures,41,38,,,,,,,2,,0,,,no check,no total printed
enrollment_mcas,2024,FY2024,109,1,,Grade 8 Sci/Tech/Eng,,row,,,,,trailing figures,51,39,,,,,,,2,,0,,,no check,no total printed
enrollment_mcas,2024,FY2024,118,,,students was,,row,,,,,"OUR SCHOOL COMMUNITY | Montachusett Regional Vocational Technical School, more widely known as ""Monty Tech,"" is a four-year | career and technical high school serving eighteen member | communities, in",,668,,,,,,,1,,0,47%,,no check,no total printed
enrollment_mcas,2024,FY2024,118,,,,,row,,,,,"OUR SCHOOL COMMUNITY | Montachusett Regional Vocational Technical School, more widely known as ""Monty Tech,"" is a four-year | career and technical high school serving eighteen member | communities, in",,,344,,,,,,1,,0,,,no check,no total printed
enrollment_mcas,2024,FY2024,118,,,,,row,,,,,"OUR SCHOOL COMMUNITY | Montachusett Regional Vocational Technical School, more widely known as ""Monty Tech,"" is a four-year | career and technical high school serving eighteen member | communities, in",350,,,,,,,,1,,0,,,no check,no total printed
enrollment_mcas,2024,FY2024,118,,,,,row,,,,,"OUR SCHOOL COMMUNITY | Montachusett Regional Vocational Technical School, more widely known as ""Monty Tech,"" is a four-year | career and technical high school serving eighteen member | communities, in",300,,,,,,,,1,,0,,,no check,no total printed
enrollment_mcas,2024,FY2024,118,,,,,row,,,,,"OUR SCHOOL COMMUNITY | Montachusett Regional Vocational Technical School, more widely known as ""Monty Tech,"" is a four-year | career and technical high school serving eighteen member | communities, in",250,,,,,,,,1,,0,,,no check,no total printed
enrollment_mcas,2024,FY2024,118,,,,,row,,,,,"OUR SCHOOL COMMUNITY | Montachusett Regional Vocational Technical School, more widely known as ""Monty Tech,"" is a four-year | career and technical high school serving eighteen member | communities, in",200,,166,,,,,,2,,0,,,no check,no total printed
enrollment_mcas,2024,FY2024,118,,,,,row,,,,,"OUR SCHOOL COMMUNITY | Montachusett Regional Vocational Technical School, more widely known as ""Monty Tech,"" is a four-year | career and technical high school serving eighteen member | communities, in",,,146,,,,,,1,,0,,,no check,no total printed
enrollment_mcas,2024,FY2024,118,,,,,subtotal,"subtotal: equals the 2 rows below it, in 1 of its columns (v1)",,,,"OUR SCHOOL COMMUNITY | Montachusett Regional Vocational Technical School, more widely known as ""Monty Tech,"" is a four-year | career and technical high school serving eighteen member | communities, in",150,,,,,,,,1,,0,,,no check,no total printed
enrollment_mcas,2024,FY2024,118,,,,,row,,,,,"OUR SCHOOL COMMUNITY | Montachusett Regional Vocational Technical School, more widely known as ""Monty Tech,"" is a four-year | career and technical high school serving eighteen member | communities, in",,103,,,,,,,1,,0,,,no check,no total printed
enrollment_mcas,2024,FY2024,118,,,,,row,,,,,"OUR SCHOOL COMMUNITY | Montachusett Regional Vocational Technical School, more widely known as ""Monty Tech,"" is a four-year | career and technical high school serving eighteen member | communities, in",100,65,,,,,,,2,,0,,,no check,no total printed
enrollment_mcas,2024,FY2024,118,,,,,row,,,,,"OUR SCHOOL COMMUNITY | Montachusett Regional Vocational Technical School, more widely known as ""Monty Tech,"" is a four-year | career and technical high school serving eighteen member | communities, in",50,,,,,,,,1,,0,,,no check,no total printed
enrollment_mcas,2024,FY2024,118,,,il,,row,,,,,"OUR SCHOOL COMMUNITY | Montachusett Regional Vocational Technical School, more widely known as ""Monty Tech,"" is a four-year | career and technical high school serving eighteen member | communities, in",0,,,,,,,,1,,0,,,no check,no total printed
enrollment_mcas,2024,FY2024,120,1,,"Monty Tech is no exception. In FY24,",,row,,,,,"OUR SCHOOL COMMUNITY | Montachusett Regional Vocational Technical School, more widely known as ""Monty Tech,"" is a four-year | career and technical high school serving eighteen member | communities, in",2024,2023,2022,2021,2020,,,,5,,0,,,no check,no total printed
enrollment_mcas,2024,FY2024,120,1,,have grown in popularity. We have,,row,,,,,"OUR SCHOOL COMMUNITY | Montachusett Regional Vocational Technical School, more widely known as ""Monty Tech,"" is a four-year | career and technical high school serving eighteen member | communities, in",355,365,370,371,355,400,,,6,,0,,,no check,no total printed
enrollment_mcas,2024,FY2024,120,1,,prepare even more students for bright,,row,,,,,"OUR SCHOOL COMMUNITY | Montachusett Regional Vocational Technical School, more widely known as ""Monty Tech,"" is a four-year | career and technical high school serving eighteen member | communities, in",754,775,800,,,,,,3,,0,,,no check,no total printed
enrollment_mcas,2024,FY2024,120,1,,but how can we increase access to help,,row,,,,,"OUR SCHOOL COMMUNITY | Montachusett Regional Vocational Technical School, more widely known as ""Monty Tech,"" is a four-year | career and technical high school serving eighteen member | communities, in",827,852,861,,,,,,3,,0,,,no check,no total printed
enrollment_mcas,2025,FY2025,89,1,,PK,,row,,,,,trailing figures,55,0,55,,,,,,3,,0,,,no check,no total printed
enrollment_mcas,2025,FY2025,89,1,,K,,row,,,,,trailing figures,108,0,108,,,,,,3,,0,,,no check,no total printed
enrollment_mcas,2025,FY2025,89,1,,Primary Total,,row,,,,,trailing figures,389,0,389,,,,,,3,,0,,,no check,no total printed
enrollment_mcas,2025,FY2025,89,1,,Elementary Total,,row,,,,,trailing figures,356,0,356,,,,,,3,,0,,,no check,no total printed
enrollment_mcas,2025,FY2025,89,1,,Middle School Total,,row,,,,,trailing figures,382,0,382,,,,,,3,,0,,,no check,no total printed
enrollment_mcas,2025,FY2025,89,1,,High School Total,,row,,,,,trailing figures,433,17,450,,,,,,3,,0,,,no check,no total printed
enrollment_mcas,2025,FY2025,89,1,,Advanced Community,,row,,,,,trailing figures,8,0,8,,,,,,3,,0,,,no check,no total printed
enrollment_mcas,2025,FY2025,89,1,,All Schools Total,,subtotal,"subtotal: equals the 5 rows above it, in 3 of its columns",,,,trailing figures,1568,17,1585,,,,,,3,,0,,,no check,no total printed
enrollment_mcas,2025,FY2025,92,1,,average from the 2024-           2025 elected Populations Report (data was last updated on January,,row,,,,,trailing figures,23,,,,,,,,1,,0,,,no check,no total printed
enrollment_mcas,2025,FY2025,104,1,,Grade 6 ELA,,row,,,,,trailing figures,47,42,,,,,,,2,,0,,,no check,no total printed
enrollment_mcas,2025,FY2025,104,1,,Grade 6 Math,,row,,,,,trailing figures,51,41,,,,,,,2,,0,,,no check,no total printed
enrollment_mcas,2025,FY2025,104,1,,Grade 7 ELA,,row,,,,,trailing figures,52,42,,,,,,,2,,0,,,no check,no total printed
enrollment_mcas,2025,FY2025,104,1,,Grade 7 Math,,row,,,,,trailing figures,47,39,,,,,,,2,,0,,,no check,no total printed
enrollment_mcas,2025,FY2025,104,1,,Grade 8 ELA,,row,,,,,trailing figures,55,44,,,,,,,2,,0,,,no check,no total printed
enrollment_mcas,2025,FY2025,104,1,,Grade 8 Math,,row,,,,,trailing figures,42,38,,,,,,,2,,0,,,no check,no total printed
enrollment_mcas,2025,FY2025,104,1,,Grade 8 Sci/Tech/Eng,,row,,,,,trailing figures,48,37,,,,,,,2,,0,,,no check,no total printed
enrollment_mcas,2025,FY2025,104,1,,Grade 8 Civics,,row,,,,,trailing figures,59,39,,,,,,,2,,0,,,no check,no total printed
enrollment_mcas,2025,FY2025,116,1,,Like almost all vocational schools across,,row,,,,,trailing figures,1000,861,852,827,786,,,,5,,0,,,no check,no total printed
enrollment_mcas,2025,FY2025,116,1,,"Massachusetts, Monty Tech has a limited",,row,,,,,trailing figures,800,754,,,,,,,2,,0,,,no check,no total printed
enrollment_mcas,2025,FY2025,116,1,,acceptance.  When more students apply for,,row,,,,,trailing figures,400,371,370,365,355,355,,,6,,0,,,no check,no total printed
enrollment_mcas,2025,FY2025,116,1,,determine which students would be,,row,,,,,trailing figures,2021,2022,2023,2024,2025,,,,5,,0,,,no check,no total printed
enrollment_mcas,2025,FY2025,117,1,,Not Meeting Expectations,,row,,,,,trailing figures,1,2,3,3,,,,,4,,0,,,no check,no total printed
enrollment_mcas,2025,FY2025,125,,,,,row,,,,,"Human Animal Bond Certification. All juniors passed their Certified Veterinary Assistant Exam. For | SkillsUSA, two freshmen competed at the state competition in Safety Poster Design. All freshmen com",350,,,,,,,,1,,0,,,no check,no total printed
enrollment_mcas,2025,FY2025,125,,,,,row,,,,,"Human Animal Bond Certification. All juniors passed their Certified Veterinary Assistant Exam. For | SkillsUSA, two freshmen competed at the state competition in Safety Poster Design. All freshmen com",300,,288,,,,,,2,,0,,,no check,no total printed
enrollment_mcas,2025,FY2025,125,,,,,row,,,,,"Human Animal Bond Certification. All juniors passed their Certified Veterinary Assistant Exam. For | SkillsUSA, two freshmen competed at the state competition in Safety Poster Design. All freshmen com",250,,,,,,,,1,,0,228                                 223235,,no check,no total printed
enrollment_mcas,2025,FY2025,125,,,,,row,,,,,"Human Animal Bond Certification. All juniors passed their Certified Veterinary Assistant Exam. For | SkillsUSA, two freshmen competed at the state competition in Safety Poster Design. All freshmen com",,,202,,,,,,1,,0,,,no check,no total printed
enrollment_mcas,2025,FY2025,125,,,,,row,,,,,"Human Animal Bond Certification. All juniors passed their Certified Veterinary Assistant Exam. For | SkillsUSA, two freshmen competed at the state competition in Safety Poster Design. All freshmen com",200,,,,,,,,1,,0,194                                         2020-2021,,no check,no total printed
enrollment_mcas,2025,FY2025,125,,,,,row,,,,,"Human Animal Bond Certification. All juniors passed their Certified Veterinary Assistant Exam. For | SkillsUSA, two freshmen competed at the state competition in Safety Poster Design. All freshmen com",,,162,,,,,,1,,0,,,no check,no total printed
enrollment_mcas,2025,FY2025,125,,,,,subtotal,"subtotal: equals the 2 rows below it, in 1 of its columns (v1)",,,,"Human Animal Bond Certification. All juniors passed their Certified Veterinary Assistant Exam. For | SkillsUSA, two freshmen competed at the state competition in Safety Poster Design. All freshmen com",150,,147,,,,,,2,yes,0,,,no check,no total printed
enrollment_mcas,2025,FY2025,125,,,,,row,,,,,"Human Animal Bond Certification. All juniors passed their Certified Veterinary Assistant Exam. For | SkillsUSA, two freshmen competed at the state competition in Safety Poster Design. All freshmen com",,127119,,,,,,,1,,0,,,no check,no total printed
enrollment_mcas,2025,FY2025,125,,,,,row,,,,,"Human Animal Bond Certification. All juniors passed their Certified Veterinary Assistant Exam. For | SkillsUSA, two freshmen competed at the state competition in Safety Poster Design. All freshmen com",,92,,,,,,,1,,0,,,no check,no total printed
enrollment_mcas,2025,FY2025,125,,,,,row,,,,,"Human Animal Bond Certification. All juniors passed their Certified Veterinary Assistant Exam. For | SkillsUSA, two freshmen competed at the state competition in Safety Poster Design. All freshmen com",100,,,,,,,,1,,0,,,no check,no total printed
enrollment_mcas,2025,FY2025,125,,,,,row,,,,,"Human Animal Bond Certification. All juniors passed their Certified Veterinary Assistant Exam. For | SkillsUSA, two freshmen competed at the state competition in Safety Poster Design. All freshmen com",50,33,,,,,,,2,,0,,,no check,no total printed
enrollment_mcas,2025,FY2025,125,,,,,row,,,,,"Human Animal Bond Certification. All juniors passed their Certified Veterinary Assistant Exam. For | SkillsUSA, two freshmen competed at the state competition in Safety Poster Design. All freshmen com",,0,,,,,,,1,,0,,,no check,no total printed
