role_raw,grade_or_dept,rows,role_category,role_grade,classified_by
,Paraprofessionals,178,paraprofessional,,heading-paras
,Cafeteria,86,cafeteria,,heading-cafeteria
,Custodians,83,custodian,,heading-custodial
,Unified Arts,73,teacher,,heading-department
,,60,unknown,,no-rule-matched
,Science,58,teacher,,heading-department
,Special Services,57,specialist,,heading-special-services
,Language Arts,51,teacher,,heading-department
,Foreign Language,50,teacher,,heading-department
,Social Studies,47,teacher,,heading-department
,Math,45,teacher,,heading-department
,8th Grade:,43,teacher,,heading-department
,Guidance,39,counselor,,heading-guidance
,6th Grade:,35,teacher,,heading-department
,Learning Center/Special Education,35,specialist,,heading-special-services
,Cafeteria:,34,cafeteria,,heading-cafeteria
,Special Education,33,specialist,,heading-special-services
Para,Kindergarten,32,paraprofessional,K,para-title
,Grade 3,31,teacher,3,heading-department
Para,Pre-School,31,paraprofessional,PK,para-title
,7th Grade:,30,teacher,,heading-department
Para,Achieve,28,paraprofessional,,para-title
Para,Achieve Programs,28,paraprofessional,,para-title
,Grade 4,27,teacher,4,heading-department
,Grade 5,27,teacher,5,heading-department
(para),Achieve: Middle School,25,paraprofessional,,para-title
Para,,22,paraprofessional,,para-title
(para),Special Ed. Middle School:,19,paraprofessional,,para-title
Speech,Specialists,19,speech_therapist,,speech
,Paraprofessionals:,17,paraprofessional,,heading-paras
General workers,Food Service,17,cafeteria,,heading-cafeteria
Para,Paraprofessionals,17,paraprofessional,,para-title
Teacher,Kindergarten,17,teacher,K,teacher-title
,Custodial,16,custodian,,heading-custodial
,Special Areas,16,teacher,,heading-department
Para,TLC,16,paraprofessional,,para-title
Secretary,,16,secretary,,clerical
Maintenance,Custodians,15,custodian,,custodial
Nurse,,15,nurse,,nurse
Red,Grade 7,15,teacher,7,heading-department
,Achieve,14,specialist,,heading-special-services
,Ith Grade:,14,teacher,,heading-department
Blue,Grade 4,13,teacher,4,heading-department
Principal,,13,administrator,,principal
Teacher,Pre-School,13,teacher,PK,teacher-title
,Achieve Programs,12,specialist,,heading-special-services
,Achieve: Middle School,12,specialist,,heading-special-services
,Tutors,12,paraprofessional,,heading-paras
Paraprofessional,Achieve:,12,paraprofessional,,para-title
Red,Grade 6,12,teacher,6,heading-department
White,Grade 5,12,teacher,5,heading-department
,Cafeteria Manager,11,cafeteria,,heading-cafeteria
Assistant Principal,,11,administrator,,principal
COTA,Specialists,11,therapist,,ot-pt
Custodian/Night,Custodians,11,custodian,,custodial
White,Grade 4,11,teacher,4,heading-department
,ELL Teachers,10,teacher,,heading-department
,Music,10,teacher,,heading-department
,Physical Education/Health,10,teacher,,heading-department
Learning Center Tutors,SPECIAL SERVICES,10,paraprofessional,,tutor-title
Senior Custodian,Custodians,10,custodian,,custodial
Tutor,Achieve,10,paraprofessional,,tutor-title
Tutors/Aides,Tutors/Aides,10,paraprofessional,,aide-title
White,Grade 6,10,teacher,6,heading-department
,Custodian:,9,custodian,,heading-custodial
,Reading Specialist,9,specialist,,heading-specialists
,Technology IT:,9,technology,,heading-technology
Blue,Grade 5,9,teacher,5,heading-department
Café Manager,Cafeteria,9,cafeteria,,heading-cafeteria
Maintenance,Maintenance,9,custodian,,custodial
PE,Special Areas,9,teacher,,heading-department
Para,Achieve/TLC,9,paraprofessional,,para-title
Principal,Administration/Office/Nurse,9,administrator,,principal
Sped Para,Special Education,9,paraprofessional,,para-title
Teacher,Achieve,9,teacher,,teacher-title
White,Grade 7,9,teacher,7,heading-department
,Extended Day,8,unknown,,no-rule-matched
,Special Ed Paras Middle School,8,paraprofessional,,heading-paras
,Specialists,8,specialist,,heading-specialists
(PE),Specialists: Middle School,8,specialist,,heading-specialists
1B,First Grade Teachers,8,teacher,1,heading-department
1C,First Grade Teachers,8,teacher,1,heading-department
7th,Special Ed. Middle School:,8,unknown,,no-rule-matched
"Art, 114",Special Areas,8,teacher,,heading-department
,Achieve:Middle School,7,specialist,,heading-special-services
,Tutors/Aides,7,paraprofessional,,heading-paras
1A,First Grade Teachers,7,teacher,1,heading-department
Adm. Secretary,Administration/Office/Nurse,7,secretary,,clerical
Asst. Principal,Central Office,7,administrator,,principal
BCBA,Specialists,7,specialist,,interventionist
Gr. 4 Para,Paraprofessionals,7,paraprofessional,4,para-title
Member,Lunenburg School Committee,7,unknown,,no-rule-matched
"Music, 118",Special Areas,7,teacher,,heading-department
Principal,Central Office,7,administrator,,principal
Teacher,Achieve Programs,7,teacher,,teacher-title
Tutors/Aides,SPECIAL EDUCATION,7,paraprofessional,,aide-title
para,Special Ed. Middle School:,7,paraprofessional,,para-title
,"8*"" Grade Teachers",6,teacher,,heading-department
,Art/Library,6,teacher,,heading-department
,Media Specialist,6,specialist,,heading-specialists
,Pre-School,6,teacher,PK,heading-department
1D,First Grade Teachers,6,teacher,1,heading-department
1E,First Grade Teachers,6,teacher,1,heading-department
Cafeteria Manager,Cafeteria,6,cafeteria,,food-service
Café,Cafeteria,6,cafeteria,,heading-cafeteria
Cook/Managers,Food Service,6,cafeteria,,food-service
ELL Teacher,Learning Center/Special Education,6,teacher,,teacher-title
Gr. 5 Teacher,Learning Center/Special Education,6,teacher,5,teacher-title
Greenhouse Asst.,Science,6,teacher,,heading-department
Guidance Secretary,Guidance,6,counselor,,counselor
"Library, 108",Special Areas,6,librarian,,library
Nurse,Health,6,nurse,,nurse
Teacher,Math,6,teacher,,teacher-title
Teacher,Unified Arts,6,teacher,,teacher-title
Tutor,Kindergarten,6,paraprofessional,K,tutor-title
Tutor,Pre- School,6,paraprofessional,,tutor-title
Tutor,Reading Specialist,6,paraprofessional,,tutor-title
,8t Grade Teachers,5,teacher,,heading-department
,Art,5,teacher,,heading-department
,English:,5,teacher,,heading-department
,Grade 8,5,teacher,8,heading-department
,High School English:,5,teacher,,heading-department
,High School Math:,5,teacher,,heading-department
,Kindergarten,5,teacher,K,heading-department
,Science:,5,teacher,,heading-department
,Technology,5,technology,,heading-technology
,World Language,5,teacher,,heading-department
(Music) MS,Specialists: Middle School,5,specialist,,heading-specialists
(Tech) MS,Specialists: Middle School,5,specialist,,heading-specialists
8th,Special Ed. Middle School:,5,unknown,,no-rule-matched
Achieve/TLC Para,Achieve/TLC,5,paraprofessional,,para-title
Adm. Assistant,,5,unknown,,no-rule-matched
Dept. Liaison,Foreign Language,5,administrator,,director
Dept. Liaison,Language Arts,5,administrator,,director
Dept. Liaison,Math,5,administrator,,director
Dept. Liaison,Social Studies,5,administrator,,director
Director,Facilities & Grounds,5,administrator,,director
Executive Secretary,Superintendent of Schools,5,secretary,,clerical
Gr. 3 Para,Grade level Paraprofessionals,5,paraprofessional,3,para-title
Gr. 3 Para,Paraprofessionals,5,paraprofessional,3,para-title
Gr. 4 Para,Grade level Paraprofessionals,5,paraprofessional,4,para-title
Gr. 4 Teacher,Learning Center/Special Education,5,teacher,4,teacher-title
Gr. 5 Para,Grade level Paraprofessionals,5,paraprofessional,5,para-title
Gr. 5 Para,Paraprofessionals,5,paraprofessional,5,para-title
Grades 6 & 7,Guidance,5,counselor,6,heading-guidance
MS Secretary,Administration:,5,secretary,,clerical
Maintenance,Facilities & Grounds,5,custodian,,custodial
Music,Special Areas,5,teacher,,heading-department
Nurse,Administration/Office/Nurse,5,nurse,,nurse
Office Clerk,Central Office,5,secretary,,clerical
Phys. Therap,Specialists,5,specialist,,heading-specialists
Psychologist,Guidance,5,psychologist,,psychologist
School Nurse,Central Office,5,nurse,,nurse
Social Worker,Special Services,5,social_worker,,social-worker
Speech/Lang.,Special Services,5,speech_therapist,,speech
Superintendent,Superintendent of Schools,5,administrator,,superintendent
Teacher,Grade 3,5,teacher,3,teacher-title
Teacher,Grade 4,5,teacher,4,teacher-title
Teacher,Grade 5,5,teacher,5,teacher-title
Teacher,K1,5,teacher,K,teacher-title
Teacher,K2,5,teacher,K,teacher-title
Teacher,K3,5,teacher,K,teacher-title
Teacher,K4,5,teacher,K,teacher-title
Teacher,Language Arts,5,teacher,,teacher-title
Teacher,Science,5,teacher,,teacher-title
Teacher,Second Grade Teachers,5,teacher,2,teacher-title
Teacher,Social Studies,5,teacher,,teacher-title
Teacher,Special Services,5,teacher,,teacher-title
Teachers:,,5,unknown,,no-rule-matched
para,Cafeteria:,5,paraprofessional,,para-title
,Admin/Office/Nurse,4,nurse,,heading-nurse
,Administration/Office/Nurse,4,nurse,,heading-nurse
,Custodial Staff:,4,custodian,,heading-custodial
,ELL Teacher,4,teacher,,heading-department
,Foreign Language:,4,teacher,,heading-department
,Gth Grade:,4,teacher,,heading-department
,High School Science:,4,teacher,,heading-department
,High School World Language:,4,teacher,,heading-department
,ILC,4,unknown,,no-rule-matched
,Math:,4,teacher,,heading-department
,School Psychologist,4,unknown,,no-rule-matched
,Special Ed. High School:,4,unknown,,no-rule-matched
(Art) MS,Specialists: Middle School,4,specialist,,heading-specialists
1E,,4,unknown,1,no-rule-matched
2B,Second Grade Teachers,4,teacher,2,heading-department
2C,Second Grade Teachers,4,teacher,2,heading-department
2D,Second Grade Teachers,4,teacher,2,heading-department
2F,Second Grade Teachers,4,teacher,2,heading-department
6th DH,Special Ed. Middle School:,4,administrator,,director
AD,Unified Arts,4,teacher,,heading-department
Accounting/Data Reporting,School Personnel/Business Services,4,teacher,,heading-department
Achieve Para,Achieve/TLC,4,paraprofessional,,para-title
Admin Secty,,4,unknown,,no-rule-matched
Admin. Secretary,Special Services,4,secretary,,clerical
Assistant Principal,Administration/Office/Nurse,4,administrator,,principal
Asst. Principal,,4,administrator,,principal
Asst. Principal,Administration/Office/Nurse,4,administrator,,principal
Athletic Director,,4,administrator,,director
Athletic Secretary,Unified Arts,4,secretary,,clerical
BCBA,Special Services,4,specialist,,interventionist
Café Employee,Cafeteria,4,cafeteria,,heading-cafeteria
Chairperson,Lunenburg School Committee,4,unknown,,no-rule-matched
DH,6th Grade:,4,administrator,,director
DH,7th Grade:,4,administrator,,director
DH,8th Grade:,4,administrator,,director
Director,Special Services,4,administrator,,director
District-wide,Facilities & Grounds,4,custodian,,heading-custodial
"ELL Teacher, 119",Learning Center/Special Education,4,teacher,,teacher-title
Grades 4 & 5,Guidance,4,counselor,4,heading-guidance
Guidance,Guidance,4,counselor,,counselor
LMHS Principal,Administration:,4,administrator,,principal
LMS Assistant Principal,Administration:,4,administrator,,principal
Lunenburg Primary School Café Manager,Cafeteria Services,4,cafeteria,,heading-cafeteria
Manager,School Personnel/Business Services,4,teacher,,heading-department
Occup Therap.,Specialists,4,specialist,,heading-specialists
Occupational Therapist,Learning Center/Special Education,4,therapist,,ot-pt
Office Clerk,,4,secretary,,clerical
PE,Specialists: Middle School,4,specialist,,heading-specialists
PE,Specials,4,unknown,,no-rule-matched
Para,First Grade Teachers,4,paraprofessional,1,para-title
Para,Preschool,4,paraprofessional,PK,para-title
Para,Second Grade Teachers,4,paraprofessional,2,para-title
Para,Special Education,4,paraprofessional,,para-title
Paraprofessional,Achieve,4,paraprofessional,,para-title
Paraprofessional,Kindergarten,4,paraprofessional,K,para-title
Paraprofessional,Kindergarten:,4,paraprofessional,K,para-title
Paraprofessional,Pre-School,4,paraprofessional,PK,para-title
Paraprofessional,Pre-School:,4,paraprofessional,PK,para-title
Parents,Members of the Council for the 2011 - 2012 school year were:,4,unknown,,no-rule-matched
Parents,Primary School Parent/Teacher Advisory Council,4,unknown,,no-rule-matched
Red,Grade 4,4,teacher,4,heading-department
Red,Grade 5,4,teacher,5,heading-department
Secretary,Lunenburg School Committee,4,secretary,,clerical
Secretary Support,Administration/Office/Nurse,4,secretary,,clerical
TLC Para,Achieve/TLC,4,paraprofessional,,para-title
Teacher,Foreign Language,4,teacher,,teacher-title
Teacher,K5,4,teacher,K,teacher-title
Teacher,Pre- School,4,teacher,,teacher-title
Teachers,Primary School Parent/Teacher Advisory Council,4,unknown,,no-rule-matched
Technician,Technology/Network Service,4,technology,,heading-technology
Vice-Chairperson,Lunenburg School Committee,4,unknown,,no-rule-matched
,Custodial:,3,custodian,,heading-custodial
,Health Office,3,teacher,,heading-department
,High School History:,3,teacher,,heading-department
,Library Media/Technology,3,technology,,heading-technology
,Special Ed. Middle School:,3,unknown,,no-rule-matched
,Transportation Services,3,unknown,,no-rule-matched
(Behaviorist),Guidance: Middle School,3,counselor,,heading-guidance
(Library),Specialists: Middle School,3,librarian,,library
(Psychologist),Guidance: Middle School,3,psychologist,,psychologist
(Speech),Guidance: Middle School,3,speech_therapist,,speech
(nurse),Health Office:,3,nurse,,nurse
102/Red,Grade 5,3,teacher,5,heading-department
202/White,Grade 4,3,teacher,4,heading-department
205/Red,Grade 4,3,teacher,4,heading-department
207/Red,Grade 4,3,teacher,4,heading-department
2A,Second Grade Teachers,3,teacher,2,heading-department
3A,Third Grade,3,teacher,3,heading-department
3B,Third Grade,3,teacher,3,heading-department
3C,Third Grade,3,teacher,3,heading-department
3D,Third Grade,3,teacher,3,heading-department
3E,Third Grade,3,teacher,3,heading-department
510,Cafeteria,3,cafeteria,,heading-cafeteria
6th,Special Ed. Middle School:,3,unknown,,no-rule-matched
Achieve Assistants/Tutors,SPECIAL SERVICES,3,paraprofessional,,tutor-title
Admin Secretary,Central Office,3,secretary,,clerical
Admin. Assistant,,3,secretary,,clerical
Aide,Kindergarten,3,paraprofessional,K,aide-title
Art,Special Areas,3,teacher,,heading-department
Assistant Principal,Administration/Office,3,administrator,,principal
Athletic Secretary,,3,secretary,,clerical
BCBA,,3,specialist,,interventionist
Cafe,Cafeteria,3,cafeteria,,heading-cafeteria
Cafeteria Mgr.,Cafeteria,3,cafeteria,,food-service
Custodian,Custodians,3,custodian,,custodial
Dept. Liaison,Science,3,administrator,,director
Dept. Liaison,Special Services,3,administrator,,director
Dept. Liaison,Unified Arts,3,administrator,,director
Director,Technology/Network Service,3,administrator,,director
District-wide Utility/Custodial,Facilities & Grounds,3,custodian,,custodial
Gr. 3 Teacher,Learning Center/Special Education,3,teacher,3,teacher-title
Gr. 6 Teacher,Learning Center/Special Education,3,teacher,6,teacher-title
Gr. 7 Teacher,Learning Center/Special Education,3,teacher,7,teacher-title
Grades 7 & 8,Guidance: Middle School,3,counselor,7,heading-guidance
Guidance Counselor,Central Office,3,counselor,,counselor
Head Custodian,Custodial,3,custodian,,custodial
Head Custodian,Custodians,3,custodian,,custodial
ID,First Grade Teachers,3,teacher,1,heading-department
IT Dept.,,3,unknown,,no-rule-matched
K1 - Teacher,Kindergarten,3,teacher,K,teacher-title
K2 - Teacher,Kindergarten,3,teacher,K,teacher-title
K3 - Teacher,Kindergarten,3,teacher,K,teacher-title
K4 - Teacher,Kindergarten,3,teacher,K,teacher-title
Learning Center,SPECIAL SERVICES,3,specialist,,heading-special-services
Library,Special Areas,3,librarian,,library
Library/Media,,3,librarian,,library
Media Specialist,,3,librarian,,library
Network Administrator,Technology/Network Service,3,technology,,technology
PE/Health,Special Areas,3,teacher,,heading-department
Parents,School Council,3,unknown,,no-rule-matched
Parents:,,3,unknown,,no-rule-matched
Parents:,School Council,3,unknown,,no-rule-matched
Psychologist,,3,psychologist,,psychologist
Psychologist,Health,3,psychologist,,psychologist
Red,,3,unknown,,no-rule-matched
SLP,Learning Center/Special Education,3,speech_therapist,,speech
STEM,Special Areas,3,teacher,,heading-department
School Psych,Special Services,3,psychologist,,psychologist
Social Worker,,3,social_worker,,social-worker
Social Worker,Health,3,social_worker,,social-worker
Teacher,Achieve:,3,teacher,,teacher-title
Teachers:,School Council,3,unknown,,no-rule-matched
Title One Tutor,Paraprofessionals_,3,paraprofessional,,tutor-title
Tutor/208,MTSS,3,paraprofessional,,tutor-title
para,,3,paraprofessional,,para-title
para,Achieve: Middle School,3,paraprofessional,,para-title
,Achieve:High School,2,specialist,,heading-special-services
,Athletic Director,2,unknown,,no-rule-matched
,Athletic/Secretary,2,secretary,,heading-clerical
,Behavioral Health:,2,teacher,,heading-department
,Behaviorist:,2,unknown,,no-rule-matched
,Custodians:,2,custodian,,heading-custodial
,Ext Day/ELC,2,unknown,,no-rule-matched
,Facilities & Custodians,2,custodian,,heading-custodial
,GUIDANCE,2,counselor,,heading-guidance
,Guidance Secretary,2,secretary,,heading-clerical
,Head Custodian,2,custodian,,heading-custodial
,Health Office:,2,teacher,,heading-department
,History:,2,teacher,,heading-department
,Library / Media,2,unknown,,no-rule-matched
,Library:,2,unknown,,no-rule-matched
,MITSS,2,specialist,,heading-special-services
,Physical Education /Health,2,teacher,,heading-department
,Resource Officer: (Library Office),2,unknown,,no-rule-matched
,SRO,2,unknown,,no-rule-matched
,STEM,2,unknown,,no-rule-matched
,culaance,2,unknown,,no-rule-matched
(Art),Unified Arts:High School,2,teacher,,heading-department
(LMS Social Worker),Guidance: Middle School,2,social_worker,,social-worker
(LPN),Health Office:,2,teacher,,heading-department
(PE),Specials,2,unknown,,no-rule-matched
(PE),Unified Arts:High School,2,teacher,,heading-department
103/Blue,Grade 5,2,teacher,5,heading-department
107/White,Grade 5,2,teacher,5,heading-department
114 Art,SPECIAL AREAS,2,teacher,,heading-department
118 Music,SPECIAL AREAS,2,teacher,,heading-department
1:1 Para,Achieve Programs,2,paraprofessional,,para-title
1:1 Para,Paraprofessionals,2,paraprofessional,,para-title
1:1 Paraprofessional,Learning Ctr./SPED,2,paraprofessional,,para-title
1A,,2,unknown,1,no-rule-matched
1A,First Grade,2,teacher,1,heading-department
1B,,2,unknown,1,no-rule-matched
1B,First Grade,2,teacher,1,heading-department
1C,First Grade,2,teacher,1,heading-department
1D,,2,unknown,1,no-rule-matched
1D,First Grade,2,teacher,1,heading-department
1F,First Grade Teachers,2,teacher,1,heading-department
1st Grade,Paraprofessionals,2,paraprofessional,,heading-paras
203/Blue,Grade 4,2,teacher,4,heading-department
209,Grade 3,2,teacher,3,heading-department
210,Grade 3,2,teacher,3,heading-department
211,Grade 3,2,teacher,3,heading-department
212,Grade 3,2,teacher,3,heading-department
213,Grade 3,2,teacher,3,heading-department
2A,Second Grade,2,teacher,2,heading-department
2B,Second Grade,2,teacher,2,heading-department
2C,Second Grade,2,teacher,2,heading-department
2D,Second Grade,2,teacher,2,heading-department
2F,Second Grade,2,teacher,2,heading-department
2nd/grade,Paraprofessionals,2,paraprofessional,,heading-paras
2nd/grade,Paras,2,paraprofessional,,heading-paras
ACH Teacher,Achieve,2,teacher,,teacher-title
AD,Athletic Director:,2,unknown,,no-rule-matched
AD Secretary,Athletic Director:,2,secretary,,clerical
Admin Secty,Central Office,2,administrator,,heading-admin
Admin. Secretary,Administration:,2,secretary,,clerical
Administrative Assistant,,2,unknown,,no-rule-matched
Art,Specials,2,unknown,,no-rule-matched
Art,Unified Arts: High School,2,teacher,,heading-department
Assistant Principal,School Council,2,administrator,,principal
BCBA,Guidance,2,specialist,,interventionist
BCBA,Learning Center/Special Education,2,specialist,,interventionist
Coordinator,EXTENDED DAY PROGRAM,2,administrator,,director
Custodian/Nigh,Custodians,2,custodian,,custodial
DH,Ith Grade:,2,administrator,,director
DH,Special Ed. High School:,2,administrator,,director
Dean of Students,Administration,2,administrator,,heading-admin
Dept Liaison,Guidance,2,administrator,,director
Dept Liaison,Science,2,administrator,,director
Dept Liaison,Unified Arts,2,administrator,,director
Dept. Head,Foreign Language,2,administrator,,director
Dept. Head,Guidance,2,administrator,,director
Dept. Head,Language Arts,2,administrator,,director
Dept. Head,Math,2,administrator,,director
Dept. Head,Science,2,administrator,,director
Dept. Head,Social Studies,2,administrator,,director
Dept. Head,Special Services,2,administrator,,director
Dept. Head,Unified Arts,2,administrator,,director
Dept. Liaison,Guidance,2,administrator,,director
Director of Food Services,Cafeteria Services,2,administrator,,director
Director of Teaching and Learning,Other Staff,2,administrator,,director
District Health & Safety,Health Office:,2,teacher,,heading-department
ELL Teacher,Learning Center/Sp Ed,2,teacher,,teacher-title
"ELL Teacher, 109",,2,teacher,,teacher-title
FL,Specials,2,unknown,,no-rule-matched
Food Service Director,Food Service,2,administrator,,director
"Gr. 3 Teacher, 214",Learning Center/Special Education,2,teacher,3,teacher-title
"Gr. 4 Teacher, 206",Learning Center/Special Education,2,teacher,4,teacher-title
"Gr. 5 Teacher, 106",Learning Center/Special Education,2,teacher,5,teacher-title
Gr. 6 Para,Paraprofessionals,2,paraprofessional,6,para-title
Gr. 6 Paraprofessional,Learning Ctr./SPED,2,paraprofessional,6,para-title
Gr. 7 Para,Paraprofessionals,2,paraprofessional,7,para-title
Gr. 8 Para,Paraprofessionals,2,paraprofessional,8,para-title
Grade 6,Guidance: Middle School,2,counselor,6,heading-guidance
Grade 6,Paraprofessionals,2,paraprofessional,6,heading-paras
Grade 8 Tutor,LEARNING CENTER,2,paraprofessional,8,tutor-title
Guidance,Health,2,counselor,,counselor
Guidance Sec.,Guidance,2,counselor,,counselor
HS Secretary,Administration:,2,secretary,,clerical
IT Dept.,Social Studies,2,teacher,,heading-department
Interventionist,MITSS,2,specialist,,interventionist
K5 - Teacher,Kindergarten,2,teacher,K,teacher-title
LHS Assistant Principal,Administration:,2,administrator,,principal
Lunenburg High School Café Manager,Cafeteria Services,2,cafeteria,,heading-cafeteria
Lunenburg Middle-High School Café Manager,Cafeteria Services,2,cafeteria,,heading-cafeteria
Maintenance,Office of Facilities & Grounds,2,custodian,,custodial
Manager,Cafeteria,2,cafeteria,,heading-cafeteria
Math Specialist,Other Staff,2,specialist,,interventionist
Member,Lunenburg School Committee:,2,unknown,,no-rule-matched
Music,Specials,2,unknown,,no-rule-matched
Nurse,Central Office,2,nurse,,nurse
OT,Special Ed. Middle School:,2,therapist,,ot-pt
OT,Specialists,2,therapist,,ot-pt
Occup. Therap.,Specialists,2,specialist,,heading-specialists
PE,Unified Arts: High School,2,teacher,,heading-department
PT,Special Ed. Middle School:,2,therapist,,ot-pt
Para,econd Grade Teacher,2,paraprofessional,,para-title
Principal,Administration,2,administrator,,principal
Principal,Administration/Office,2,administrator,,principal
Psychologist,Central Office,2,psychologist,,psychologist
Psychologist,Guidance: Middle School,2,psychologist,,psychologist
SEL,Special Areas,2,teacher,,heading-department
"STEM, 109",Special Areas,2,teacher,,heading-department
School Nurse,,2,nurse,,nurse
School Psych,,2,psychologist,,psychologist
School Psych.,Specialists,2,psychologist,,psychologist
School Technology Coordinator,Technology/Network Service,2,administrator,,director
Secretary (part-time),Special Services,2,secretary,,clerical
Sped Para,,2,paraprofessional,,para-title
Speech,,2,speech_therapist,,speech
Speech,Guidance,2,speech_therapist,,speech
Speech,Guidance: Middle School,2,speech_therapist,,speech
Speech,Learning Center/Special Education,2,speech_therapist,,speech
Speech,Specialists:,2,speech_therapist,,speech
"Speech, 215",Learning Center/Special Education,2,speech_therapist,,speech
Speech/Lang.,,2,speech_therapist,,speech
Speech/Language,Learning Center/Special Education,2,speech_therapist,,speech
Speech/Language,SPECIAL EDUCATION,2,speech_therapist,,speech
TLC Teacher,Achieve,2,teacher,,teacher-title
Teacher,,2,teacher,,teacher-title
Teacher,2B,2,teacher,2,teacher-title
Teacher,2C,2,teacher,2,teacher-title
Teacher,2D,2,teacher,2,teacher-title
Teacher,2E,2,teacher,2,teacher-title
Teacher,2F,2,teacher,,teacher-title
Teacher,K6,2,teacher,K,teacher-title
Teacher,PRESCHOOL,2,teacher,PK,teacher-title
Teacher,Pre-School:,2,teacher,PK,teacher-title
Teacher,Preschool,2,teacher,PK,teacher-title
Teacher,TLC,2,teacher,,teacher-title
Teacher/110,TLC,2,teacher,,teacher-title
Teachers,School Council,2,unknown,,no-rule-matched
Teaching Assist.,PRESCHOOL,2,paraprofessional,PK,aide-title
Teaching Asst.,KINDERGARTEN,2,paraprofessional,K,aide-title
Tech,Specials,2,unknown,,no-rule-matched
Technician (part-time),Technology/Network Services,2,technology,,heading-technology
Title 1 Coordinator/ Literacy Specialist,Other Staff,2,administrator,,director
Turkey Hill Elementary School Café Manager,Cafeteria Services,2,cafeteria,,heading-cafeteria
Tutor,MITSS,2,paraprofessional,,tutor-title
Tutors,,2,paraprofessional,,tutor-title
Tutors,GRADE 2,2,paraprofessional,2,tutor-title
Wilson Reading,Learning Center/Special Education,2,specialist,,heading-special-services
café,Cafeteria,2,cafeteria,,heading-cafeteria
,Achieve: High School,1,specialist,,heading-special-services
,Art/Library:,1,teacher,,heading-department
,Athletic Trainer,1,unknown,,no-rule-matched
,CFCE Grant Program,1,unknown,,no-rule-matched
,Grade level Paraprofessionals,1,paraprofessional,,heading-paras
,ILC (formally Transitions):,1,unknown,,no-rule-matched
,MTSS,1,unknown,,no-rule-matched
,Music:,1,teacher,,heading-department
,Paras,1,paraprofessional,,heading-paras
,Physical Education/Health:,1,teacher,,heading-department
,Physical Reduction/Health,1,teacher,,heading-department
,SEL,1,unknown,,no-rule-matched
,Unified Arts: High School,1,teacher,,heading-department
,Unified Arts:High School,1,teacher,,heading-department
'ecretary,,1,unknown,,no-rule-matched
(10-12) A-L,Guidance: High School,1,counselor,,heading-guidance
(10-12) DH,Guidance: High School,1,administrator,,director
(6-8) Dean,Guidance: Middle School,1,counselor,,heading-guidance
(Art),Specials,1,unknown,,no-rule-matched
(BCBA),Guidance,1,specialist,,interventionist
(Behaviorist),,1,unknown,,no-rule-matched
(Interventionist),Social Workers & Interventionist:,1,specialist,,interventionist
(LHS Social Worker),Social Workers & Interventionist:,1,social_worker,,social-worker
(LMS Social Worker),,1,social_worker,,social-worker
(LMS Social Worker),Social Workers & Interventionist:,1,social_worker,,social-worker
(Middle & High LPN),Health Office:,1,teacher,,heading-department
(Music),Specials,1,unknown,,no-rule-matched
(Music) DH,Unified Arts: High School,1,administrator,,director
(Music) DH,Unified Arts:High School,1,administrator,,director
(OT),Special Ed. Middle School:,1,therapist,,ot-pt
(PT),Special Ed. Middle School:,1,therapist,,ot-pt
(Psychologist,Guidance,1,psychologist,,psychologist
(Psychologist),,1,psychologist,,psychologist
(Psychologist),Guidance:High School,1,psychologist,,psychologist
(School Adjustment Counselor) Grade 6,Guidance: Middle School,1,counselor,6,counselor
(Speech),,1,speech_therapist,,speech
(Speech),Guidance,1,speech_therapist,,speech
(Speech),Guidance:High School,1,speech_therapist,,speech
(TLC) Theraputic Learning Center,Special Ed. High School:,1,unknown,,no-rule-matched
(Tech),Specials,1,unknown,,no-rule-matched
(Therapy Dog),Library:,1,unknown,,no-rule-matched
*,Foreign Language,1,teacher,,heading-department
*,Guidance,1,counselor,,heading-guidance
*,Language Arts,1,teacher,,heading-department
*,Math,1,teacher,,heading-department
*,Science,1,teacher,,heading-department
*,Social Studies,1,teacher,,heading-department
*,Special Services,1,specialist,,heading-special-services
*,Unified Arts,1,teacher,,heading-department
10,,1,unknown,,no-rule-matched
101,FOREIGN LANGUAGE,1,teacher,,heading-department
101 Math/Social Studies,EIGHTH GRADE,1,teacher,8,heading-department
101/Blue,Grade 5,1,teacher,5,heading-department
101/Red,Grade 5,1,teacher,5,heading-department
102,FOREIGN LANGUAGE,1,teacher,,heading-department
102 ELA/Social Studies,EIGHTH GRADE,1,teacher,8,heading-department
103 Math/7th Grade Geography,EIGHTH GRADE,1,teacher,8,heading-department
104 Math/Social Studies,SEVENTH GRADE,1,teacher,7,heading-department
104/White,Grade 5,1,teacher,5,heading-department
105 Science/Math,EIGHTH GRADE,1,teacher,8,heading-department
105/Blue,Grade 5,1,teacher,5,heading-department
105/White,Grade 5,1,teacher,5,heading-department
106 ELA/Social Studies (WHITE),SEVENTH GRADE,1,teacher,7,heading-department
107,FOREIGN LANGUAGE,1,teacher,,heading-department
107 ELA/Social Studies,EIGHTH GRADE,1,teacher,8,heading-department
107/White,,1,unknown,,no-rule-matched
108 Library/Media Center,SPECIAL AREAS,1,librarian,,library
109 Science/Social Studies,EIGHTH GRADE,1,teacher,8,heading-department
111 Science/Social Studies,SEVENTH GRADE,1,teacher,7,heading-department
113 Grade 7 Teacher,LEARNING CENTER,1,teacher,7,teacher-title
119 Technology Education,SPECIAL AREAS,1,technology,,technology
15,,1,unknown,,no-rule-matched
1:1 Aide,,1,paraprofessional,,aide-title
1:1 Tutor,,1,paraprofessional,,tutor-title
1:2 Para Grade 4,Paraprofessionals_,1,paraprofessional,4,para-title
1A,First Grade:,1,teacher,1,heading-department
1B,First Grade:,1,teacher,1,heading-department
1C,,1,unknown,1,no-rule-matched
1C,First Grade:,1,teacher,1,heading-department
1D,First Grade:,1,teacher,1,heading-department
1E,First Grade,1,teacher,1,heading-department
1E,First Grade:,1,teacher,1,heading-department
1st Grade,Paras,1,paraprofessional,,heading-paras
1st grade,Paras,1,paraprofessional,,heading-paras
20,GRADE 2,1,teacher,2,heading-department
201 Math/Social Studies,SIXTH GRADE,1,teacher,6,heading-department
201/Blue,Grade 4,1,teacher,4,heading-department
201/White,Grade 4,1,teacher,4,heading-department
202 Science/Social Studies,SIXTH GRADE,1,teacher,6,heading-department
203 Grade 8 Teacher,LEARNING CENTER,1,teacher,8,teacher-title
203/White,Grade 4,1,teacher,4,heading-department
204 ELA/Social Studies (WHITE),SIXTH GRADE,1,teacher,6,heading-department
204/Blue,Grade 4,1,teacher,4,heading-department
205,FOREIGN LANGUAGE,1,teacher,,heading-department
209 Science/Social Studies (RED),SIXTH GRADE,1,teacher,6,heading-department
210,FOREIGN LANGUAGE,1,teacher,,heading-department
211 ELA/Social Studies,SIXTH GRADE,1,teacher,6,heading-department
212 Math/Social Studies,SIXTH GRADE,1,teacher,6,heading-department
213 Social Studies/Science (RED),SEVENTH GRADE,1,teacher,7,heading-department
215,Grade 3,1,teacher,3,heading-department
215 Math/Science,SEVENTH GRADE,1,teacher,7,heading-department
216 ELA/Science,SEVENTH GRADE,1,teacher,7,heading-department
2A,GRADE 2,1,teacher,2,heading-department
2A,Second Grade:,1,teacher,2,heading-department
2A,secona Grade,1,teacher,2,heading-department
2B,GRADE 2,1,teacher,2,heading-department
2B,Second Grade:,1,teacher,2,heading-department
2B,secona Grade,1,teacher,2,heading-department
2B - Teacher,econd Grade Teacher,1,teacher,,teacher-title
2C,,1,unknown,2,no-rule-matched
2C,Second Grade:,1,teacher,2,heading-department
2C,secona Grade,1,teacher,2,heading-department
2C - Teacher,econd Grade Teacher,1,teacher,,teacher-title
2D,,1,unknown,2,no-rule-matched
2D,GRADE 2,1,teacher,2,heading-department
2D,Second Grade:,1,teacher,2,heading-department
2D,secona Grade,1,teacher,2,heading-department
2D - Teacher,econd Grade Teacher,1,teacher,,teacher-title
2E,Second Grade Teachers,1,teacher,2,heading-department
2F,,1,unknown,,no-rule-matched
2F,GRADE 2,1,teacher,2,heading-department
2F,Second Grade:,1,teacher,2,heading-department
2F,secona Grade,1,teacher,,heading-department
2nd Grade,Paraprofessionals,1,paraprofessional,,heading-paras
3A,,1,unknown,3,no-rule-matched
3A,Third Grade:,1,teacher,3,heading-department
3B,,1,unknown,3,no-rule-matched
3B,Third Grade:,1,teacher,3,heading-department
3C,,1,unknown,3,no-rule-matched
3C,Third Grade:,1,teacher,3,heading-department
3D,,1,unknown,3,no-rule-matched
3D,Third Grade:,1,teacher,3,heading-department
3E,,1,unknown,3,no-rule-matched
3E,Third Grade:,1,teacher,3,heading-department
4A,,1,unknown,4,no-rule-matched
4B,,1,unknown,4,no-rule-matched
4C,,1,unknown,4,no-rule-matched
4D,,1,unknown,4,no-rule-matched
4E,,1,unknown,4,no-rule-matched
5A,,1,unknown,5,no-rule-matched
5A - Blue,Grade 5,1,teacher,5,heading-department
5B,,1,unknown,5,no-rule-matched
5B - Blue,Grade 5,1,teacher,5,heading-department
5C - Blue,Grade 5,1,teacher,5,heading-department
5C.,,1,unknown,,no-rule-matched
5D,,1,unknown,5,no-rule-matched
5D - White,Grade 5,1,teacher,5,heading-department
5E,,1,unknown,5,no-rule-matched
5E - White,Grade 5,1,teacher,5,heading-department
6th                   DH,Special Ed. Middle School:,1,administrator,,director
8-9,Guidance: High School,1,counselor,,heading-guidance
8-9,Guidance: Middle School,1,counselor,,heading-guidance
A,First Grade Teachers,1,teacher,1,heading-department
A,Grade 4,1,teacher,4,heading-department
A - Teache,econd Grade Teacher,1,teacher,,heading-department
ACH Teacher,,1,teacher,,teacher-title
ACH Teacher,Achieve/TLC,1,teacher,,teacher-title
ACH Teacher,Pre-School,1,teacher,PK,teacher-title
AD,Athletic Director,1,unknown,,no-rule-matched
Access,Paraprofessionals_,1,paraprofessional,,heading-paras
"Access Para, 112",Paraprofessionals,1,paraprofessional,,para-title
Accounting/Data Reporting Services Mgr.,School Personnel/Business Services,1,teacher,,heading-department
Accounts Payable Clerk,School Personnel/Business Services,1,secretary,,clerical
Acheive Teacher,Pre-School,1,teacher,PK,teacher-title
Achieve I Teacher,SPECIAL EDUCATION,1,teacher,,teacher-title
Achieve Teacher,Achieve Programs,1,teacher,,teacher-title
Achieve Teacher,Pre-School,1,teacher,PK,teacher-title
Achieve Teacher,SPECIAL SERVICES,1,teacher,,teacher-title
Adjustment Counselor,Admin/Office/Nurse,1,counselor,,counselor
Adjustment Counselor 9-12,Guidance:High School,1,counselor,,counselor
Adm. Assist.,PRESCHOOL,1,teacher,PK,heading-department
Adm. Secretary,Admin/Office/Nurse,1,secretary,,clerical
Adm. Secretary,Administration/Nurse,1,secretary,,clerical
Adm. Secretary,Administration/Office,1,secretary,,clerical
Adm. Secretary 6-12,Administration/Office/Nurse,1,secretary,,clerical
Admin. Asst.,,1,unknown,,no-rule-matched
Admin. Secretary,Administration/Office/Nurse,1,secretary,,clerical
Admin. Secretary,OFFICE,1,secretary,,clerical
Admin. Secty.,,1,unknown,,no-rule-matched
Admin. Secty.,Central Office,1,administrator,,heading-admin
Admin. Secty.,Central Office:,1,administrator,,heading-admin
Administrative Secretary,,1,secretary,,clerical
Administrative Secretary,Office of the Superintendent of Schools,1,secretary,,clerical
Administrative Secretary,Special Education Services,1,secretary,,clerical
Aide,,1,paraprofessional,,aide-title
Aide,Pre- School,1,paraprofessional,,aide-title
All 6th & A-K 8th,Guidance: Middle School,1,counselor,K,heading-guidance
All 7th & L-Z 8th,Guidance: Middle School,1,counselor,,heading-guidance
Art,,1,unknown,,no-rule-matched
Art,SPECIAL AREAS,1,teacher,,heading-department
Art,Unified Arts,1,teacher,,heading-department
Art MS,Specialists: Middle School,1,specialist,,heading-specialists
Assistant Principal,Admin/Office/Nurse,1,administrator,,principal
Assistant Principal,Leadership,1,administrator,,principal
Assistant Principal,Primary School Parent/Teacher Advisory Council,1,administrator,,principal
Assistant Principal:,,1,administrator,,principal
Asst. Principal,Administration/Nurse,1,administrator,,principal
Asst. Principal,Central Office:,1,administrator,,principal
Asst. Principal 6-12,Administration/Office/Nurse,1,administrator,,principal
Athletic Director,Unified Arts,1,administrator,,director
Athletic Sec.,Unified Arts,1,teacher,,heading-department
Athletic/Secretary,,1,secretary,,clerical
Augment. Spec.,Specialists,1,specialist,,heading-specialists
Augment. Spec.,Specialists:,1,specialist,,heading-specialists
B,First Grade Teachers,1,teacher,1,heading-department
B,Grade 4,1,teacher,4,heading-department
BCB,Specialists,1,specialist,,heading-specialists
BCBA,Learning Center/Sp Ed,1,specialist,,interventionist
"BCBA, 109",,1,specialist,,interventionist
"BCBA, 111",Learning Center/Special Education,1,specialist,,interventionist
Behavior Specialis,SPECIAL EDUCATION,1,specialist,,heading-special-services
Behaviorist,Guidance: Middle School,1,counselor,,heading-guidance
Business Manager,Leadership,1,administrator,,business-office
COTA,,1,therapist,,ot-pt
COTA,SPECIAL EDUCATION,1,therapist,,ot-pt
COTA,Specialists:,1,therapist,,ot-pt
Cafe.,Cafeteria,1,cafeteria,,heading-cafeteria
Cafeteria Manager,,1,cafeteria,,food-service
Cafeteria Mgr.,Cafeteria:,1,cafeteria,,food-service
Café Monitor,Cafeteria,1,cafeteria,,heading-cafeteria
Chairperson,Lunenburg School Committee:,1,unknown,,no-rule-matched
Clerk,,1,secretary,,clerical
Clerk,Administration/Office/Nurse,1,secretary,,clerical
Clerk,Student Services Office,1,secretary,,clerical
Clerk (part-time),Special Education Services,1,secretary,,clerical
Community Member,Members of the Council for the 2011 - 2012 school year were:,1,unknown,,no-rule-matched
Community Representative,Primary School Parent/Teacher Advisory Council,1,unknown,,no-rule-matched
Community Representative:,School Council,1,unknown,,no-rule-matched
Counselor,,1,counselor,,counselor
Counselor,Central Office,1,counselor,,counselor
Counselor / ICS,,1,counselor,,counselor
Counselor / LCSW,,1,social_worker,,social-worker
Counselor / LICSW,Central Office,1,social_worker,,social-worker
Counselor / LSW,,1,counselor,,counselor
Counselor 9-12 (H-N),Guidance:High School,1,counselor,,counselor
Counselor DH 9-12 (A-G),Guidance:High School,1,administrator,,director
Custodian,,1,custodian,,custodial
D,Grade 4,1,teacher,4,heading-department
DH,English:,1,administrator,,director
DH,Foreign Language:,1,administrator,,director
DH,Gth Grade:,1,administrator,,director
DH,High School English:,1,administrator,,director
DH,High School History:,1,administrator,,director
DH,High School Math:,1,administrator,,director
DH,High School Science:,1,administrator,,director
DH,High School World Language:,1,administrator,,director
DH,History:,1,administrator,,director
DH,Math:,1,administrator,,director
DH,Science:,1,administrator,,director
Dean of Students,Administration/Office/Nurse,1,nurse,,heading-nurse
Dean of Students,OFFICE,1,unknown,,no-rule-matched
Dean of Students(.4),Administration/Office/Nurse,1,nurse,,heading-nurse
Department Liaison,Foreign Language,1,teacher,,heading-department
Department Liaison,Guidance,1,counselor,,heading-guidance
Department Liaison,Language Arts,1,teacher,,heading-department
Department Liaison,Math,1,teacher,,heading-department
Department Liaison,Unified Arts,1,teacher,,heading-department
Dept. Liaison,,1,administrator,,director
Dept. Liason,Guidance,1,counselor,,heading-guidance
Dir. Teaching/Learning,Administration:,1,administrator,,heading-admin
Director,Ext Day/ELC,1,administrator,,director
Director,Office of Facilities & Grounds,1,administrator,,director
Director,School Business/Human Resources,1,administrator,,director
Director (shared with the Town),Technology/Network Services,1,administrator,,director
Director of Academic Programs,Leadership,1,administrator,,director
Director of Facilities,Facilities & Custodians,1,administrator,,director
Director of Instruction,,1,administrator,,director
Director of Vocational Programs,Leadership,1,administrator,,director
District Health &Safety,Health Office:,1,teacher,,heading-department
District-wide,Utility/Custodial,1,custodian,,heading-custodial
District-wide Utility/Custodial,Office of Facilities & Grounds,1,custodian,,custodial
E,Grade 4,1,teacher,4,heading-department
E - Teache,econd Grade Teacher,1,teacher,,heading-department
ELL,Specialists,1,specialist,,heading-specialists
ELL Specialist,SPECIAL EDUCATION,1,specialist,,interventionist
ELL Teacher,ENGLISH LANGUAGE LEARNERS (ELL),1,teacher,,teacher-title
Extended Day & Early Learning Center,Extended Day/School Linked Services,1,unknown,,no-rule-matched
Gr. 3 Para,Paraprofessionals_,1,paraprofessional,3,para-title
Gr. 3 Para One-One,Paraprofessionals,1,paraprofessional,3,para-title
Gr. 3 Teacher,Learning Center/Sp Ed,1,teacher,3,teacher-title
"Gr. 3 Teacher, 214",,1,teacher,3,teacher-title
Gr. 3/4 Para,Paraprofessionals_,1,paraprofessional,3,para-title
Gr. 4 Paraprofessional,Learning Ctr./SPED,1,paraprofessional,4,para-title
Gr. 4 Teacher,Learning Center/Sp Ed,1,teacher,4,teacher-title
Gr. 4 Teacher,Learning Ctr./SPED,1,teacher,4,teacher-title
"Gr. 4 Teacher, 206",,1,teacher,4,teacher-title
Gr. 4 Teacher/MTSS,Learning Center/Special Education,1,teacher,4,teacher-title
Gr. 4 Tutor,Learning Center/Special Education,1,paraprofessional,4,tutor-title
Gr. 4/5 Para,Paraprofessionals,1,paraprofessional,4,para-title
Gr. 4/5 Tutor,Learning Center/Special Education,1,paraprofessional,4,tutor-title
Gr. 5 Para,Paraprofessionals_,1,paraprofessional,5,para-title
Gr. 5 Paraprofessional,Learning Ctr./SPED,1,paraprofessional,5,para-title
Gr. 5 Teacher,Learning Center/Sp Ed,1,teacher,5,teacher-title
Gr. 5 Teacher,Learning Ctr./SPED,1,teacher,5,teacher-title
"Gr. 5 Teacher, 106",,1,teacher,5,teacher-title
Gr. 5 Tutor,Learning Center/Special Education,1,paraprofessional,5,tutor-title
Gr. 6 Teacher,Learning Center/ Spec. Ed.,1,teacher,6,teacher-title
Gr. 6 Teacher,Learning Ctr./SPED,1,teacher,6,teacher-title
Gr. 6 Tutor,Learning Center/Special Education,1,paraprofessional,6,tutor-title
Gr. 6-12,Media Center,1,unknown,6,no-rule-matched
Gr. 7 Paraprofessional,Learning Ctr./SPED,1,paraprofessional,7,para-title
Gr. 7 Teacher,Learning Center/ Spec. Ed.,1,teacher,7,teacher-title
Gr. 7 Teacher,Learning Ctr./SPED,1,teacher,7,teacher-title
Gr. 8 Teacher,Learning Center/ Spec. Ed.,1,teacher,8,teacher-title
Gr: 5 Para,Paraprofessionals_,1,paraprofessional,,para-title
Grade 1,,1,unknown,1,no-rule-matched
Grade 1,Special Education,1,specialist,1,heading-special-services
Grade 2,,1,unknown,2,no-rule-matched
Grade 2,Special Education,1,specialist,2,heading-special-services
Grade 6 1:1,Paraprofessionals,1,paraprofessional,6,heading-paras
Grade 7 Tutor,LEARNING CENTER,1,paraprofessional,7,tutor-title
Grade 8,Guidance,1,counselor,8,heading-guidance
Grade- 6 & 7-Red,,1,unknown,,no-rule-matched
Greenhouse Asst.,,1,unknown,,no-rule-matched
Greenhouse Manager,,1,unknown,,no-rule-matched
Guid. Counselor,,1,counselor,,counselor
Guid. Sec. & LMHS Registrar,Guidance:High School,1,counselor,,heading-guidance
Guid./Psych.,Central Office,1,administrator,,heading-admin
Guidance,Central Office,1,counselor,,counselor
Guidance,Central Office:,1,counselor,,counselor
Guidance,PRESCHOOL,1,counselor,PK,counselor
Guidance Counselor,,1,counselor,,counselor
Guidance Secretary,Administration/Office,1,counselor,,counselor
Guidance Secretary,Guidance: High School,1,counselor,,counselor
"Guidance, 216",Health,1,counselor,,counselor
Guidance/126,,1,counselor,,counselor
Guidance/126,Health & Behavioral Health,1,counselor,,counselor
HS Nurse,Health Office:,1,nurse,,nurse
HS Principal,Administration:,1,administrator,,principal
Head,Custodians,1,custodian,,heading-custodial
Head Custodian,,1,custodian,,custodial
High School,Health Office:,1,teacher,,heading-department
IA,First Grade Teachers,1,teacher,1,heading-department
IC,First Grade Teachers,1,teacher,1,heading-department
ID,,1,unknown,,no-rule-matched
IE,First Grade Teachers,1,teacher,1,heading-department
IF,,1,unknown,,no-rule-matched
IT Director,Technology/Network Service,1,administrator,,director
Instructional Services Director,Office of the Superintendent of Schools,1,administrator,,director
Interim Assistant Principal,Administration:,1,administrator,,principal
Interim Principal,,1,administrator,,principal
Interventionist/2 04,MTSS,1,specialist,,interventionist
Interventionist/20,MTSS,1,specialist,,interventionist
Interventionist/Room 104,MTSS,1,specialist,,interventionist
Ist Grade,Paraprofessionals,1,paraprofessional,,heading-paras
K-1,KINDERGARTEN,1,teacher,K,heading-department
K-2,KINDERGARTEN,1,teacher,K,heading-department
K1,,1,unknown,K,no-rule-matched
K1 - Teacher,Kindergarten:,1,teacher,K,teacher-title
K2,,1,unknown,K,no-rule-matched
K2,Kindergarten,1,teacher,K,heading-department
K2 - Teacher,Kindergarten:,1,teacher,K,teacher-title
K3,,1,unknown,K,no-rule-matched
K3,Kindergarten,1,teacher,K,heading-department
K3 - Teacher,Kindergarten:,1,teacher,K,teacher-title
K4,,1,unknown,K,no-rule-matched
K4,Kindergarten,1,teacher,K,heading-department
K4 - Teacher,Kindergarten:,1,teacher,K,teacher-title
K5,Kindergarten,1,teacher,K,heading-department
K5-Teacher,Kindergarten:,1,teacher,K,teacher-title
K6,,1,unknown,K,no-rule-matched
K6,Kindergarten,1,teacher,K,heading-department
K6 - Teacher,Kindergarten,1,teacher,K,teacher-title
KI,Kindergarten,1,teacher,K,heading-department
Kindergarten,,1,unknown,K,no-rule-matched
Kindergarten,Paraprofessionals,1,paraprofessional,K,heading-paras
Kindergarten,Special Education,1,specialist,K,heading-special-services
LHS Café Manager,Cafeteria Services,1,cafeteria,,heading-cafeteria
LICSW,Central Office,1,social_worker,,social-worker
LMHS Office Clerk,Administration:,1,secretary,,clerical
LMS Social Worker,Guidance: Middle School,1,social_worker,,social-worker
LPN,Health Office:,1,teacher,,heading-department
LPS Café Manager,Cafeteria Services,1,cafeteria,,heading-cafeteria
Lead,Custodians,1,custodian,,heading-custodial
Lead Custodian,Custodial,1,custodian,,custodial
Lead Custodian,Custodial Staff:,1,custodian,,custodial
Lead Custodian,Custodians,1,custodian,,custodial
Library,Specialists: Middle School,1,librarian,,library
Library/Technology,Special Areas,1,librarian,,library
Literacy Specialist/Title 1,Admin/Office/Nurse,1,specialist,,interventionist
Long Term Sub TBD Middle School,Health Office:,1,teacher,,heading-department
Lunenburg High Café Manager,Cafeteria Services,1,cafeteria,,heading-cafeteria
"MS Nurse, Long Term Sub",Health Office:,1,nurse,,nurse
MS Principal,Administration:,1,administrator,,principal
Media Specialist,Media Specialist,1,librarian,,library
Media/Library Specialist,Library:,1,librarian,,library
Middle School,Health Office:,1,teacher,,heading-department
Music,,1,unknown,,no-rule-matched
Music,SPECIAL AREAS,1,teacher,,heading-department
Music,Unified Arts,1,teacher,,heading-department
Music MS,Specialists: Middle School,1,specialist,,heading-specialists
Nurse,Admin/Office/Nurse,1,nurse,,nurse
Nurse,Administration/Nurse,1,nurse,,nurse
Nurse,Administration/Office,1,nurse,,nurse
Nurse,Health & Behavioral Health,1,nurse,,nurse
Nurse,Nurse/Health & Behavioral Health,1,nurse,,nurse
Nurse,OFFICE,1,nurse,,nurse
Nurse,PRESCHOOL,1,nurse,PK,nurse
Nurse (Achieve),Administration/Office/Nurse,1,nurse,,nurse
Occ. Ther.,Learning Center/Special Education,1,specialist,,heading-special-services
Occup Therap,Specialists,1,specialist,,heading-specialists
Occup Therap.,,1,unknown,,no-rule-matched
Occup. Therap.,SPECIAL EDUCATION,1,specialist,,heading-special-services
Occup. Therap.,Specialists:,1,specialist,,heading-specialists
Occup. Therapist,Specialists,1,specialist,,heading-specialists
Occup.Therapy,Specialists,1,specialist,,heading-specialists
Occupational Therapist,Learning Center/Sp Ed,1,therapist,,ot-pt
"Occupational Therapist, 109",,1,therapist,,ot-pt
"Occupational Therapist, 112",,1,therapist,,ot-pt
Ortice,,1,unknown,,no-rule-matched
PE,,1,unknown,,no-rule-matched
PE,Unified Arts,1,teacher,,heading-department
"PE, GYM",Special Areas,1,teacher,,heading-department
"PE, Gym",Special Areas,1,teacher,,heading-department
"PE, Gym/Health",SPECIAL AREAS,1,teacher,,heading-department
"PE, gym Health, 216",Special Areas,1,teacher,,heading-department
"PE, mGym/Health",SPECIAL AREAS,1,teacher,,heading-department
PE/Health,SPECIAL AREAS,1,teacher,,heading-department
PT,Learning Center/Special Education,1,therapist,,ot-pt
Par,Achieve,1,specialist,,heading-special-services
Para,Kindergarten Teachers,1,paraprofessional,K,para-title
Para Grade 3,Paraprofessionals_,1,paraprofessional,3,para-title
Paraprofessional,Learning Ctr./SPED,1,paraprofessional,,para-title
Paraprofessional,Second Grade Teachers,1,paraprofessional,2,para-title
Parapropfessional,Kindergarten,1,teacher,K,heading-department
Paraprotessional,Kindergarten:,1,paraprofessional,K,para-title
Phys. Ther.,Specialists,1,specialist,,heading-specialists
Phys. Therap,,1,unknown,,no-rule-matched
Phys. Therap.,Specialists,1,specialist,,heading-specialists
Phys. Therap.,Specialists:,1,specialist,,heading-specialists
Phys. Therapist,Specialists,1,specialist,,heading-specialists
Phys.Ther,Specialists,1,specialist,,heading-specialists
Physical Education,Special Areas,1,teacher,,heading-department
Physical Therapy,Specialists,1,therapist,,ot-pt
Pre-School,Paraprofessionals,1,paraprofessional,PK,heading-paras
Primary School Café Manager,Cafeteria Services,1,cafeteria,,heading-cafeteria
Principal,Admin/Office/Nurse,1,administrator,,principal
Principal,Administration/Nurse,1,administrator,,principal
Principal,Central Office:,1,administrator,,principal
Principal,Leadership,1,administrator,,principal
Principal,Members of the Council for the 2011 - 2012 school year were:,1,administrator,,principal
Principal,OFFICE,1,administrator,,principal
Principal,PRESCHOOL,1,administrator,PK,principal
Principal,Primary School Parent/Teacher Advisory Council,1,administrator,,principal
Principal,School Council,1,administrator,,principal
Principal:,,1,administrator,,principal
Principal:,School Council,1,administrator,,principal
Psychologi,,1,psychologist,,psychologist
Psychologist,Guidance: High School,1,psychologist,,psychologist
Psychologist,Health & Behavioral Health,1,psychologist,,psychologist
Psychologist,Nurse/Health & Behavioral Health,1,psychologist,,psychologist
"SEL, 216",Special Areas,1,teacher,,heading-department
SLP,Learning Ctr./SPED,1,speech_therapist,,speech
SLP 6-12,Learning Center/ Spec. Ed.,1,speech_therapist,,speech
SRO,SRO,1,unknown,,no-rule-matched
STEM,,1,unknown,,no-rule-matched
STEM,Unified Arts,1,teacher,,heading-department
STEP,Guidance,1,counselor,,heading-guidance
Sch. Psychologist,SPECIAL EDUCATION,1,psychologist,,psychologist
School Committee Rep,Members of the Council for the 2011 - 2012 school year were:,1,unknown,,no-rule-matched
School Committee Rep,Primary School Parent/Teacher Advisory Council,1,unknown,,no-rule-matched
School Committee Rep:,,1,unknown,,no-rule-matched
School Committee Rep:,School Council,1,unknown,,no-rule-matched
School Linked Services,Extended Day/School Linked Services,1,unknown,,no-rule-matched
School Nurse,Central Office:,1,nurse,,nurse
School Personnel Services Manager,School Personnel/Business Services,1,teacher,,heading-department
School Psych.,Guidance,1,psychologist,,psychologist
School Psych.,Special Services,1,psychologist,,psychologist
School Psych.,Specialists:,1,psychologist,,psychologist
School Psychologist,Special Services,1,psychologist,,psychologist
Secretary,Athletic Secretary,1,secretary,,clerical
Secretary,Central Office,1,secretary,,clerical
Secretary,Lunenburg School Committee:,1,secretary,,clerical
Secretary,Student Services Office,1,secretary,,clerical
Secretary (PT),Special Services,1,therapist,,ot-pt
Secretary (part-time),Special Education Services,1,secretary,,clerical
Secretary (part-time),Superintendent of Schools,1,secretary,,clerical
Senior Custodian,Custodial Staff:,1,custodian,,custodial
Social Worker,Health & Behavioral Health,1,social_worker,,social-worker
Social Worker,Nurse/Health & Behavioral Health,1,social_worker,,social-worker
Sp.Ed Para,,1,paraprofessional,,para-title
Special Ed 1 & 2,Special Education,1,specialist,,heading-special-services
Special Ed K& 1,Special Education,1,specialist,K,heading-special-services
Special Ed Teacher,,1,teacher,,teacher-title
Special Ed Teacher,GRADE 2,1,teacher,2,teacher-title
Special Services Coordinator,Student Services Office,1,administrator,,director
Speec,Specialists,1,specialist,,heading-specialists
Speech,Guidance: High School,1,speech_therapist,,speech
Speech,Learning Center/Sp Ed,1,speech_therapist,,speech
Speech,Special Services,1,speech_therapist,,speech
"Speech, 204",,1,speech_therapist,,speech
"Speech, 213",,1,speech_therapist,,speech
"Speech-Language, 113",LEARNING CENTER,1,speech_therapist,,speech
Speech/Language,Special Services,1,speech_therapist,,speech
Superintendent,Office of the Superintendent of Schools,1,administrator,,superintendent
Superintendent-Director,Leadership,1,administrator,,superintendent
TCP Café Manager,Cafeteria Services,1,cafeteria,,heading-cafeteria
THMS Café Manager,Cafeteria Services,1,cafeteria,,heading-cafeteria
TLC Inclusion,,1,unknown,,no-rule-matched
TLC Teach,Achieve,1,specialist,,heading-special-services
TLC Teacher,,1,teacher,,teacher-title
TLC Teacher,Achieve Programs,1,teacher,,teacher-title
TLC Teacher,Achieve/TLC,1,teacher,,teacher-title
Teacher,2A,1,teacher,2,teacher-title
Teacher,"ACHIEVE PROGRAM, 110",1,teacher,,teacher-title
Teacher,Achieve/TLC,1,teacher,,teacher-title
Teacher,Interventionist,1,teacher,,teacher-title
Teacher,Media Specialist,1,teacher,,teacher-title
Teacher/110,Achieve Programs,1,teacher,,teacher-title
Teacher/110,Achieve/TLC,1,teacher,,teacher-title
Teacher/111,Achieve,1,teacher,,teacher-title
Teacher/111,Achieve Programs,1,teacher,,teacher-title
Teacher/113,Achieve Programs,1,teacher,,teacher-title
Teachers,Members of the Council for the 2011 - 2012 school year were:,1,unknown,,no-rule-matched
Teaching Asst.,PRESCHOOL,1,paraprofessional,PK,aide-title
Tech MS,Specialists: Middle School,1,specialist,,heading-specialists
Tech Support Specialist,Technology/Network Service,1,specialist,,interventionist
Tech. 119,Special Areas,1,teacher,,heading-department
Technology,,1,technology,,technology
Technology,Special Areas,1,technology,,technology
Title One,Learning Center/Special Education,1,specialist,,heading-special-services
Turkey Hill Middle School Cafe Manager,Cafeteria Services,1,cafeteria,,heading-cafeteria
Turkey Hill Middle School Café Manager,Cafeteria Services,1,cafeteria,,heading-cafeteria
Turnkey Hill Middle School Café Manager,Cafeteria Services,1,cafeteria,,heading-cafeteria
Tutor,,1,paraprofessional,,tutor-title
Tutor/204,MTSS,1,paraprofessional,,tutor-title
Tutor/Room Former Lunchroom,MTSS,1,paraprofessional,,tutor-title
Tutor/Room Tech Lab 119,MTSS,1,paraprofessional,,tutor-title
Vember,Lunenburg School Committee,1,unknown,,no-rule-matched
Vice-Chairperson,Lunenburg School Committee:,1,unknown,,no-rule-matched
White,,1,unknown,,no-rule-matched
Wilson Para,Paraprofessionals,1,paraprofessional,,para-title
Wilson Reading,Learning Center/Sp Ed,1,unknown,,no-rule-matched
"Wilson Reading, 204",,1,unknown,,no-rule-matched
"Wilson Reading, 213",,1,unknown,,no-rule-matched
Wilson Tutor,,1,paraprofessional,,tutor-title
Wilson Tutor,Learning Ctr./SPED,1,paraprofessional,,tutor-title
_eache,Achieve,1,specialist,,heading-special-services
b,History:,1,teacher,,heading-department
ecretary,,1,unknown,,no-rule-matched
i - Teach,econd Grade Teacher,1,teacher,,heading-department
nurse,Health Office:,1,nurse,,nurse
para/substitute admin asst.,Paraprofessionals_,1,paraprofessional,,para-title
ra,Achieve,1,specialist,,heading-special-services
|Gr. 3 Para,Paraprofessionals,1,paraprofessional,3,para-title
"ВСвА, 110",,1,unknown,,no-rule-matched
• Pa,Paraprofessionals,1,paraprofessional,,heading-paras
